time=2026-06-04T02:02:11.464+08:00 level=DEBUG msg="opening database" path=D:\MyGitProject\japanese-learning-app\data\app.db
time=2026-06-04T02:02:11.540+08:00 level=DEBUG msg="database opened successfully" path=D:\MyGitProject\japanese-learning-app\data\app.db
time=2026-06-04T02:02:11.611+08:00 level=INFO msg="running migrations"
time=2026-06-04T02:02:11.652+08:00 level=DEBUG msg="applying migration" file=001_init.sql
time=2026-06-04T02:02:11.692+08:00 level=INFO msg="migration applied" file=001_init.sql
time=2026-06-04T02:02:11.769+08:00 level=DEBUG msg="applying migration" file=001b_add_reading_type.sql
time=2026-06-04T02:02:11.803+08:00 level=INFO msg="migration skipped (already applied)" file=001b_add_reading_type.sql
time=2026-06-04T02:02:11.855+08:00 level=DEBUG msg="applying migration" file=002_seed.sql
time=2026-06-04T02:02:11.971+08:00 level=INFO msg="migration applied" file=002_seed.sql
time=2026-06-04T02:02:12.009+08:00 level=DEBUG msg="applying migration" file=003_fix_writing_questions.sql
time=2026-06-04T02:02:12.193+08:00 level=INFO msg="migration applied" file=003_fix_writing_questions.sql
time=2026-06-04T02:02:12.217+08:00 level=DEBUG msg="applying migration" file=004_words_unique_kanji_reading.sql
time=2026-06-04T02:02:12.234+08:00 level=INFO msg="migration applied" file=004_words_unique_kanji_reading.sql
time=2026-06-04T02:02:12.260+08:00 level=DEBUG msg="applying migration" file=005_password_reset_tokens.sql
time=2026-06-04T02:02:12.260+08:00 level=INFO msg="migration applied" file=005_password_reset_tokens.sql
time=2026-06-04T02:02:12.311+08:00 level=DEBUG msg="applying migration" file=006_notes.sql
time=2026-06-04T02:02:12.337+08:00 level=INFO msg="migration applied" file=006_notes.sql
time=2026-06-04T02:02:12.344+08:00 level=DEBUG msg="applying migration" file=007_speaking_lines.sql
time=2026-06-04T02:02:12.363+08:00 level=INFO msg="migration skipped (already applied)" file=007_speaking_lines.sql
time=2026-06-04T02:02:12.382+08:00 level=DEBUG msg="applying migration" file=008_grammar_records_updated_at.sql
time=2026-06-04T02:02:12.400+08:00 level=INFO msg="migration skipped (already applied)" file=008_grammar_records_updated_at.sql
time=2026-06-04T02:02:12.418+08:00 level=DEBUG msg="applying migration" file=009_translation.sql
time=2026-06-04T02:02:12.440+08:00 level=INFO msg="migration applied" file=009_translation.sql
time=2026-06-04T02:02:12.455+08:00 level=DEBUG msg="applying migration" file=009_user_jlpt_levels.sql
time=2026-06-04T02:02:12.487+08:00 level=INFO msg="migration skipped (already applied)" file=009_user_jlpt_levels.sql
time=2026-06-04T02:02:12.489+08:00 level=DEBUG msg="applying migration" file=010_daily_goals.sql
time=2026-06-04T02:02:12.507+08:00 level=INFO msg="migration skipped (already applied)" file=010_daily_goals.sql
time=2026-06-04T02:02:12.528+08:00 level=DEBUG msg="applying migration" file=011_add_words_audio_url.sql
time=2026-06-04T02:02:12.544+08:00 level=INFO msg="migration skipped (already applied)" file=011_add_words_audio_url.sql
time=2026-06-04T02:02:12.562+08:00 level=DEBUG msg="applying migration" file=012_add_updated_at_content.sql
time=2026-06-04T02:02:12.583+08:00 level=INFO msg="migration skipped (already applied)" file=012_add_updated_at_content.sql
time=2026-06-04T02:02:12.598+08:00 level=INFO msg="all migrations completed" count=14
time=2026-06-04T02:02:12.617+08:00 level=WARN msg="AI_API_KEY not set — using StubReviewer (no real AI feedback)"
time=2026-06-04T02:02:12.639+08:00 level=WARN msg="AI_API_KEY not set — using StubReviewer for translation (no real AI feedback)"
time=2026-06-04T02:02:12.655+08:00 level=WARN msg="SMTP_HOST not set — using StubMailer (reset URLs logged only)"
time=2026-06-04T02:02:12.672+08:00 level=DEBUG msg="TranslationService created"
time=2026-06-04T02:02:12.694+08:00 level=INFO msg="server starting" addr=:8081
time=2026-06-04T02:02:40.609+08:00 level=DEBUG msg="WordService.GetReviewQueue called" user_id=11 level=N5
time=2026-06-04T02:02:40.637+08:00 level=DEBUG msg="WordStoreAdapter.ListDueRecords called" user_id=11
time=2026-06-04T02:02:40.684+08:00 level=DEBUG msg="WordStore.ListDueRecords called" user_id=11 limit=200
time=2026-06-04T02:02:40.715+08:00 level=DEBUG msg="WordStore.ListDueRecords done" user_id=11 count=0
time=2026-06-04T02:02:40.757+08:00 level=DEBUG msg="WordStoreAdapter.ListByLevel called" level=N5
time=2026-06-04T02:02:40.812+08:00 level=DEBUG msg="WordStore.ListByLevel called" level=N5 page=1 size=10000
time=2026-06-04T02:02:40.830+08:00 level=DEBUG msg="WordStore.ListByLevel done" level=N5 count=114 total=114
time=2026-06-04T02:02:40.841+08:00 level=DEBUG msg="WordStore.GetRecord called" user_id=11 word_id=2472
time=2026-06-04T02:02:40.867+08:00 level=DEBUG msg="word_record not found" user_id=11 word_id=2472
time=2026-06-04T02:02:40.885+08:00 level=DEBUG msg="WordStore.GetRecord called" user_id=11 word_id=2482
time=2026-06-04T02:02:40.912+08:00 level=DEBUG msg="word_record not found" user_id=11 word_id=2482
time=2026-06-04T02:02:40.935+08:00 level=DEBUG msg="WordStore.GetRecord called" user_id=11 word_id=2641
time=2026-06-04T02:02:40.951+08:00 level=DEBUG msg="word_record not found" user_id=11 word_id=2641
time=2026-06-04T02:02:40.977+08:00 level=DEBUG msg="WordStore.GetRecord called" user_id=11 word_id=2642
time=2026-06-04T02:02:40.995+08:00 level=DEBUG msg="word_record not found" user_id=11 word_id=2642
time=2026-06-04T02:02:41.008+08:00 level=DEBUG msg="WordStore.GetRecord called" user_id=11 word_id=2643
time=2026-06-04T02:02:41.050+08:00 level=DEBUG msg="word_record not found" user_id=11 word_id=2643
time=2026-06-04T02:02:41.052+08:00 level=DEBUG msg="WordStore.GetRecord called" user_id=11 word_id=2644
time=2026-06-04T02:02:41.096+08:00 level=DEBUG msg="word_record not found" user_id=11 word_id=2644
time=2026-06-04T02:02:41.138+08:00 level=DEBUG msg="WordStore.GetRecord called" user_id=11 word_id=2645
time=2026-06-04T02:02:41.150+08:00 level=DEBUG msg="word_record not found" user_id=11 word_id=2645
time=2026-06-04T02:02:41.176+08:00 level=DEBUG msg="WordStore.GetRecord called" user_id=11 word_id=2646
time=2026-06-04T02:02:41.201+08:00 level=DEBUG msg="word_record not found" user_id=11 word_id=2646
time=2026-06-04T02:02:41.212+08:00 level=DEBUG msg="WordStore.GetRecord called" user_id=11 word_id=2647
time=2026-06-04T02:02:41.244+08:00 level=DEBUG msg="word_record not found" user_id=11 word_id=2647
time=2026-06-04T02:02:41.264+08:00 level=DEBUG msg="WordStore.GetRecord called" user_id=11 word_id=2648
time=2026-06-04T02:02:41.282+08:00 level=DEBUG msg="word_record not found" user_id=11 word_id=2648
time=2026-06-04T02:02:41.310+08:00 level=DEBUG msg="WordStore.GetRecord called" user_id=11 word_id=2649
time=2026-06-04T02:02:41.333+08:00 level=DEBUG msg="word_record not found" user_id=11 word_id=2649
time=2026-06-04T02:02:41.349+08:00 level=DEBUG msg="WordStore.GetRecord called" user_id=11 word_id=2650
time=2026-06-04T02:02:41.376+08:00 level=DEBUG msg="word_record not found" user_id=11 word_id=2650
time=2026-06-04T02:02:41.400+08:00 level=DEBUG msg="WordStore.GetRecord called" user_id=11 word_id=2651
time=2026-06-04T02:02:41.416+08:00 level=DEBUG msg="word_record not found" user_id=11 word_id=2651
time=2026-06-04T02:02:41.441+08:00 level=DEBUG msg="WordStore.GetRecord called" user_id=11 word_id=2652
time=2026-06-04T02:02:41.442+08:00 level=DEBUG msg="word_record not found" user_id=11 word_id=2652
time=2026-06-04T02:02:41.480+08:00 level=DEBUG msg="WordStore.GetRecord called" user_id=11 word_id=2653
time=2026-06-04T02:02:41.508+08:00 level=DEBUG msg="word_record not found" user_id=11 word_id=2653
time=2026-06-04T02:02:41.526+08:00 level=DEBUG msg="WordStore.GetRecord called" user_id=11 word_id=2654
time=2026-06-04T02:02:41.553+08:00 level=DEBUG msg="word_record not found" user_id=11 word_id=2654
time=2026-06-04T02:02:41.588+08:00 level=DEBUG msg="WordStore.GetRecord called" user_id=11 word_id=2655
time=2026-06-04T02:02:41.604+08:00 level=DEBUG msg="word_record not found" user_id=11 word_id=2655
time=2026-06-04T02:02:41.630+08:00 level=DEBUG msg="WordStore.GetRecord called" user_id=11 word_id=2656
time=2026-06-04T02:02:41.647+08:00 level=DEBUG msg="word_record not found" user_id=11 word_id=2656
time=2026-06-04T02:02:41.680+08:00 level=DEBUG msg="WordStore.GetRecord called" user_id=11 word_id=2657
time=2026-06-04T02:02:41.703+08:00 level=DEBUG msg="word_record not found" user_id=11 word_id=2657
time=2026-06-04T02:02:41.729+08:00 level=DEBUG msg="WordStore.GetRecord called" user_id=11 word_id=2658
time=2026-06-04T02:02:41.747+08:00 level=DEBUG msg="word_record not found" user_id=11 word_id=2658
time=2026-06-04T02:02:41.773+08:00 level=DEBUG msg="WordStore.GetRecord called" user_id=11 word_id=2659
time=2026-06-04T02:02:41.791+08:00 level=DEBUG msg="word_record not found" user_id=11 word_id=2659
time=2026-06-04T02:02:41.818+08:00 level=DEBUG msg="WordStore.GetRecord called" user_id=11 word_id=2660
time=2026-06-04T02:02:41.819+08:00 level=DEBUG msg="word_record not found" user_id=11 word_id=2660
time=2026-06-04T02:02:41.845+08:00 level=DEBUG msg="WordStore.GetRecord called" user_id=11 word_id=2661
time=2026-06-04T02:02:41.941+08:00 level=DEBUG msg="word_record not found" user_id=11 word_id=2661
time=2026-06-04T02:02:41.956+08:00 level=DEBUG msg="WordStore.GetRecord called" user_id=11 word_id=2662
time=2026-06-04T02:02:41.984+08:00 level=DEBUG msg="word_record not found" user_id=11 word_id=2662
time=2026-06-04T02:02:42.022+08:00 level=DEBUG msg="WordStore.GetRecord called" user_id=11 word_id=2663
time=2026-06-04T02:02:42.034+08:00 level=DEBUG msg="word_record not found" user_id=11 word_id=2663
time=2026-06-04T02:02:42.061+08:00 level=DEBUG msg="WordStore.GetRecord called" user_id=11 word_id=2664
time=2026-06-04T02:02:42.100+08:00 level=DEBUG msg="word_record not found" user_id=11 word_id=2664
time=2026-06-04T02:02:42.127+08:00 level=DEBUG msg="WordStore.GetRecord called" user_id=11 word_id=2665
time=2026-06-04T02:02:42.166+08:00 level=DEBUG msg="word_record not found" user_id=11 word_id=2665
time=2026-06-04T02:02:42.193+08:00 level=DEBUG msg="WordStore.GetRecord called" user_id=11 word_id=2666
time=2026-06-04T02:02:42.228+08:00 level=DEBUG msg="word_record not found" user_id=11 word_id=2666
time=2026-06-04T02:02:42.255+08:00 level=DEBUG msg="WordStore.GetRecord called" user_id=11 word_id=2667
time=2026-06-04T02:02:42.282+08:00 level=DEBUG msg="word_record not found" user_id=11 word_id=2667
time=2026-06-04T02:02:42.283+08:00 level=DEBUG msg="WordStore.GetRecord called" user_id=11 word_id=2668
time=2026-06-04T02:02:42.300+08:00 level=DEBUG msg="word_record not found" user_id=11 word_id=2668
time=2026-06-04T02:02:42.315+08:00 level=DEBUG msg="WordStore.GetRecord called" user_id=11 word_id=2669
time=2026-06-04T02:02:42.345+08:00 level=DEBUG msg="word_record not found" user_id=11 word_id=2669
time=2026-06-04T02:02:42.370+08:00 level=DEBUG msg="WordStore.GetRecord called" user_id=11 word_id=2670
time=2026-06-04T02:02:42.433+08:00 level=DEBUG msg="word_record not found" user_id=11 word_id=2670
time=2026-06-04T02:02:42.466+08:00 level=DEBUG msg="WordStore.GetRecord called" user_id=11 word_id=2671
time=2026-06-04T02:02:42.503+08:00 level=DEBUG msg="word_record not found" user_id=11 word_id=2671
time=2026-06-04T02:02:42.519+08:00 level=DEBUG msg="WordStore.GetRecord called" user_id=11 word_id=2672
time=2026-06-04T02:02:42.558+08:00 level=DEBUG msg="word_record not found" user_id=11 word_id=2672
time=2026-06-04T02:02:42.612+08:00 level=DEBUG msg="WordStore.GetRecord called" user_id=11 word_id=2673
time=2026-06-04T02:02:42.642+08:00 level=DEBUG msg="word_record not found" user_id=11 word_id=2673
time=2026-06-04T02:02:42.645+08:00 level=DEBUG msg="WordStore.GetRecord called" user_id=11 word_id=2674
time=2026-06-04T02:02:42.752+08:00 level=DEBUG msg="word_record not found" user_id=11 word_id=2674
time=2026-06-04T02:02:42.773+08:00 level=DEBUG msg="WordStore.GetRecord called" user_id=11 word_id=2675
time=2026-06-04T02:02:42.840+08:00 level=DEBUG msg="word_record not found" user_id=11 word_id=2675
time=2026-06-04T02:02:42.862+08:00 level=DEBUG msg="WordStore.GetRecord called" user_id=11 word_id=2676
time=2026-06-04T02:02:42.917+08:00 level=DEBUG msg="word_record not found" user_id=11 word_id=2676
time=2026-06-04T02:02:42.929+08:00 level=DEBUG msg="WordStore.GetRecord called" user_id=11 word_id=2677
time=2026-06-04T02:02:42.957+08:00 level=DEBUG msg="word_record not found" user_id=11 word_id=2677
time=2026-06-04T02:02:42.991+08:00 level=DEBUG msg="WordStore.GetRecord called" user_id=11 word_id=2678
time=2026-06-04T02:02:43.007+08:00 level=DEBUG msg="word_record not found" user_id=11 word_id=2678
time=2026-06-04T02:02:43.034+08:00 level=DEBUG msg="WordStore.GetRecord called" user_id=11 word_id=2679
time=2026-06-04T02:02:43.058+08:00 level=DEBUG msg="word_record not found" user_id=11 word_id=2679
time=2026-06-04T02:02:43.072+08:00 level=DEBUG msg="WordStore.GetRecord called" user_id=11 word_id=2680
time=2026-06-04T02:02:43.112+08:00 level=DEBUG msg="word_record not found" user_id=11 word_id=2680
time=2026-06-04T02:02:43.174+08:00 level=DEBUG msg="WordStore.GetRecord called" user_id=11 word_id=2681
time=2026-06-04T02:02:43.205+08:00 level=DEBUG msg="word_record not found" user_id=11 word_id=2681
time=2026-06-04T02:02:43.233+08:00 level=DEBUG msg="WordStore.GetRecord called" user_id=11 word_id=2682
time=2026-06-04T02:02:43.282+08:00 level=DEBUG msg="word_record not found" user_id=11 word_id=2682
time=2026-06-04T02:02:43.294+08:00 level=DEBUG msg="WordStore.GetRecord called" user_id=11 word_id=2683
time=2026-06-04T02:02:43.322+08:00 level=DEBUG msg="word_record not found" user_id=11 word_id=2683
time=2026-06-04T02:02:43.371+08:00 level=DEBUG msg="WordStore.GetRecord called" user_id=11 word_id=2684
time=2026-06-04T02:02:43.383+08:00 level=DEBUG msg="word_record not found" user_id=11 word_id=2684
time=2026-06-04T02:02:43.384+08:00 level=DEBUG msg="WordStore.GetRecord called" user_id=11 word_id=2686
time=2026-06-04T02:02:43.437+08:00 level=DEBUG msg="word_record not found" user_id=11 word_id=2686
time=2026-06-04T02:02:43.476+08:00 level=DEBUG msg="WordStore.GetRecord called" user_id=11 word_id=2687
time=2026-06-04T02:02:43.531+08:00 level=DEBUG msg="word_record not found" user_id=11 word_id=2687
time=2026-06-04T02:02:43.550+08:00 level=DEBUG msg="WordStore.GetRecord called" user_id=11 word_id=2688
time=2026-06-04T02:02:43.586+08:00 level=DEBUG msg="word_record not found" user_id=11 word_id=2688
time=2026-06-04T02:02:43.625+08:00 level=DEBUG msg="WordStore.GetRecord called" user_id=11 word_id=2689
time=2026-06-04T02:02:43.636+08:00 level=DEBUG msg="word_record not found" user_id=11 word_id=2689
time=2026-06-04T02:02:43.664+08:00 level=DEBUG msg="WordStore.GetRecord called" user_id=11 word_id=2690
time=2026-06-04T02:02:43.702+08:00 level=DEBUG msg="word_record not found" user_id=11 word_id=2690
time=2026-06-04T02:02:43.714+08:00 level=DEBUG msg="WordStore.GetRecord called" user_id=11 word_id=2691
time=2026-06-04T02:02:43.742+08:00 level=DEBUG msg="word_record not found" user_id=11 word_id=2691
time=2026-06-04T02:02:43.814+08:00 level=DEBUG msg="WordStore.GetRecord called" user_id=11 word_id=2692
time=2026-06-04T02:02:43.837+08:00 level=DEBUG msg="word_record not found" user_id=11 word_id=2692
time=2026-06-04T02:02:43.863+08:00 level=DEBUG msg="WordStore.GetRecord called" user_id=11 word_id=2693
time=2026-06-04T02:02:43.930+08:00 level=DEBUG msg="word_record not found" user_id=11 word_id=2693
time=2026-06-04T02:02:43.945+08:00 level=DEBUG msg="WordStore.GetRecord called" user_id=11 word_id=2694
time=2026-06-04T02:02:43.986+08:00 level=DEBUG msg="word_record not found" user_id=11 word_id=2694
time=2026-06-04T02:02:43.987+08:00 level=DEBUG msg="WordStore.GetRecord called" user_id=11 word_id=2695
time=2026-06-04T02:02:44.024+08:00 level=DEBUG msg="word_record not found" user_id=11 word_id=2695
time=2026-06-04T02:02:44.063+08:00 level=DEBUG msg="WordStore.GetRecord called" user_id=11 word_id=2696
time=2026-06-04T02:02:44.101+08:00 level=DEBUG msg="word_record not found" user_id=11 word_id=2696
time=2026-06-04T02:02:44.130+08:00 level=DEBUG msg="WordStore.GetRecord called" user_id=11 word_id=2697
time=2026-06-04T02:02:44.167+08:00 level=DEBUG msg="word_record not found" user_id=11 word_id=2697
time=2026-06-04T02:02:44.212+08:00 level=DEBUG msg="WordStore.GetRecord called" user_id=11 word_id=2698
time=2026-06-04T02:02:44.234+08:00 level=DEBUG msg="word_record not found" user_id=11 word_id=2698
time=2026-06-04T02:02:44.261+08:00 level=DEBUG msg="WordStore.GetRecord called" user_id=11 word_id=2699
time=2026-06-04T02:02:44.262+08:00 level=DEBUG msg="word_record not found" user_id=11 word_id=2699
time=2026-06-04T02:02:44.289+08:00 level=DEBUG msg="WordStore.GetRecord called" user_id=11 word_id=2700
time=2026-06-04T02:02:44.316+08:00 level=DEBUG msg="word_record not found" user_id=11 word_id=2700
time=2026-06-04T02:02:44.333+08:00 level=DEBUG msg="WordStore.GetRecord called" user_id=11 word_id=4006
time=2026-06-04T02:02:44.361+08:00 level=DEBUG msg="word_record not found" user_id=11 word_id=4006
time=2026-06-04T02:02:44.398+08:00 level=DEBUG msg="WordStore.GetRecord called" user_id=11 word_id=4012
time=2026-06-04T02:02:44.411+08:00 level=DEBUG msg="word_record not found" user_id=11 word_id=4012
time=2026-06-04T02:02:44.413+08:00 level=DEBUG msg="WordStore.GetRecord called" user_id=11 word_id=4048
time=2026-06-04T02:02:44.482+08:00 level=DEBUG msg="word_record not found" user_id=11 word_id=4048
time=2026-06-04T02:02:44.509+08:00 level=DEBUG msg="WordStore.GetRecord called" user_id=11 word_id=4072
time=2026-06-04T02:02:44.537+08:00 level=DEBUG msg="word_record not found" user_id=11 word_id=4072
time=2026-06-04T02:02:44.563+08:00 level=DEBUG msg="WordStore.GetRecord called" user_id=11 word_id=4081
time=2026-06-04T02:02:44.592+08:00 level=DEBUG msg="word_record not found" user_id=11 word_id=4081
time=2026-06-04T02:02:44.593+08:00 level=DEBUG msg="WordStore.GetRecord called" user_id=11 word_id=4134
time=2026-06-04T02:02:44.676+08:00 level=DEBUG msg="word_record not found" user_id=11 word_id=4134
time=2026-06-04T02:02:44.677+08:00 level=DEBUG msg="WordStore.GetRecord called" user_id=11 word_id=4147
time=2026-06-04T02:02:44.742+08:00 level=DEBUG msg="word_record not found" user_id=11 word_id=4147
time=2026-06-04T02:02:44.774+08:00 level=DEBUG msg="WordStore.GetRecord called" user_id=11 word_id=6511
time=2026-06-04T02:02:44.826+08:00 level=DEBUG msg="word_record not found" user_id=11 word_id=6511
time=2026-06-04T02:02:44.863+08:00 level=DEBUG msg="WordStore.GetRecord called" user_id=11 word_id=6519
time=2026-06-04T02:02:44.864+08:00 level=DEBUG msg="word_record not found" user_id=11 word_id=6519
time=2026-06-04T02:02:44.902+08:00 level=DEBUG msg="WordStore.GetRecord called" user_id=11 word_id=6520
time=2026-06-04T02:02:44.919+08:00 level=DEBUG msg="word_record not found" user_id=11 word_id=6520
time=2026-06-04T02:02:44.946+08:00 level=DEBUG msg="WordStore.GetRecord called" user_id=11 word_id=6525
time=2026-06-04T02:02:44.985+08:00 level=DEBUG msg="word_record not found" user_id=11 word_id=6525
time=2026-06-04T02:02:44.996+08:00 level=DEBUG msg="WordStore.GetRecord called" user_id=11 word_id=6526
time=2026-06-04T02:02:45.024+08:00 level=DEBUG msg="word_record not found" user_id=11 word_id=6526
time=2026-06-04T02:02:45.062+08:00 level=DEBUG msg="WordStore.GetRecord called" user_id=11 word_id=6530
time=2026-06-04T02:02:45.074+08:00 level=DEBUG msg="word_record not found" user_id=11 word_id=6530
time=2026-06-04T02:02:45.101+08:00 level=DEBUG msg="WordStore.GetRecord called" user_id=11 word_id=6531
time=2026-06-04T02:02:45.189+08:00 level=DEBUG msg="word_record not found" user_id=11 word_id=6531
time=2026-06-04T02:02:45.228+08:00 level=DEBUG msg="WordStore.GetRecord called" user_id=11 word_id=6532
time=2026-06-04T02:02:45.228+08:00 level=DEBUG msg="word_record not found" user_id=11 word_id=6532
time=2026-06-04T02:02:45.256+08:00 level=DEBUG msg="WordStore.GetRecord called" user_id=11 word_id=6538
time=2026-06-04T02:02:45.294+08:00 level=DEBUG msg="word_record not found" user_id=11 word_id=6538
time=2026-06-04T02:02:45.306+08:00 level=DEBUG msg="WordStore.GetRecord called" user_id=11 word_id=6539
time=2026-06-04T02:02:45.334+08:00 level=DEBUG msg="word_record not found" user_id=11 word_id=6539
time=2026-06-04T02:02:45.382+08:00 level=DEBUG msg="WordStore.GetRecord called" user_id=11 word_id=6541
time=2026-06-04T02:02:45.394+08:00 level=DEBUG msg="word_record not found" user_id=11 word_id=6541
time=2026-06-04T02:02:45.414+08:00 level=DEBUG msg="WordStore.GetRecord called" user_id=11 word_id=6542
time=2026-06-04T02:02:45.471+08:00 level=DEBUG msg="word_record not found" user_id=11 word_id=6542
time=2026-06-04T02:02:45.482+08:00 level=DEBUG msg="WordStore.GetRecord called" user_id=11 word_id=6553
time=2026-06-04T02:02:45.511+08:00 level=DEBUG msg="word_record not found" user_id=11 word_id=6553
time=2026-06-04T02:02:45.559+08:00 level=DEBUG msg="WordStore.GetRecord called" user_id=11 word_id=6554
time=2026-06-04T02:02:45.572+08:00 level=DEBUG msg="word_record not found" user_id=11 word_id=6554
time=2026-06-04T02:02:45.640+08:00 level=DEBUG msg="WordStore.GetRecord called" user_id=11 word_id=6564
time=2026-06-04T02:02:45.703+08:00 level=DEBUG msg="word_record not found" user_id=11 word_id=6564
time=2026-06-04T02:02:45.704+08:00 level=DEBUG msg="WordStore.GetRecord called" user_id=11 word_id=6579
time=2026-06-04T02:02:45.705+08:00 level=DEBUG msg="word_record not found" user_id=11 word_id=6579
time=2026-06-04T02:02:45.766+08:00 level=DEBUG msg="WordStore.GetRecord called" user_id=11 word_id=6584
time=2026-06-04T02:02:45.814+08:00 level=DEBUG msg="word_record not found" user_id=11 word_id=6584
time=2026-06-04T02:02:45.841+08:00 level=DEBUG msg="WordStore.GetRecord called" user_id=11 word_id=6594
time=2026-06-04T02:02:45.891+08:00 level=DEBUG msg="word_record not found" user_id=11 word_id=6594
time=2026-06-04T02:02:45.902+08:00 level=DEBUG msg="WordStore.GetRecord called" user_id=11 word_id=6597
time=2026-06-04T02:02:45.931+08:00 level=DEBUG msg="word_record not found" user_id=11 word_id=6597
time=2026-06-04T02:02:45.980+08:00 level=DEBUG msg="WordStore.GetRecord called" user_id=11 word_id=6598
time=2026-06-04T02:02:45.992+08:00 level=DEBUG msg="word_record not found" user_id=11 word_id=6598
time=2026-06-04T02:02:46.075+08:00 level=DEBUG msg="WordStore.GetRecord called" user_id=11 word_id=6599
time=2026-06-04T02:02:46.123+08:00 level=DEBUG msg="word_record not found" user_id=11 word_id=6599
time=2026-06-04T02:02:46.124+08:00 level=DEBUG msg="WordStore.GetRecord called" user_id=11 word_id=6602
time=2026-06-04T02:02:46.179+08:00 level=DEBUG msg="word_record not found" user_id=11 word_id=6602
time=2026-06-04T02:02:46.179+08:00 level=DEBUG msg="WordStore.GetRecord called" user_id=11 word_id=6603
time=2026-06-04T02:02:46.180+08:00 level=DEBUG msg="word_record not found" user_id=11 word_id=6603
time=2026-06-04T02:02:46.213+08:00 level=DEBUG msg="WordStore.GetRecord called" user_id=11 word_id=6606
time=2026-06-04T02:02:46.267+08:00 level=DEBUG msg="word_record not found" user_id=11 word_id=6606
time=2026-06-04T02:02:46.279+08:00 level=DEBUG msg="WordStore.GetRecord called" user_id=11 word_id=6613
time=2026-06-04T02:02:46.306+08:00 level=DEBUG msg="word_record not found" user_id=11 word_id=6613
time=2026-06-04T02:02:46.344+08:00 level=DEBUG msg="WordStore.GetRecord called" user_id=11 word_id=6622
time=2026-06-04T02:02:46.357+08:00 level=DEBUG msg="word_record not found" user_id=11 word_id=6622
time=2026-06-04T02:02:46.383+08:00 level=DEBUG msg="WordStore.GetRecord called" user_id=11 word_id=6647
time=2026-06-04T02:02:46.384+08:00 level=DEBUG msg="word_record not found" user_id=11 word_id=6647
time=2026-06-04T02:02:46.429+08:00 level=DEBUG msg="WordStore.GetRecord called" user_id=11 word_id=6667
time=2026-06-04T02:02:46.460+08:00 level=DEBUG msg="word_record not found" user_id=11 word_id=6667
time=2026-06-04T02:02:46.496+08:00 level=DEBUG msg="WordStore.GetRecord called" user_id=11 word_id=6672
time=2026-06-04T02:02:46.527+08:00 level=DEBUG msg="word_record not found" user_id=11 word_id=6672
time=2026-06-04T02:02:46.527+08:00 level=DEBUG msg="WordStore.GetRecord called" user_id=11 word_id=6680
time=2026-06-04T02:02:46.529+08:00 level=DEBUG msg="word_record not found" user_id=11 word_id=6680
time=2026-06-04T02:02:46.612+08:00 level=DEBUG msg="WordStore.GetRecord called" user_id=11 word_id=6682
time=2026-06-04T02:02:46.643+08:00 level=DEBUG msg="word_record not found" user_id=11 word_id=6682
time=2026-06-04T02:02:46.669+08:00 level=DEBUG msg="WordStore.GetRecord called" user_id=11 word_id=6686
time=2026-06-04T02:02:46.688+08:00 level=DEBUG msg="word_record not found" user_id=11 word_id=6686
time=2026-06-04T02:02:46.722+08:00 level=DEBUG msg="WordStore.GetRecord called" user_id=11 word_id=6692
time=2026-06-04T02:02:46.776+08:00 level=DEBUG msg="word_record not found" user_id=11 word_id=6692
time=2026-06-04T02:02:46.787+08:00 level=DEBUG msg="WordStore.GetRecord called" user_id=11 word_id=6694
time=2026-06-04T02:02:46.815+08:00 level=DEBUG msg="word_record not found" user_id=11 word_id=6694
time=2026-06-04T02:02:46.863+08:00 level=DEBUG msg="WordStore.GetRecord called" user_id=11 word_id=6697
time=2026-06-04T02:02:46.875+08:00 level=DEBUG msg="word_record not found" user_id=11 word_id=6697
time=2026-06-04T02:02:46.877+08:00 level=DEBUG msg="WordStore.GetRecord called" user_id=11 word_id=6706
time=2026-06-04T02:02:46.919+08:00 level=DEBUG msg="word_record not found" user_id=11 word_id=6706
time=2026-06-04T02:02:46.921+08:00 level=DEBUG msg="WordStore.GetRecord called" user_id=11 word_id=6721
time=2026-06-04T02:02:46.974+08:00 level=DEBUG msg="word_record not found" user_id=11 word_id=6721
time=2026-06-04T02:02:46.996+08:00 level=DEBUG msg="WordStore.GetRecord called" user_id=11 word_id=6730
time=2026-06-04T02:02:47.052+08:00 level=DEBUG msg="word_record not found" user_id=11 word_id=6730
time=2026-06-04T02:02:47.064+08:00 level=DEBUG msg="WordStore.GetRecord called" user_id=11 word_id=6752
time=2026-06-04T02:02:47.097+08:00 level=DEBUG msg="word_record not found" user_id=11 word_id=6752
time=2026-06-04T02:02:47.158+08:00 level=DEBUG msg="WordStore.GetRecord called" user_id=11 word_id=6764
time=2026-06-04T02:02:47.195+08:00 level=DEBUG msg="word_record not found" user_id=11 word_id=6764
time=2026-06-04T02:02:47.196+08:00 level=DEBUG msg="WordStore.GetRecord called" user_id=11 word_id=6771
time=2026-06-04T02:02:47.224+08:00 level=DEBUG msg="word_record not found" user_id=11 word_id=6771
time=2026-06-04T02:02:47.273+08:00 level=DEBUG msg="WordStore.GetRecord called" user_id=11 word_id=6778
time=2026-06-04T02:02:47.285+08:00 level=DEBUG msg="word_record not found" user_id=11 word_id=6778
time=2026-06-04T02:02:47.312+08:00 level=DEBUG msg="WordStore.GetRecord called" user_id=11 word_id=6791
time=2026-06-04T02:02:47.361+08:00 level=DEBUG msg="word_record not found" user_id=11 word_id=6791
time=2026-06-04T02:02:47.373+08:00 level=DEBUG msg="WordStore.GetRecord called" user_id=11 word_id=6803
time=2026-06-04T02:02:47.401+08:00 level=DEBUG msg="word_record not found" user_id=11 word_id=6803
time=2026-06-04T02:02:47.450+08:00 level=DEBUG msg="WordStore.GetRecord called" user_id=11 word_id=6804
time=2026-06-04T02:02:47.485+08:00 level=DEBUG msg="word_record not found" user_id=11 word_id=6804
time=2026-06-04T02:02:47.495+08:00 level=DEBUG msg="WordStore.GetRecord called" user_id=11 word_id=6825
time=2026-06-04T02:02:47.521+08:00 level=DEBUG msg="UserService.GetStats called" user_id=11
time=2026-06-04T02:02:47.538+08:00 level=DEBUG msg="word_record not found" user_id=11 word_id=6825
time=2026-06-04T02:02:47.550+08:00 level=DEBUG msg="UserStore.GetStats called" user_id=11
time=2026-06-04T02:02:47.551+08:00 level=DEBUG msg="WordService.GetReviewQueue done" user_id=11 count=114
time=2026-06-04T02:02:47.578+08:00 level=DEBUG msg="UserStore.GetStats done" user_id=11
time=2026-06-04T02:02:47.623+08:00 level=DEBUG msg="UserStore.GetDailyGoals called" user_id=11
time=2026-06-04T02:02:47.640+08:00 level=DEBUG msg="UserService.GetStats called" user_id=11
time=2026-06-04T02:02:47.698+08:00 level=DEBUG msg="UserStore.GetStats called" user_id=11
time=2026-06-04T02:02:47.666+08:00 level=DEBUG msg="UserStore.GetDailyGoals done" user_id=11
time=2026-06-04T02:02:47.732+08:00 level=DEBUG msg="UserStore.GetStats done" user_id=11
time=2026-06-04T02:02:52.634+08:00 level=DEBUG msg="WordService.GetReviewQueue called" user_id=11 level=N5
time=2026-06-04T02:02:52.667+08:00 level=DEBUG msg="WordStoreAdapter.ListDueRecords called" user_id=11
time=2026-06-04T02:02:52.700+08:00 level=DEBUG msg="WordStore.ListDueRecords called" user_id=11 limit=200
time=2026-06-04T02:02:52.702+08:00 level=DEBUG msg="WordStore.ListDueRecords done" user_id=11 count=0
time=2026-06-04T02:02:52.796+08:00 level=DEBUG msg="WordStoreAdapter.ListByLevel called" level=N5
time=2026-06-04T02:02:52.849+08:00 level=DEBUG msg="WordStore.ListByLevel called" level=N5 page=1 size=10000
time=2026-06-04T02:02:52.883+08:00 level=DEBUG msg="WordStore.ListByLevel done" level=N5 count=114 total=114
time=2026-06-04T02:02:52.946+08:00 level=DEBUG msg="WordStore.GetRecord called" user_id=11 word_id=2472
time=2026-06-04T02:02:52.976+08:00 level=DEBUG msg="word_record not found" user_id=11 word_id=2472
time=2026-06-04T02:02:53.021+08:00 level=DEBUG msg="WordStore.GetRecord called" user_id=11 word_id=2482
time=2026-06-04T02:02:53.048+08:00 level=DEBUG msg="word_record not found" user_id=11 word_id=2482
time=2026-06-04T02:02:53.105+08:00 level=DEBUG msg="WordStore.GetRecord called" user_id=11 word_id=2641
time=2026-06-04T02:02:53.121+08:00 level=DEBUG msg="word_record not found" user_id=11 word_id=2641
time=2026-06-04T02:02:53.149+08:00 level=DEBUG msg="WordStore.GetRecord called" user_id=11 word_id=2642
time=2026-06-04T02:02:53.197+08:00 level=DEBUG msg="word_record not found" user_id=11 word_id=2642
time=2026-06-04T02:02:53.209+08:00 level=DEBUG msg="WordStore.GetRecord called" user_id=11 word_id=2643
time=2026-06-04T02:02:53.237+08:00 level=DEBUG msg="word_record not found" user_id=11 word_id=2643
time=2026-06-04T02:02:53.319+08:00 level=DEBUG msg="WordStore.GetRecord called" user_id=11 word_id=2644
time=2026-06-04T02:02:53.347+08:00 level=DEBUG msg="word_record not found" user_id=11 word_id=2644
time=2026-06-04T02:02:53.374+08:00 level=DEBUG msg="WordStore.GetRecord called" user_id=11 word_id=2645
time=2026-06-04T02:02:53.413+08:00 level=DEBUG msg="word_record not found" user_id=11 word_id=2645
time=2026-06-04T02:02:53.430+08:00 level=DEBUG msg="WordStore.GetRecord called" user_id=11 word_id=2646
time=2026-06-04T02:02:53.458+08:00 level=DEBUG msg="word_record not found" user_id=11 word_id=2646
time=2026-06-04T02:02:53.496+08:00 level=DEBUG msg="WordStore.GetRecord called" user_id=11 word_id=2647
time=2026-06-04T02:02:53.508+08:00 level=DEBUG msg="word_record not found" user_id=11 word_id=2647
time=2026-06-04T02:02:53.546+08:00 level=DEBUG msg="WordStore.GetRecord called" user_id=11 word_id=2648
time=2026-06-04T02:02:53.563+08:00 level=DEBUG msg="word_record not found" user_id=11 word_id=2648
time=2026-06-04T02:02:53.614+08:00 level=DEBUG msg="WordStore.GetRecord called" user_id=11 word_id=2649
time=2026-06-04T02:02:53.640+08:00 level=DEBUG msg="word_record not found" user_id=11 word_id=2649
time=2026-06-04T02:02:53.683+08:00 level=DEBUG msg="WordStore.GetRecord called" user_id=11 word_id=2650
time=2026-06-04T02:02:53.736+08:00 level=DEBUG msg="word_record not found" user_id=11 word_id=2650
time=2026-06-04T02:02:53.772+08:00 level=DEBUG msg="WordStore.GetRecord called" user_id=11 word_id=2651
time=2026-06-04T02:02:53.800+08:00 level=DEBUG msg="word_record not found" user_id=11 word_id=2651
time=2026-06-04T02:02:53.835+08:00 level=DEBUG msg="WordStore.GetRecord called" user_id=11 word_id=2652
time=2026-06-04T02:02:53.866+08:00 level=DEBUG msg="word_record not found" user_id=11 word_id=2652
time=2026-06-04T02:02:53.899+08:00 level=DEBUG msg="WordStore.GetRecord called" user_id=11 word_id=2653
time=2026-06-04T02:02:53.933+08:00 level=DEBUG msg="word_record not found" user_id=11 word_id=2653
time=2026-06-04T02:02:53.965+08:00 level=DEBUG msg="WordStore.GetRecord called" user_id=11 word_id=2654
time=2026-06-04T02:02:53.999+08:00 level=DEBUG msg="word_record not found" user_id=11 word_id=2654
time=2026-06-04T02:02:54.029+08:00 level=DEBUG msg="WordStore.GetRecord called" user_id=11 word_id=2655
time=2026-06-04T02:02:54.038+08:00 level=DEBUG msg="word_record not found" user_id=11 word_id=2655
time=2026-06-04T02:02:54.040+08:00 level=DEBUG msg="WordStore.GetRecord called" user_id=11 word_id=2656
time=2026-06-04T02:02:54.087+08:00 level=DEBUG msg="word_record not found" user_id=11 word_id=2656
time=2026-06-04T02:02:54.099+08:00 level=DEBUG msg="WordStore.GetRecord called" user_id=11 word_id=2657
time=2026-06-04T02:02:54.149+08:00 level=DEBUG msg="word_record not found" user_id=11 word_id=2657
time=2026-06-04T02:02:54.193+08:00 level=DEBUG msg="WordStore.GetRecord called" user_id=11 word_id=2658
time=2026-06-04T02:02:54.204+08:00 level=DEBUG msg="word_record not found" user_id=11 word_id=2658
time=2026-06-04T02:02:54.237+08:00 level=DEBUG msg="WordStore.GetRecord called" user_id=11 word_id=2659
time=2026-06-04T02:02:54.281+08:00 level=DEBUG msg="word_record not found" user_id=11 word_id=2659
time=2026-06-04T02:02:54.314+08:00 level=DEBUG msg="WordStore.GetRecord called" user_id=11 word_id=2660
time=2026-06-04T02:02:54.358+08:00 level=DEBUG msg="word_record not found" user_id=11 word_id=2660
time=2026-06-04T02:02:54.359+08:00 level=DEBUG msg="WordStore.GetRecord called" user_id=11 word_id=2661
time=2026-06-04T02:02:54.360+08:00 level=DEBUG msg="word_record not found" user_id=11 word_id=2661
time=2026-06-04T02:02:54.414+08:00 level=DEBUG msg="WordStore.GetRecord called" user_id=11 word_id=2662
time=2026-06-04T02:02:54.458+08:00 level=DEBUG msg="word_record not found" user_id=11 word_id=2662
time=2026-06-04T02:02:54.502+08:00 level=DEBUG msg="WordStore.GetRecord called" user_id=11 word_id=2663
time=2026-06-04T02:02:54.535+08:00 level=DEBUG msg="word_record not found" user_id=11 word_id=2663
time=2026-06-04T02:02:54.579+08:00 level=DEBUG msg="WordStore.GetRecord called" user_id=11 word_id=2664
time=2026-06-04T02:02:54.580+08:00 level=DEBUG msg="word_record not found" user_id=11 word_id=2664
time=2026-06-04T02:02:54.582+08:00 level=DEBUG msg="WordStore.GetRecord called" user_id=11 word_id=2665
time=2026-06-04T02:02:54.636+08:00 level=DEBUG msg="word_record not found" user_id=11 word_id=2665
time=2026-06-04T02:02:54.667+08:00 level=DEBUG msg="WordStore.GetRecord called" user_id=11 word_id=2666
time=2026-06-04T02:02:54.679+08:00 level=DEBUG msg="word_record not found" user_id=11 word_id=2666
time=2026-06-04T02:02:54.713+08:00 level=DEBUG msg="WordStore.GetRecord called" user_id=11 word_id=2667
time=2026-06-04T02:02:54.756+08:00 level=DEBUG msg="word_record not found" user_id=11 word_id=2667
time=2026-06-04T02:02:54.767+08:00 level=DEBUG msg="WordStore.GetRecord called" user_id=11 word_id=2668
time=2026-06-04T02:02:54.801+08:00 level=DEBUG msg="word_record not found" user_id=11 word_id=2668
time=2026-06-04T02:02:54.845+08:00 level=DEBUG msg="WordStore.GetRecord called" user_id=11 word_id=2669
time=2026-06-04T02:02:54.857+08:00 level=DEBUG msg="word_record not found" user_id=11 word_id=2669
time=2026-06-04T02:02:54.885+08:00 level=DEBUG msg="WordStore.GetRecord called" user_id=11 word_id=2670
time=2026-06-04T02:02:54.933+08:00 level=DEBUG msg="word_record not found" user_id=11 word_id=2670
time=2026-06-04T02:02:54.945+08:00 level=DEBUG msg="WordStore.GetRecord called" user_id=11 word_id=2671
time=2026-06-04T02:02:54.989+08:00 level=DEBUG msg="word_record not found" user_id=11 word_id=2671
time=2026-06-04T02:02:55.032+08:00 level=DEBUG msg="WordStore.GetRecord called" user_id=11 word_id=2672
time=2026-06-04T02:02:55.045+08:00 level=DEBUG msg="word_record not found" user_id=11 word_id=2672
time=2026-06-04T02:02:55.067+08:00 level=DEBUG msg="WordStore.GetRecord called" user_id=11 word_id=2673
time=2026-06-04T02:02:55.089+08:00 level=DEBUG msg="word_record not found" user_id=11 word_id=2673
time=2026-06-04T02:02:55.165+08:00 level=DEBUG msg="WordStore.GetRecord called" user_id=11 word_id=2674
time=2026-06-04T02:02:55.167+08:00 level=DEBUG msg="word_record not found" user_id=11 word_id=2674
time=2026-06-04T02:02:55.230+08:00 level=DEBUG msg="WordStore.GetRecord called" user_id=11 word_id=2675
time=2026-06-04T02:02:55.276+08:00 level=DEBUG msg="word_record not found" user_id=11 word_id=2675
time=2026-06-04T02:02:55.320+08:00 level=DEBUG msg="WordStore.GetRecord called" user_id=11 word_id=2676
time=2026-06-04T02:02:55.332+08:00 level=DEBUG msg="word_record not found" user_id=11 word_id=2676
time=2026-06-04T02:02:55.408+08:00 level=DEBUG msg="WordStore.GetRecord called" user_id=11 word_id=2677
time=2026-06-04T02:02:55.451+08:00 level=DEBUG msg="word_record not found" user_id=11 word_id=2677
time=2026-06-04T02:02:55.496+08:00 level=DEBUG msg="WordStore.GetRecord called" user_id=11 word_id=2678
time=2026-06-04T02:02:55.541+08:00 level=DEBUG msg="word_record not found" user_id=11 word_id=2678
time=2026-06-04T02:02:55.552+08:00 level=DEBUG msg="WordStore.GetRecord called" user_id=11 word_id=2679
time=2026-06-04T02:02:55.607+08:00 level=DEBUG msg="word_record not found" user_id=11 word_id=2679
time=2026-06-04T02:02:55.608+08:00 level=DEBUG msg="WordStore.GetRecord called" user_id=11 word_id=2680
time=2026-06-04T02:02:55.653+08:00 level=DEBUG msg="word_record not found" user_id=11 word_id=2680
time=2026-06-04T02:02:55.707+08:00 level=DEBUG msg="WordStore.GetRecord called" user_id=11 word_id=2681
time=2026-06-04T02:02:55.719+08:00 level=DEBUG msg="word_record not found" user_id=11 word_id=2681
time=2026-06-04T02:02:55.780+08:00 level=DEBUG msg="WordStore.GetRecord called" user_id=11 word_id=2682
time=2026-06-04T02:02:55.796+08:00 level=DEBUG msg="word_record not found" user_id=11 word_id=2682
time=2026-06-04T02:02:55.829+08:00 level=DEBUG msg="WordStore.GetRecord called" user_id=11 word_id=2683
time=2026-06-04T02:02:55.884+08:00 level=DEBUG msg="word_record not found" user_id=11 word_id=2683
time=2026-06-04T02:02:55.928+08:00 level=DEBUG msg="WordStore.GetRecord called" user_id=11 word_id=2684
time=2026-06-04T02:02:55.983+08:00 level=DEBUG msg="word_record not found" user_id=11 word_id=2684
time=2026-06-04T02:02:56.014+08:00 level=DEBUG msg="WordStore.GetRecord called" user_id=11 word_id=2686
time=2026-06-04T02:02:56.028+08:00 level=DEBUG msg="word_record not found" user_id=11 word_id=2686
time=2026-06-04T02:02:56.084+08:00 level=DEBUG msg="WordStore.GetRecord called" user_id=11 word_id=2687
time=2026-06-04T02:02:56.160+08:00 level=DEBUG msg="word_record not found" user_id=11 word_id=2687
time=2026-06-04T02:02:56.172+08:00 level=DEBUG msg="WordStore.GetRecord called" user_id=11 word_id=2688
time=2026-06-04T02:02:56.205+08:00 level=DEBUG msg="word_record not found" user_id=11 word_id=2688
time=2026-06-04T02:02:56.246+08:00 level=DEBUG msg="WordStore.GetRecord called" user_id=11 word_id=2689
time=2026-06-04T02:02:56.271+08:00 level=DEBUG msg="word_record not found" user_id=11 word_id=2689
time=2026-06-04T02:02:56.315+08:00 level=DEBUG msg="WordStore.GetRecord called" user_id=11 word_id=2690
time=2026-06-04T02:02:56.348+08:00 level=DEBUG msg="word_record not found" user_id=11 word_id=2690
time=2026-06-04T02:02:56.381+08:00 level=DEBUG msg="WordStore.GetRecord called" user_id=11 word_id=2691
time=2026-06-04T02:02:56.425+08:00 level=DEBUG msg="word_record not found" user_id=11 word_id=2691
time=2026-06-04T02:02:56.457+08:00 level=DEBUG msg="WordStore.GetRecord called" user_id=11 word_id=2692
time=2026-06-04T02:02:56.503+08:00 level=DEBUG msg="word_record not found" user_id=11 word_id=2692
time=2026-06-04T02:02:56.536+08:00 level=DEBUG msg="WordStore.GetRecord called" user_id=11 word_id=2693
time=2026-06-04T02:02:56.580+08:00 level=DEBUG msg="word_record not found" user_id=11 word_id=2693
time=2026-06-04T02:02:56.581+08:00 level=DEBUG msg="WordStore.GetRecord called" user_id=11 word_id=2694
time=2026-06-04T02:02:56.625+08:00 level=DEBUG msg="word_record not found" user_id=11 word_id=2694
time=2026-06-04T02:02:56.668+08:00 level=DEBUG msg="WordStore.GetRecord called" user_id=11 word_id=2695
time=2026-06-04T02:02:56.680+08:00 level=DEBUG msg="word_record not found" user_id=11 word_id=2695
time=2026-06-04T02:02:56.746+08:00 level=DEBUG msg="WordStore.GetRecord called" user_id=11 word_id=2696
time=2026-06-04T02:02:56.801+08:00 level=DEBUG msg="word_record not found" user_id=11 word_id=2696
time=2026-06-04T02:02:56.804+08:00 level=DEBUG msg="WordStore.GetRecord called" user_id=11 word_id=2697
time=2026-06-04T02:02:56.922+08:00 level=DEBUG msg="word_record not found" user_id=11 word_id=2697
time=2026-06-04T02:02:56.956+08:00 level=DEBUG msg="WordStore.GetRecord called" user_id=11 word_id=2698
time=2026-06-04T02:02:57.000+08:00 level=DEBUG msg="word_record not found" user_id=11 word_id=2698
time=2026-06-04T02:02:57.011+08:00 level=DEBUG msg="WordStore.GetRecord called" user_id=11 word_id=2699
time=2026-06-04T02:02:57.012+08:00 level=DEBUG msg="word_record not found" user_id=11 word_id=2699
time=2026-06-04T02:02:57.055+08:00 level=DEBUG msg="WordStore.GetRecord called" user_id=11 word_id=2700
time=2026-06-04T02:02:57.057+08:00 level=DEBUG msg="word_record not found" user_id=11 word_id=2700
time=2026-06-04T02:02:57.120+08:00 level=DEBUG msg="WordStore.GetRecord called" user_id=11 word_id=4006
time=2026-06-04T02:02:57.123+08:00 level=DEBUG msg="word_record not found" user_id=11 word_id=4006
time=2026-06-04T02:02:57.163+08:00 level=DEBUG msg="WordStore.GetRecord called" user_id=11 word_id=4012
time=2026-06-04T02:02:57.199+08:00 level=DEBUG msg="word_record not found" user_id=11 word_id=4012
time=2026-06-04T02:02:57.232+08:00 level=DEBUG msg="WordStore.GetRecord called" user_id=11 word_id=4048
time=2026-06-04T02:02:57.233+08:00 level=DEBUG msg="word_record not found" user_id=11 word_id=4048
time=2026-06-04T02:02:57.264+08:00 level=DEBUG msg="WordStore.GetRecord called" user_id=11 word_id=4072
time=2026-06-04T02:02:57.310+08:00 level=DEBUG msg="word_record not found" user_id=11 word_id=4072
time=2026-06-04T02:02:57.311+08:00 level=DEBUG msg="WordStore.GetRecord called" user_id=11 word_id=4081
time=2026-06-04T02:02:57.354+08:00 level=DEBUG msg="word_record not found" user_id=11 word_id=4081
time=2026-06-04T02:02:57.396+08:00 level=DEBUG msg="WordStore.GetRecord called" user_id=11 word_id=4134
time=2026-06-04T02:02:57.411+08:00 level=DEBUG msg="word_record not found" user_id=11 word_id=4134
time=2026-06-04T02:02:57.463+08:00 level=DEBUG msg="WordStore.GetRecord called" user_id=11 word_id=4147
time=2026-06-04T02:02:57.476+08:00 level=DEBUG msg="word_record not found" user_id=11 word_id=4147
time=2026-06-04T02:02:57.497+08:00 level=DEBUG msg="WordStore.GetRecord called" user_id=11 word_id=6511
time=2026-06-04T02:02:57.541+08:00 level=DEBUG msg="word_record not found" user_id=11 word_id=6511
time=2026-06-04T02:02:57.575+08:00 level=DEBUG msg="WordStore.GetRecord called" user_id=11 word_id=6519
time=2026-06-04T02:02:57.619+08:00 level=DEBUG msg="word_record not found" user_id=11 word_id=6519
time=2026-06-04T02:02:57.630+08:00 level=DEBUG msg="WordStore.GetRecord called" user_id=11 word_id=6520
time=2026-06-04T02:02:57.675+08:00 level=DEBUG msg="word_record not found" user_id=11 word_id=6520
time=2026-06-04T02:02:57.719+08:00 level=DEBUG msg="WordStore.GetRecord called" user_id=11 word_id=6525
time=2026-06-04T02:02:57.763+08:00 level=DEBUG msg="word_record not found" user_id=11 word_id=6525
time=2026-06-04T02:02:57.813+08:00 level=DEBUG msg="WordStore.GetRecord called" user_id=11 word_id=6526
time=2026-06-04T02:02:57.830+08:00 level=DEBUG msg="word_record not found" user_id=11 word_id=6526
time=2026-06-04T02:02:57.895+08:00 level=DEBUG msg="WordStore.GetRecord called" user_id=11 word_id=6530
time=2026-06-04T02:02:57.951+08:00 level=DEBUG msg="word_record not found" user_id=11 word_id=6530
time=2026-06-04T02:02:57.973+08:00 level=DEBUG msg="WordStore.GetRecord called" user_id=11 word_id=6531
time=2026-06-04T02:02:58.028+08:00 level=DEBUG msg="word_record not found" user_id=11 word_id=6531
time=2026-06-04T02:02:58.039+08:00 level=DEBUG msg="WordStore.GetRecord called" user_id=11 word_id=6532
time=2026-06-04T02:02:58.118+08:00 level=DEBUG msg="word_record not found" user_id=11 word_id=6532
time=2026-06-04T02:02:58.132+08:00 level=DEBUG msg="WordStore.GetRecord called" user_id=11 word_id=6538
time=2026-06-04T02:02:58.160+08:00 level=DEBUG msg="word_record not found" user_id=11 word_id=6538
time=2026-06-04T02:02:58.205+08:00 level=DEBUG msg="WordStore.GetRecord called" user_id=11 word_id=6539
time=2026-06-04T02:02:58.249+08:00 level=DEBUG msg="word_record not found" user_id=11 word_id=6539
time=2026-06-04T02:02:58.304+08:00 level=DEBUG msg="WordStore.GetRecord called" user_id=11 word_id=6541
time=2026-06-04T02:02:58.305+08:00 level=DEBUG msg="word_record not found" user_id=11 word_id=6541
time=2026-06-04T02:02:58.347+08:00 level=DEBUG msg="WordStore.GetRecord called" user_id=11 word_id=6542
time=2026-06-04T02:02:58.401+08:00 level=DEBUG msg="word_record not found" user_id=11 word_id=6542
time=2026-06-04T02:02:58.414+08:00 level=DEBUG msg="WordStore.GetRecord called" user_id=11 word_id=6553
time=2026-06-04T02:02:58.459+08:00 level=DEBUG msg="word_record not found" user_id=11 word_id=6553
time=2026-06-04T02:02:58.497+08:00 level=DEBUG msg="WordStore.GetRecord called" user_id=11 word_id=6554
time=2026-06-04T02:02:58.515+08:00 level=DEBUG msg="word_record not found" user_id=11 word_id=6554
time=2026-06-04T02:02:58.546+08:00 level=DEBUG msg="WordStore.GetRecord called" user_id=11 word_id=6564
time=2026-06-04T02:02:58.603+08:00 level=DEBUG msg="word_record not found" user_id=11 word_id=6564
time=2026-06-04T02:02:58.655+08:00 level=DEBUG msg="WordStore.GetRecord called" user_id=11 word_id=6579
time=2026-06-04T02:02:58.670+08:00 level=DEBUG msg="word_record not found" user_id=11 word_id=6579
time=2026-06-04T02:02:58.671+08:00 level=DEBUG msg="WordStore.GetRecord called" user_id=11 word_id=6584
time=2026-06-04T02:02:58.725+08:00 level=DEBUG msg="word_record not found" user_id=11 word_id=6584
time=2026-06-04T02:02:58.752+08:00 level=DEBUG msg="WordService.GetReviewQueue called" user_id=11 level=N5
time=2026-06-04T02:02:58.758+08:00 level=DEBUG msg="WordStore.GetRecord called" user_id=11 word_id=6594
time=2026-06-04T02:02:58.846+08:00 level=DEBUG msg="WordStoreAdapter.ListDueRecords called" user_id=11
time=2026-06-04T02:02:58.848+08:00 level=DEBUG msg="word_record not found" user_id=11 word_id=6594
time=2026-06-04T02:02:58.882+08:00 level=DEBUG msg="WordStore.ListDueRecords called" user_id=11 limit=200
time=2026-06-04T02:02:58.918+08:00 level=DEBUG msg="UserService.GetStats called" user_id=11
time=2026-06-04T02:02:58.964+08:00 level=DEBUG msg="UserStore.GetStats called" user_id=11
time=2026-06-04T02:02:58.923+08:00 level=DEBUG msg="WordStore.GetRecord called" user_id=11 word_id=6597
time=2026-06-04T02:02:58.935+08:00 level=DEBUG msg="WordStore.ListDueRecords done" user_id=11 count=0
time=2026-06-04T02:02:59.012+08:00 level=DEBUG msg="UserStore.GetStats done" user_id=11
time=2026-06-04T02:02:59.045+08:00 level=DEBUG msg="word_record not found" user_id=11 word_id=6597
time=2026-06-04T02:02:59.080+08:00 level=DEBUG msg="WordStoreAdapter.ListByLevel called" level=N5
time=2026-06-04T02:02:59.092+08:00 level=DEBUG msg="UserService.GetStats called" user_id=11
time=2026-06-04T02:02:59.134+08:00 level=DEBUG msg="WordStore.GetRecord called" user_id=11 word_id=6598
time=2026-06-04T02:02:59.163+08:00 level=DEBUG msg="WordStore.ListByLevel called" level=N5 page=1 size=10000
time=2026-06-04T02:02:59.180+08:00 level=DEBUG msg="UserStore.GetStats called" user_id=11
time=2026-06-04T02:02:59.223+08:00 level=DEBUG msg="word_record not found" user_id=11 word_id=6598
time=2026-06-04T02:02:59.267+08:00 level=DEBUG msg="WordStore.ListByLevel done" level=N5 count=114 total=114
time=2026-06-04T02:02:59.299+08:00 level=DEBUG msg="UserStore.GetStats done" user_id=11
time=2026-06-04T02:02:59.330+08:00 level=DEBUG msg="WordStore.GetRecord called" user_id=11 word_id=6599
time=2026-06-04T02:02:59.346+08:00 level=DEBUG msg="WordStore.GetRecord called" user_id=11 word_id=2472
time=2026-06-04T02:02:59.432+08:00 level=DEBUG msg="word_record not found" user_id=11 word_id=6599
time=2026-06-04T02:02:59.476+08:00 level=DEBUG msg="word_record not found" user_id=11 word_id=2472
time=2026-06-04T02:02:59.496+08:00 level=DEBUG msg="WordStore.GetRecord called" user_id=11 word_id=6602
time=2026-06-04T02:02:59.530+08:00 level=DEBUG msg="WordStore.GetRecord called" user_id=11 word_id=2482
time=2026-06-04T02:02:59.543+08:00 level=DEBUG msg="word_record not found" user_id=11 word_id=6602
time=2026-06-04T02:02:59.545+08:00 level=DEBUG msg="word_record not found" user_id=11 word_id=2482
time=2026-06-04T02:02:59.580+08:00 level=DEBUG msg="WordStore.GetRecord called" user_id=11 word_id=6603
time=2026-06-04T02:02:59.598+08:00 level=DEBUG msg="WordStore.GetRecord called" user_id=11 word_id=2641
time=2026-06-04T02:02:59.634+08:00 level=DEBUG msg="word_record not found" user_id=11 word_id=6603
time=2026-06-04T02:02:59.697+08:00 level=DEBUG msg="word_record not found" user_id=11 word_id=2641
time=2026-06-04T02:02:59.713+08:00 level=DEBUG msg="WordStore.GetRecord called" user_id=11 word_id=6606
time=2026-06-04T02:02:59.731+08:00 level=DEBUG msg="WordStore.GetRecord called" user_id=11 word_id=2642
time=2026-06-04T02:02:59.786+08:00 level=DEBUG msg="word_record not found" user_id=11 word_id=6606
time=2026-06-04T02:02:59.797+08:00 level=DEBUG msg="word_record not found" user_id=11 word_id=2642
time=2026-06-04T02:02:59.862+08:00 level=DEBUG msg="WordStore.GetRecord called" user_id=11 word_id=6613
time=2026-06-04T02:02:59.863+08:00 level=DEBUG msg="WordStore.GetRecord called" user_id=11 word_id=2643
time=2026-06-04T02:02:59.907+08:00 level=DEBUG msg="word_record not found" user_id=11 word_id=6613
time=2026-06-04T02:02:59.963+08:00 level=DEBUG msg="word_record not found" user_id=11 word_id=2643
time=2026-06-04T02:03:00.004+08:00 level=DEBUG msg="WordStore.GetRecord called" user_id=11 word_id=2644
time=2026-06-04T02:02:59.974+08:00 level=DEBUG msg="WordStore.GetRecord called" user_id=11 word_id=6622
time=2026-06-04T02:03:00.018+08:00 level=DEBUG msg="word_record not found" user_id=11 word_id=2644
time=2026-06-04T02:03:00.051+08:00 level=DEBUG msg="word_record not found" user_id=11 word_id=6622
time=2026-06-04T02:03:00.052+08:00 level=DEBUG msg="WordStore.GetRecord called" user_id=11 word_id=2645
time=2026-06-04T02:03:00.096+08:00 level=DEBUG msg="WordStore.GetRecord called" user_id=11 word_id=6647
time=2026-06-04T02:03:00.098+08:00 level=DEBUG msg="word_record not found" user_id=11 word_id=2645
time=2026-06-04T02:03:00.196+08:00 level=DEBUG msg="WordStore.GetRecord called" user_id=11 word_id=2646
time=2026-06-04T02:03:00.195+08:00 level=DEBUG msg="word_record not found" user_id=11 word_id=6647
time=2026-06-04T02:03:00.218+08:00 level=DEBUG msg="word_record not found" user_id=11 word_id=2646
time=2026-06-04T02:03:00.239+08:00 level=DEBUG msg="WordStore.GetRecord called" user_id=11 word_id=6667
time=2026-06-04T02:03:00.240+08:00 level=DEBUG msg="WordStore.GetRecord called" user_id=11 word_id=2647
time=2026-06-04T02:03:00.272+08:00 level=DEBUG msg="word_record not found" user_id=11 word_id=6667
time=2026-06-04T02:03:00.305+08:00 level=DEBUG msg="word_record not found" user_id=11 word_id=2647
time=2026-06-04T02:03:00.347+08:00 level=DEBUG msg="WordStore.GetRecord called" user_id=11 word_id=6672
time=2026-06-04T02:03:00.379+08:00 level=DEBUG msg="WordStore.GetRecord called" user_id=11 word_id=2648
time=2026-06-04T02:03:00.493+08:00 level=DEBUG msg="word_record not found" user_id=11 word_id=6672
time=2026-06-04T02:03:00.494+08:00 level=DEBUG msg="word_record not found" user_id=11 word_id=2648
time=2026-06-04T02:03:00.530+08:00 level=DEBUG msg="WordStore.GetRecord called" user_id=11 word_id=6680
time=2026-06-04T02:03:00.582+08:00 level=DEBUG msg="WordStore.GetRecord called" user_id=11 word_id=2649
time=2026-06-04T02:03:00.594+08:00 level=DEBUG msg="word_record not found" user_id=11 word_id=6680
time=2026-06-04T02:03:00.626+08:00 level=DEBUG msg="word_record not found" user_id=11 word_id=2649
time=2026-06-04T02:03:00.647+08:00 level=DEBUG msg="WordStore.GetRecord called" user_id=11 word_id=6682
time=2026-06-04T02:03:00.670+08:00 level=DEBUG msg="WordStore.GetRecord called" user_id=11 word_id=2650
time=2026-06-04T02:03:00.693+08:00 level=DEBUG msg="word_record not found" user_id=11 word_id=6682
time=2026-06-04T02:03:00.736+08:00 level=DEBUG msg="word_record not found" user_id=11 word_id=2650
time=2026-06-04T02:03:00.746+08:00 level=DEBUG msg="WordStore.GetRecord called" user_id=11 word_id=6686
time=2026-06-04T02:03:00.780+08:00 level=DEBUG msg="WordStore.GetRecord called" user_id=11 word_id=2651
time=2026-06-04T02:03:00.781+08:00 level=DEBUG msg="word_record not found" user_id=11 word_id=6686
time=2026-06-04T02:03:00.783+08:00 level=DEBUG msg="word_record not found" user_id=11 word_id=2651
time=2026-06-04T02:03:00.816+08:00 level=DEBUG msg="WordStore.GetRecord called" user_id=11 word_id=6692
time=2026-06-04T02:03:00.830+08:00 level=DEBUG msg="WordStore.GetRecord called" user_id=11 word_id=2652
time=2026-06-04T02:03:00.861+08:00 level=DEBUG msg="word_record not found" user_id=11 word_id=6692
time=2026-06-04T02:03:00.914+08:00 level=DEBUG msg="word_record not found" user_id=11 word_id=2652
time=2026-06-04T02:03:00.930+08:00 level=DEBUG msg="WordStore.GetRecord called" user_id=11 word_id=6694
time=2026-06-04T02:03:00.981+08:00 level=DEBUG msg="WordStore.GetRecord called" user_id=11 word_id=2653
time=2026-06-04T02:03:01.002+08:00 level=DEBUG msg="word_record not found" user_id=11 word_id=6694
time=2026-06-04T02:03:01.036+08:00 level=DEBUG msg="word_record not found" user_id=11 word_id=2653
time=2026-06-04T02:03:01.080+08:00 level=DEBUG msg="WordStore.GetRecord called" user_id=11 word_id=6697
time=2026-06-04T02:03:01.102+08:00 level=DEBUG msg="WordStore.GetRecord called" user_id=11 word_id=2654
time=2026-06-04T02:03:01.135+08:00 level=DEBUG msg="word_record not found" user_id=11 word_id=6697
time=2026-06-04T02:03:01.178+08:00 level=DEBUG msg="word_record not found" user_id=11 word_id=2654
time=2026-06-04T02:03:01.181+08:00 level=DEBUG msg="WordStore.GetRecord called" user_id=11 word_id=6706
time=2026-06-04T02:03:01.223+08:00 level=DEBUG msg="WordStore.GetRecord called" user_id=11 word_id=2655
time=2026-06-04T02:03:01.256+08:00 level=DEBUG msg="word_record not found" user_id=11 word_id=6706
time=2026-06-04T02:03:01.267+08:00 level=DEBUG msg="word_record not found" user_id=11 word_id=2655
time=2026-06-04T02:03:01.296+08:00 level=DEBUG msg="WordStore.GetRecord called" user_id=11 word_id=6721
time=2026-06-04T02:03:01.312+08:00 level=DEBUG msg="WordStore.GetRecord called" user_id=11 word_id=2656
time=2026-06-04T02:03:01.355+08:00 level=DEBUG msg="word_record not found" user_id=11 word_id=6721
time=2026-06-04T02:03:01.377+08:00 level=DEBUG msg="word_record not found" user_id=11 word_id=2656
time=2026-06-04T02:03:01.414+08:00 level=DEBUG msg="WordStore.GetRecord called" user_id=11 word_id=6730
time=2026-06-04T02:03:01.446+08:00 level=DEBUG msg="WordStore.GetRecord called" user_id=11 word_id=2657
time=2026-06-04T02:03:01.499+08:00 level=DEBUG msg="word_record not found" user_id=11 word_id=6730
time=2026-06-04T02:03:01.529+08:00 level=DEBUG msg="WordStore.GetRecord called" user_id=11 word_id=6752
time=2026-06-04T02:03:01.500+08:00 level=DEBUG msg="word_record not found" user_id=11 word_id=2657
time=2026-06-04T02:03:01.587+08:00 level=DEBUG msg="word_record not found" user_id=11 word_id=6752
time=2026-06-04T02:03:01.598+08:00 level=DEBUG msg="WordStore.GetRecord called" user_id=11 word_id=2658
time=2026-06-04T02:03:01.630+08:00 level=DEBUG msg="WordStore.GetRecord called" user_id=11 word_id=6764
time=2026-06-04T02:03:01.676+08:00 level=DEBUG msg="word_record not found" user_id=11 word_id=2658
time=2026-06-04T02:03:01.688+08:00 level=DEBUG msg="word_record not found" user_id=11 word_id=6764
time=2026-06-04T02:03:01.698+08:00 level=DEBUG msg="WordStore.GetRecord called" user_id=11 word_id=2659
time=2026-06-04T02:03:01.746+08:00 level=DEBUG msg="WordStore.GetRecord called" user_id=11 word_id=6771
time=2026-06-04T02:03:01.775+08:00 level=DEBUG msg="word_record not found" user_id=11 word_id=2659
time=2026-06-04T02:03:01.819+08:00 level=DEBUG msg="word_record not found" user_id=11 word_id=6771
time=2026-06-04T02:03:01.829+08:00 level=DEBUG msg="WordStore.GetRecord called" user_id=11 word_id=2660
time=2026-06-04T02:03:01.879+08:00 level=DEBUG msg="WordStore.GetRecord called" user_id=11 word_id=6778
time=2026-06-04T02:03:01.908+08:00 level=DEBUG msg="word_record not found" user_id=11 word_id=2660
time=2026-06-04T02:03:01.952+08:00 level=DEBUG msg="word_record not found" user_id=11 word_id=6778
time=2026-06-04T02:03:01.954+08:00 level=DEBUG msg="WordStore.GetRecord called" user_id=11 word_id=6791
time=2026-06-04T02:03:01.953+08:00 level=DEBUG msg="WordStore.GetRecord called" user_id=11 word_id=2661
time=2026-06-04T02:03:02.018+08:00 level=DEBUG msg="word_record not found" user_id=11 word_id=6791
time=2026-06-04T02:03:02.063+08:00 level=DEBUG msg="word_record not found" user_id=11 word_id=2661
time=2026-06-04T02:03:02.097+08:00 level=DEBUG msg="WordStore.GetRecord called" user_id=11 word_id=6803
time=2026-06-04T02:03:02.118+08:00 level=DEBUG msg="WordStore.GetRecord called" user_id=11 word_id=2662
time=2026-06-04T02:03:02.140+08:00 level=DEBUG msg="word_record not found" user_id=11 word_id=6803
time=2026-06-04T02:03:02.184+08:00 level=DEBUG msg="word_record not found" user_id=11 word_id=2662
time=2026-06-04T02:03:02.196+08:00 level=DEBUG msg="WordStore.GetRecord called" user_id=11 word_id=6804
time=2026-06-04T02:03:02.228+08:00 level=DEBUG msg="WordStore.GetRecord called" user_id=11 word_id=2663
time=2026-06-04T02:03:02.229+08:00 level=DEBUG msg="word_record not found" user_id=11 word_id=6804
time=2026-06-04T02:03:02.250+08:00 level=DEBUG msg="word_record not found" user_id=11 word_id=2663
time=2026-06-04T02:03:02.280+08:00 level=DEBUG msg="WordStore.GetRecord called" user_id=11 word_id=6825
time=2026-06-04T02:03:02.296+08:00 level=DEBUG msg="WordStore.GetRecord called" user_id=11 word_id=2664
time=2026-06-04T02:03:02.340+08:00 level=DEBUG msg="word_record not found" user_id=11 word_id=6825
time=2026-06-04T02:03:02.394+08:00 level=DEBUG msg="word_record not found" user_id=11 word_id=2664
time=2026-06-04T02:03:02.397+08:00 level=DEBUG msg="WordService.GetReviewQueue done" user_id=11 count=114
time=2026-06-04T02:03:02.431+08:00 level=DEBUG msg="WordStore.GetRecord called" user_id=11 word_id=2665
time=2026-06-04T02:03:02.439+08:00 level=DEBUG msg="UserStore.GetDailyGoals called" user_id=11
time=2026-06-04T02:03:02.482+08:00 level=DEBUG msg="word_record not found" user_id=11 word_id=2665
time=2026-06-04T02:03:02.483+08:00 level=DEBUG msg="UserStore.GetDailyGoals done" user_id=11
time=2026-06-04T02:03:02.485+08:00 level=DEBUG msg="WordStore.GetRecord called" user_id=11 word_id=2666
time=2026-06-04T02:03:02.516+08:00 level=DEBUG msg="word_record not found" user_id=11 word_id=2666
time=2026-06-04T02:03:02.517+08:00 level=DEBUG msg="WordStore.GetRecord called" user_id=11 word_id=2667
time=2026-06-04T02:03:02.560+08:00 level=DEBUG msg="word_record not found" user_id=11 word_id=2667
time=2026-06-04T02:03:02.563+08:00 level=DEBUG msg="WordStore.GetRecord called" user_id=11 word_id=2668
time=2026-06-04T02:03:02.594+08:00 level=DEBUG msg="word_record not found" user_id=11 word_id=2668
time=2026-06-04T02:03:02.629+08:00 level=DEBUG msg="WordStore.GetRecord called" user_id=11 word_id=2669
time=2026-06-04T02:03:02.649+08:00 level=DEBUG msg="word_record not found" user_id=11 word_id=2669
time=2026-06-04T02:03:02.681+08:00 level=DEBUG msg="WordStore.GetRecord called" user_id=11 word_id=2670
time=2026-06-04T02:03:02.682+08:00 level=DEBUG msg="word_record not found" user_id=11 word_id=2670
time=2026-06-04T02:03:02.683+08:00 level=DEBUG msg="WordStore.GetRecord called" user_id=11 word_id=2671
time=2026-06-04T02:03:02.706+08:00 level=DEBUG msg="word_record not found" user_id=11 word_id=2671
time=2026-06-04T02:03:02.715+08:00 level=DEBUG msg="WordStore.GetRecord called" user_id=11 word_id=2672
time=2026-06-04T02:03:02.749+08:00 level=DEBUG msg="word_record not found" user_id=11 word_id=2672
time=2026-06-04T02:03:02.780+08:00 level=DEBUG msg="WordStore.GetRecord called" user_id=11 word_id=2673
time=2026-06-04T02:03:02.804+08:00 level=DEBUG msg="word_record not found" user_id=11 word_id=2673
time=2026-06-04T02:03:02.829+08:00 level=DEBUG msg="WordStore.GetRecord called" user_id=11 word_id=2674
time=2026-06-04T02:03:02.881+08:00 level=DEBUG msg="word_record not found" user_id=11 word_id=2674
time=2026-06-04T02:03:02.893+08:00 level=DEBUG msg="WordStore.GetRecord called" user_id=11 word_id=2675
time=2026-06-04T02:03:02.958+08:00 level=DEBUG msg="word_record not found" user_id=11 word_id=2675
time=2026-06-04T02:03:03.013+08:00 level=DEBUG msg="WordStore.GetRecord called" user_id=11 word_id=2676
time=2026-06-04T02:03:03.014+08:00 level=DEBUG msg="word_record not found" user_id=11 word_id=2676
time=2026-06-04T02:03:03.030+08:00 level=DEBUG msg="WordStore.GetRecord called" user_id=11 word_id=2677
time=2026-06-04T02:03:03.080+08:00 level=DEBUG msg="word_record not found" user_id=11 word_id=2677
time=2026-06-04T02:03:03.091+08:00 level=DEBUG msg="WordStore.GetRecord called" user_id=11 word_id=2678
time=2026-06-04T02:03:03.125+08:00 level=DEBUG msg="word_record not found" user_id=11 word_id=2678
time=2026-06-04T02:03:03.179+08:00 level=DEBUG msg="WordStore.GetRecord called" user_id=11 word_id=2679
time=2026-06-04T02:03:03.191+08:00 level=DEBUG msg="word_record not found" user_id=11 word_id=2679
time=2026-06-04T02:03:03.224+08:00 level=DEBUG msg="WordStore.GetRecord called" user_id=11 word_id=2680
time=2026-06-04T02:03:03.268+08:00 level=DEBUG msg="word_record not found" user_id=11 word_id=2680
time=2026-06-04T02:03:03.301+08:00 level=DEBUG msg="WordStore.GetRecord called" user_id=11 word_id=2681
time=2026-06-04T02:03:03.345+08:00 level=DEBUG msg="word_record not found" user_id=11 word_id=2681
time=2026-06-04T02:03:03.378+08:00 level=DEBUG msg="WordStore.GetRecord called" user_id=11 word_id=2682
time=2026-06-04T02:03:03.422+08:00 level=DEBUG msg="word_record not found" user_id=11 word_id=2682
time=2026-06-04T02:03:03.424+08:00 level=DEBUG msg="WordStore.GetRecord called" user_id=11 word_id=2683
time=2026-06-04T02:03:03.445+08:00 level=DEBUG msg="word_record not found" user_id=11 word_id=2683
time=2026-06-04T02:03:03.488+08:00 level=DEBUG msg="WordStore.GetRecord called" user_id=11 word_id=2684
time=2026-06-04T02:03:03.489+08:00 level=DEBUG msg="word_record not found" user_id=11 word_id=2684
time=2026-06-04T02:03:03.501+08:00 level=DEBUG msg="WordStore.GetRecord called" user_id=11 word_id=2686
time=2026-06-04T02:03:03.555+08:00 level=DEBUG msg="word_record not found" user_id=11 word_id=2686
time=2026-06-04T02:03:03.566+08:00 level=DEBUG msg="WordStore.GetRecord called" user_id=11 word_id=2687
time=2026-06-04T02:03:03.589+08:00 level=DEBUG msg="word_record not found" user_id=11 word_id=2687
time=2026-06-04T02:03:03.632+08:00 level=DEBUG msg="WordStore.GetRecord called" user_id=11 word_id=2688
time=2026-06-04T02:03:03.633+08:00 level=DEBUG msg="word_record not found" user_id=11 word_id=2688
time=2026-06-04T02:03:03.657+08:00 level=DEBUG msg="WordStore.GetRecord called" user_id=11 word_id=2689
time=2026-06-04T02:03:03.699+08:00 level=DEBUG msg="word_record not found" user_id=11 word_id=2689
time=2026-06-04T02:03:03.700+08:00 level=DEBUG msg="WordStore.GetRecord called" user_id=11 word_id=2690
time=2026-06-04T02:03:03.765+08:00 level=DEBUG msg="word_record not found" user_id=11 word_id=2690
time=2026-06-04T02:03:03.779+08:00 level=DEBUG msg="WordStore.GetRecord called" user_id=11 word_id=2691
time=2026-06-04T02:03:03.831+08:00 level=DEBUG msg="word_record not found" user_id=11 word_id=2691
time=2026-06-04T02:03:03.846+08:00 level=DEBUG msg="WordStore.GetRecord called" user_id=11 word_id=2692
time=2026-06-04T02:03:03.897+08:00 level=DEBUG msg="word_record not found" user_id=11 word_id=2692
time=2026-06-04T02:03:03.898+08:00 level=DEBUG msg="WordStore.GetRecord called" user_id=11 word_id=2693
time=2026-06-04T02:03:03.942+08:00 level=DEBUG msg="word_record not found" user_id=11 word_id=2693
time=2026-06-04T02:03:03.953+08:00 level=DEBUG msg="WordStore.GetRecord called" user_id=11 word_id=2694
time=2026-06-04T02:03:04.008+08:00 level=DEBUG msg="word_record not found" user_id=11 word_id=2694
time=2026-06-04T02:03:04.052+08:00 level=DEBUG msg="WordStore.GetRecord called" user_id=11 word_id=2695
time=2026-06-04T02:03:04.097+08:00 level=DEBUG msg="word_record not found" user_id=11 word_id=2695
time=2026-06-04T02:03:04.108+08:00 level=DEBUG msg="WordStore.GetRecord called" user_id=11 word_id=2696
time=2026-06-04T02:03:04.130+08:00 level=DEBUG msg="word_record not found" user_id=11 word_id=2696
time=2026-06-04T02:03:04.164+08:00 level=DEBUG msg="WordStore.GetRecord called" user_id=11 word_id=2697
time=2026-06-04T02:03:04.209+08:00 level=DEBUG msg="word_record not found" user_id=11 word_id=2697
time=2026-06-04T02:03:04.264+08:00 level=DEBUG msg="WordStore.GetRecord called" user_id=11 word_id=2698
time=2026-06-04T02:03:04.330+08:00 level=DEBUG msg="word_record not found" user_id=11 word_id=2698
time=2026-06-04T02:03:04.353+08:00 level=DEBUG msg="WordStore.GetRecord called" user_id=11 word_id=2699
time=2026-06-04T02:03:04.463+08:00 level=DEBUG msg="word_record not found" user_id=11 word_id=2699
time=2026-06-04T02:03:04.465+08:00 level=DEBUG msg="WordStore.GetRecord called" user_id=11 word_id=2700
time=2026-06-04T02:03:04.542+08:00 level=DEBUG msg="word_record not found" user_id=11 word_id=2700
time=2026-06-04T02:03:04.580+08:00 level=DEBUG msg="WordStore.GetRecord called" user_id=11 word_id=4006
time=2026-06-04T02:03:04.627+08:00 level=DEBUG msg="word_record not found" user_id=11 word_id=4006
time=2026-06-04T02:03:04.647+08:00 level=DEBUG msg="WordStore.GetRecord called" user_id=11 word_id=4012
time=2026-06-04T02:03:04.674+08:00 level=DEBUG msg="word_record not found" user_id=11 word_id=4012
time=2026-06-04T02:03:04.675+08:00 level=DEBUG msg="WordStore.GetRecord called" user_id=11 word_id=4048
time=2026-06-04T02:03:04.713+08:00 level=DEBUG msg="word_record not found" user_id=11 word_id=4048
time=2026-06-04T02:03:04.749+08:00 level=DEBUG msg="WordStore.GetRecord called" user_id=11 word_id=4072
time=2026-06-04T02:03:04.760+08:00 level=DEBUG msg="word_record not found" user_id=11 word_id=4072
time=2026-06-04T02:03:04.785+08:00 level=DEBUG msg="WordStore.GetRecord called" user_id=11 word_id=4081
time=2026-06-04T02:03:04.826+08:00 level=DEBUG msg="word_record not found" user_id=11 word_id=4081
time=2026-06-04T02:03:04.837+08:00 level=DEBUG msg="WordStore.GetRecord called" user_id=11 word_id=4134
time=2026-06-04T02:03:04.884+08:00 level=DEBUG msg="word_record not found" user_id=11 word_id=4134
time=2026-06-04T02:03:04.914+08:00 level=DEBUG msg="WordStore.GetRecord called" user_id=11 word_id=4147
time=2026-06-04T02:03:04.972+08:00 level=DEBUG msg="word_record not found" user_id=11 word_id=4147
time=2026-06-04T02:03:05.002+08:00 level=DEBUG msg="WordStore.GetRecord called" user_id=11 word_id=6511
time=2026-06-04T02:03:05.014+08:00 level=DEBUG msg="word_record not found" user_id=11 word_id=6511
time=2026-06-04T02:03:05.031+08:00 level=DEBUG msg="WordStore.GetRecord called" user_id=11 word_id=6519
time=2026-06-04T02:03:05.080+08:00 level=DEBUG msg="word_record not found" user_id=11 word_id=6519
time=2026-06-04T02:03:05.092+08:00 level=DEBUG msg="WordStore.GetRecord called" user_id=11 word_id=6520
time=2026-06-04T02:03:05.138+08:00 level=DEBUG msg="word_record not found" user_id=11 word_id=6520
time=2026-06-04T02:03:05.159+08:00 level=DEBUG msg="WordStore.GetRecord called" user_id=11 word_id=6525
time=2026-06-04T02:03:05.204+08:00 level=DEBUG msg="word_record not found" user_id=11 word_id=6525
time=2026-06-04T02:03:05.246+08:00 level=DEBUG msg="WordStore.GetRecord called" user_id=11 word_id=6526
time=2026-06-04T02:03:05.258+08:00 level=DEBUG msg="word_record not found" user_id=11 word_id=6526
time=2026-06-04T02:03:05.281+08:00 level=DEBUG msg="WordStore.GetRecord called" user_id=11 word_id=6530
time=2026-06-04T02:03:05.335+08:00 level=DEBUG msg="word_record not found" user_id=11 word_id=6530
time=2026-06-04T02:03:05.346+08:00 level=DEBUG msg="WordStore.GetRecord called" user_id=11 word_id=6531
time=2026-06-04T02:03:05.371+08:00 level=DEBUG msg="word_record not found" user_id=11 word_id=6531
time=2026-06-04T02:03:05.398+08:00 level=DEBUG msg="WordStore.GetRecord called" user_id=11 word_id=6532
time=2026-06-04T02:03:05.424+08:00 level=DEBUG msg="word_record not found" user_id=11 word_id=6532
time=2026-06-04T02:03:05.481+08:00 level=DEBUG msg="WordStore.GetRecord called" user_id=11 word_id=6538
time=2026-06-04T02:03:05.522+08:00 level=DEBUG msg="word_record not found" user_id=11 word_id=6538
time=2026-06-04T02:03:05.547+08:00 level=DEBUG msg="WordStore.GetRecord called" user_id=11 word_id=6539
time=2026-06-04T02:03:05.589+08:00 level=DEBUG msg="word_record not found" user_id=11 word_id=6539
time=2026-06-04T02:03:05.613+08:00 level=DEBUG msg="WordStore.GetRecord called" user_id=11 word_id=6541
time=2026-06-04T02:03:05.644+08:00 level=DEBUG msg="word_record not found" user_id=11 word_id=6541
time=2026-06-04T02:03:05.656+08:00 level=DEBUG msg="WordStore.GetRecord called" user_id=11 word_id=6542
time=2026-06-04T02:03:05.681+08:00 level=DEBUG msg="word_record not found" user_id=11 word_id=6542
time=2026-06-04T02:03:05.733+08:00 level=DEBUG msg="WordStore.GetRecord called" user_id=11 word_id=6553
time=2026-06-04T02:03:05.745+08:00 level=DEBUG msg="word_record not found" user_id=11 word_id=6553
time=2026-06-04T02:03:05.787+08:00 level=DEBUG msg="WordStore.GetRecord called" user_id=11 word_id=6554
time=2026-06-04T02:03:05.789+08:00 level=DEBUG msg="word_record not found" user_id=11 word_id=6554
time=2026-06-04T02:03:05.843+08:00 level=DEBUG msg="WordStore.GetRecord called" user_id=11 word_id=6564
time=2026-06-04T02:03:05.867+08:00 level=DEBUG msg="word_record not found" user_id=11 word_id=6564
time=2026-06-04T02:03:05.868+08:00 level=DEBUG msg="WordStore.GetRecord called" user_id=11 word_id=6579
time=2026-06-04T02:03:05.913+08:00 level=DEBUG msg="word_record not found" user_id=11 word_id=6579
time=2026-06-04T02:03:05.931+08:00 level=DEBUG msg="WordStore.GetRecord called" user_id=11 word_id=6584
time=2026-06-04T02:03:05.967+08:00 level=DEBUG msg="word_record not found" user_id=11 word_id=6584
time=2026-06-04T02:03:05.997+08:00 level=DEBUG msg="WordStore.GetRecord called" user_id=11 word_id=6594
time=2026-06-04T02:03:06.031+08:00 level=DEBUG msg="word_record not found" user_id=11 word_id=6594
time=2026-06-04T02:03:06.048+08:00 level=DEBUG msg="WordStore.GetRecord called" user_id=11 word_id=6597
time=2026-06-04T02:03:06.095+08:00 level=DEBUG msg="word_record not found" user_id=11 word_id=6597
time=2026-06-04T02:03:06.106+08:00 level=DEBUG msg="WordStore.GetRecord called" user_id=11 word_id=6598
time=2026-06-04T02:03:06.133+08:00 level=DEBUG msg="word_record not found" user_id=11 word_id=6598
time=2026-06-04T02:03:06.155+08:00 level=DEBUG msg="WordStore.GetRecord called" user_id=11 word_id=6599
time=2026-06-04T02:03:06.156+08:00 level=DEBUG msg="word_record not found" user_id=11 word_id=6599
time=2026-06-04T02:03:06.197+08:00 level=DEBUG msg="WordStore.GetRecord called" user_id=11 word_id=6602
time=2026-06-04T02:03:06.241+08:00 level=DEBUG msg="word_record not found" user_id=11 word_id=6602
time=2026-06-04T02:03:06.252+08:00 level=DEBUG msg="WordStore.GetRecord called" user_id=11 word_id=6603
time=2026-06-04T02:03:06.296+08:00 level=DEBUG msg="word_record not found" user_id=11 word_id=6603
time=2026-06-04T02:03:06.298+08:00 level=DEBUG msg="WordStore.GetRecord called" user_id=11 word_id=6606
time=2026-06-04T02:03:06.352+08:00 level=DEBUG msg="word_record not found" user_id=11 word_id=6606
time=2026-06-04T02:03:06.380+08:00 level=DEBUG msg="WordStore.GetRecord called" user_id=11 word_id=6613
time=2026-06-04T02:03:06.396+08:00 level=DEBUG msg="word_record not found" user_id=11 word_id=6613
time=2026-06-04T02:03:06.431+08:00 level=DEBUG msg="WordStore.GetRecord called" user_id=11 word_id=6622
time=2026-06-04T02:03:06.473+08:00 level=DEBUG msg="word_record not found" user_id=11 word_id=6622
time=2026-06-04T02:03:06.484+08:00 level=DEBUG msg="WordStore.GetRecord called" user_id=11 word_id=6647
time=2026-06-04T02:03:06.509+08:00 level=DEBUG msg="word_record not found" user_id=11 word_id=6647
time=2026-06-04T02:03:06.559+08:00 level=DEBUG msg="WordStore.GetRecord called" user_id=11 word_id=6667
time=2026-06-04T02:03:06.573+08:00 level=DEBUG msg="word_record not found" user_id=11 word_id=6667
time=2026-06-04T02:03:06.575+08:00 level=DEBUG msg="WordStore.GetRecord called" user_id=11 word_id=6672
time=2026-06-04T02:03:06.630+08:00 level=DEBUG msg="word_record not found" user_id=11 word_id=6672
time=2026-06-04T02:03:06.631+08:00 level=DEBUG msg="WordStore.GetRecord called" user_id=11 word_id=6680
time=2026-06-04T02:03:06.683+08:00 level=DEBUG msg="word_record not found" user_id=11 word_id=6680
time=2026-06-04T02:03:06.684+08:00 level=DEBUG msg="WordStore.GetRecord called" user_id=11 word_id=6682
time=2026-06-04T02:03:06.719+08:00 level=DEBUG msg="word_record not found" user_id=11 word_id=6682
time=2026-06-04T02:03:06.720+08:00 level=DEBUG msg="WordStore.GetRecord called" user_id=11 word_id=6686
time=2026-06-04T02:03:06.796+08:00 level=DEBUG msg="word_record not found" user_id=11 word_id=6686
time=2026-06-04T02:03:06.798+08:00 level=DEBUG msg="WordStore.GetRecord called" user_id=11 word_id=6692
time=2026-06-04T02:03:06.871+08:00 level=DEBUG msg="word_record not found" user_id=11 word_id=6692
time=2026-06-04T02:03:06.872+08:00 level=DEBUG msg="WordStore.GetRecord called" user_id=11 word_id=6694
time=2026-06-04T02:03:06.926+08:00 level=DEBUG msg="word_record not found" user_id=11 word_id=6694
time=2026-06-04T02:03:06.958+08:00 level=DEBUG msg="WordStore.GetRecord called" user_id=11 word_id=6697
time=2026-06-04T02:03:07.028+08:00 level=DEBUG msg="word_record not found" user_id=11 word_id=6697
time=2026-06-04T02:03:07.050+08:00 level=DEBUG msg="WordStore.GetRecord called" user_id=11 word_id=6706
time=2026-06-04T02:03:07.052+08:00 level=DEBUG msg="word_record not found" user_id=11 word_id=6706
time=2026-06-04T02:03:07.125+08:00 level=DEBUG msg="WordStore.GetRecord called" user_id=11 word_id=6721
time=2026-06-04T02:03:07.150+08:00 level=DEBUG msg="word_record not found" user_id=11 word_id=6721
time=2026-06-04T02:03:07.202+08:00 level=DEBUG msg="WordStore.GetRecord called" user_id=11 word_id=6730
time=2026-06-04T02:03:07.215+08:00 level=DEBUG msg="word_record not found" user_id=11 word_id=6730
time=2026-06-04T02:03:07.249+08:00 level=DEBUG msg="WordStore.GetRecord called" user_id=11 word_id=6752
time=2026-06-04T02:03:07.291+08:00 level=DEBUG msg="word_record not found" user_id=11 word_id=6752
time=2026-06-04T02:03:07.302+08:00 level=DEBUG msg="WordStore.GetRecord called" user_id=11 word_id=6764
time=2026-06-04T02:03:07.339+08:00 level=DEBUG msg="word_record not found" user_id=11 word_id=6764
time=2026-06-04T02:03:07.371+08:00 level=DEBUG msg="WordStore.GetRecord called" user_id=11 word_id=6771
time=2026-06-04T02:03:07.380+08:00 level=DEBUG msg="word_record not found" user_id=11 word_id=6771
time=2026-06-04T02:03:07.414+08:00 level=DEBUG msg="WordStore.GetRecord called" user_id=11 word_id=6778
time=2026-06-04T02:03:07.448+08:00 level=DEBUG msg="word_record not found" user_id=11 word_id=6778
time=2026-06-04T02:03:07.479+08:00 level=DEBUG msg="WordStore.GetRecord called" user_id=11 word_id=6791
time=2026-06-04T02:03:07.503+08:00 level=DEBUG msg="word_record not found" user_id=11 word_id=6791
time=2026-06-04T02:03:07.531+08:00 level=DEBUG msg="WordStore.GetRecord called" user_id=11 word_id=6803
time=2026-06-04T02:03:07.534+08:00 level=DEBUG msg="word_record not found" user_id=11 word_id=6803
time=2026-06-04T02:03:07.563+08:00 level=DEBUG msg="WordStore.GetRecord called" user_id=11 word_id=6804
time=2026-06-04T02:03:07.600+08:00 level=DEBUG msg="word_record not found" user_id=11 word_id=6804
time=2026-06-04T02:03:07.612+08:00 level=DEBUG msg="WordStore.GetRecord called" user_id=11 word_id=6825
time=2026-06-04T02:03:07.636+08:00 level=DEBUG msg="word_record not found" user_id=11 word_id=6825
time=2026-06-04T02:03:07.677+08:00 level=DEBUG msg="WordService.GetReviewQueue done" user_id=11 count=114
time=2026-06-04T02:03:07.689+08:00 level=DEBUG msg="UserStore.GetDailyGoals called" user_id=11
time=2026-06-04T02:03:07.714+08:00 level=DEBUG msg="UserStore.GetDailyGoals done" user_id=11
time=2026-06-04T02:06:43.330+08:00 level=DEBUG msg="WordService.GetReviewQueue called" user_id=11 level=N5
time=2026-06-04T02:06:43.331+08:00 level=DEBUG msg="WordStoreAdapter.ListDueRecords called" user_id=11
time=2026-06-04T02:06:43.332+08:00 level=DEBUG msg="WordStore.ListDueRecords called" user_id=11 limit=200
time=2026-06-04T02:06:43.332+08:00 level=DEBUG msg="WordStore.ListDueRecords done" user_id=11 count=0
time=2026-06-04T02:06:43.333+08:00 level=DEBUG msg="WordStoreAdapter.ListByLevel called" level=N5
time=2026-06-04T02:06:43.334+08:00 level=DEBUG msg="WordStore.ListByLevel called" level=N5 page=1 size=10000
time=2026-06-04T02:06:43.335+08:00 level=DEBUG msg="WordStore.ListByLevel done" level=N5 count=114 total=114
time=2026-06-04T02:06:43.335+08:00 level=DEBUG msg="WordStore.GetRecord called" user_id=11 word_id=2472
time=2026-06-04T02:06:43.336+08:00 level=DEBUG msg="word_record not found" user_id=11 word_id=2472
time=2026-06-04T02:06:43.337+08:00 level=DEBUG msg="WordStore.GetRecord called" user_id=11 word_id=2482
time=2026-06-04T02:06:43.337+08:00 level=DEBUG msg="word_record not found" user_id=11 word_id=2482
time=2026-06-04T02:06:43.338+08:00 level=DEBUG msg="WordStore.GetRecord called" user_id=11 word_id=2641
time=2026-06-04T02:06:43.339+08:00 level=DEBUG msg="word_record not found" user_id=11 word_id=2641
time=2026-06-04T02:06:43.339+08:00 level=DEBUG msg="WordStore.GetRecord called" user_id=11 word_id=2642
time=2026-06-04T02:06:43.340+08:00 level=DEBUG msg="word_record not found" user_id=11 word_id=2642
time=2026-06-04T02:06:43.340+08:00 level=DEBUG msg="WordStore.GetRecord called" user_id=11 word_id=2643
time=2026-06-04T02:06:43.341+08:00 level=DEBUG msg="word_record not found" user_id=11 word_id=2643
time=2026-06-04T02:06:43.341+08:00 level=DEBUG msg="WordStore.GetRecord called" user_id=11 word_id=2644
time=2026-06-04T02:06:43.342+08:00 level=DEBUG msg="word_record not found" user_id=11 word_id=2644
time=2026-06-04T02:06:43.343+08:00 level=DEBUG msg="WordStore.GetRecord called" user_id=11 word_id=2645
time=2026-06-04T02:06:43.343+08:00 level=DEBUG msg="word_record not found" user_id=11 word_id=2645
time=2026-06-04T02:06:43.344+08:00 level=DEBUG msg="WordStore.GetRecord called" user_id=11 word_id=2646
time=2026-06-04T02:06:43.345+08:00 level=DEBUG msg="word_record not found" user_id=11 word_id=2646
time=2026-06-04T02:06:43.345+08:00 level=DEBUG msg="WordStore.GetRecord called" user_id=11 word_id=2647
time=2026-06-04T02:06:43.346+08:00 level=DEBUG msg="word_record not found" user_id=11 word_id=2647
time=2026-06-04T02:06:43.347+08:00 level=DEBUG msg="WordStore.GetRecord called" user_id=11 word_id=2648
time=2026-06-04T02:06:43.347+08:00 level=DEBUG msg="word_record not found" user_id=11 word_id=2648
time=2026-06-04T02:06:43.348+08:00 level=DEBUG msg="WordStore.GetRecord called" user_id=11 word_id=2649
time=2026-06-04T02:06:43.348+08:00 level=DEBUG msg="word_record not found" user_id=11 word_id=2649
time=2026-06-04T02:06:43.349+08:00 level=DEBUG msg="WordStore.GetRecord called" user_id=11 word_id=2650
time=2026-06-04T02:06:43.350+08:00 level=DEBUG msg="word_record not found" user_id=11 word_id=2650
time=2026-06-04T02:06:43.350+08:00 level=DEBUG msg="WordStore.GetRecord called" user_id=11 word_id=2651
time=2026-06-04T02:06:43.351+08:00 level=DEBUG msg="word_record not found" user_id=11 word_id=2651
time=2026-06-04T02:06:43.351+08:00 level=DEBUG msg="WordStore.GetRecord called" user_id=11 word_id=2652
time=2026-06-04T02:06:43.352+08:00 level=DEBUG msg="word_record not found" user_id=11 word_id=2652
time=2026-06-04T02:06:43.352+08:00 level=DEBUG msg="WordStore.GetRecord called" user_id=11 word_id=2653
time=2026-06-04T02:06:43.353+08:00 level=DEBUG msg="word_record not found" user_id=11 word_id=2653
time=2026-06-04T02:06:43.354+08:00 level=DEBUG msg="WordStore.GetRecord called" user_id=11 word_id=2654
time=2026-06-04T02:06:43.354+08:00 level=DEBUG msg="word_record not found" user_id=11 word_id=2654
time=2026-06-04T02:06:43.355+08:00 level=DEBUG msg="WordStore.GetRecord called" user_id=11 word_id=2655
time=2026-06-04T02:06:43.355+08:00 level=DEBUG msg="word_record not found" user_id=11 word_id=2655
time=2026-06-04T02:06:43.356+08:00 level=DEBUG msg="WordStore.GetRecord called" user_id=11 word_id=2656
time=2026-06-04T02:06:43.357+08:00 level=DEBUG msg="word_record not found" user_id=11 word_id=2656
time=2026-06-04T02:06:43.357+08:00 level=DEBUG msg="WordStore.GetRecord called" user_id=11 word_id=2657
time=2026-06-04T02:06:43.358+08:00 level=DEBUG msg="word_record not found" user_id=11 word_id=2657
time=2026-06-04T02:06:43.358+08:00 level=DEBUG msg="WordStore.GetRecord called" user_id=11 word_id=2658
time=2026-06-04T02:06:43.359+08:00 level=DEBUG msg="word_record not found" user_id=11 word_id=2658
time=2026-06-04T02:06:43.360+08:00 level=DEBUG msg="WordStore.GetRecord called" user_id=11 word_id=2659
time=2026-06-04T02:06:43.360+08:00 level=DEBUG msg="word_record not found" user_id=11 word_id=2659
time=2026-06-04T02:06:43.361+08:00 level=DEBUG msg="WordStore.GetRecord called" user_id=11 word_id=2660
time=2026-06-04T02:06:43.361+08:00 level=DEBUG msg="word_record not found" user_id=11 word_id=2660
time=2026-06-04T02:06:43.362+08:00 level=DEBUG msg="WordStore.GetRecord called" user_id=11 word_id=2661
time=2026-06-04T02:06:43.362+08:00 level=DEBUG msg="word_record not found" user_id=11 word_id=2661
time=2026-06-04T02:06:43.363+08:00 level=DEBUG msg="WordStore.GetRecord called" user_id=11 word_id=2662
time=2026-06-04T02:06:43.364+08:00 level=DEBUG msg="word_record not found" user_id=11 word_id=2662
time=2026-06-04T02:06:43.364+08:00 level=DEBUG msg="WordStore.GetRecord called" user_id=11 word_id=2663
time=2026-06-04T02:06:43.365+08:00 level=DEBUG msg="word_record not found" user_id=11 word_id=2663
time=2026-06-04T02:06:43.367+08:00 level=DEBUG msg="WordStore.GetRecord called" user_id=11 word_id=2664
time=2026-06-04T02:06:43.367+08:00 level=DEBUG msg="word_record not found" user_id=11 word_id=2664
time=2026-06-04T02:06:43.368+08:00 level=DEBUG msg="WordStore.GetRecord called" user_id=11 word_id=2665
time=2026-06-04T02:06:43.369+08:00 level=DEBUG msg="word_record not found" user_id=11 word_id=2665
time=2026-06-04T02:06:43.369+08:00 level=DEBUG msg="WordStore.GetRecord called" user_id=11 word_id=2666
time=2026-06-04T02:06:43.370+08:00 level=DEBUG msg="word_record not found" user_id=11 word_id=2666
time=2026-06-04T02:06:43.371+08:00 level=DEBUG msg="WordStore.GetRecord called" user_id=11 word_id=2667
time=2026-06-04T02:06:43.371+08:00 level=DEBUG msg="word_record not found" user_id=11 word_id=2667
time=2026-06-04T02:06:43.372+08:00 level=DEBUG msg="WordStore.GetRecord called" user_id=11 word_id=2668
time=2026-06-04T02:06:43.373+08:00 level=DEBUG msg="word_record not found" user_id=11 word_id=2668
time=2026-06-04T02:06:43.374+08:00 level=DEBUG msg="WordStore.GetRecord called" user_id=11 word_id=2669
time=2026-06-04T02:06:43.374+08:00 level=DEBUG msg="word_record not found" user_id=11 word_id=2669
time=2026-06-04T02:06:43.375+08:00 level=DEBUG msg="WordStore.GetRecord called" user_id=11 word_id=2670
time=2026-06-04T02:06:43.375+08:00 level=DEBUG msg="word_record not found" user_id=11 word_id=2670
time=2026-06-04T02:06:43.376+08:00 level=DEBUG msg="WordStore.GetRecord called" user_id=11 word_id=2671
time=2026-06-04T02:06:43.377+08:00 level=DEBUG msg="word_record not found" user_id=11 word_id=2671
time=2026-06-04T02:06:43.378+08:00 level=DEBUG msg="WordStore.GetRecord called" user_id=11 word_id=2672
time=2026-06-04T02:06:43.379+08:00 level=DEBUG msg="word_record not found" user_id=11 word_id=2672
time=2026-06-04T02:06:43.380+08:00 level=DEBUG msg="WordStore.GetRecord called" user_id=11 word_id=2673
time=2026-06-04T02:06:43.380+08:00 level=DEBUG msg="word_record not found" user_id=11 word_id=2673
time=2026-06-04T02:06:43.381+08:00 level=DEBUG msg="WordStore.GetRecord called" user_id=11 word_id=2674
time=2026-06-04T02:06:43.381+08:00 level=DEBUG msg="word_record not found" user_id=11 word_id=2674
time=2026-06-04T02:06:43.383+08:00 level=DEBUG msg="WordStore.GetRecord called" user_id=11 word_id=2675
time=2026-06-04T02:06:43.383+08:00 level=DEBUG msg="word_record not found" user_id=11 word_id=2675
time=2026-06-04T02:06:43.383+08:00 level=DEBUG msg="WordStore.GetRecord called" user_id=11 word_id=2676
time=2026-06-04T02:06:43.383+08:00 level=DEBUG msg="word_record not found" user_id=11 word_id=2676
time=2026-06-04T02:06:43.383+08:00 level=DEBUG msg="WordStore.GetRecord called" user_id=11 word_id=2677
time=2026-06-04T02:06:43.386+08:00 level=DEBUG msg="word_record not found" user_id=11 word_id=2677
time=2026-06-04T02:06:43.386+08:00 level=DEBUG msg="WordStore.GetRecord called" user_id=11 word_id=2678
time=2026-06-04T02:06:43.386+08:00 level=DEBUG msg="word_record not found" user_id=11 word_id=2678
time=2026-06-04T02:06:43.386+08:00 level=DEBUG msg="WordStore.GetRecord called" user_id=11 word_id=2679
time=2026-06-04T02:06:43.386+08:00 level=DEBUG msg="word_record not found" user_id=11 word_id=2679
time=2026-06-04T02:06:43.386+08:00 level=DEBUG msg="WordStore.GetRecord called" user_id=11 word_id=2680
time=2026-06-04T02:06:43.386+08:00 level=DEBUG msg="word_record not found" user_id=11 word_id=2680
time=2026-06-04T02:06:43.392+08:00 level=DEBUG msg="WordStore.GetRecord called" user_id=11 word_id=2681
time=2026-06-04T02:06:43.392+08:00 level=DEBUG msg="word_record not found" user_id=11 word_id=2681
time=2026-06-04T02:06:43.393+08:00 level=DEBUG msg="WordStore.GetRecord called" user_id=11 word_id=2682
time=2026-06-04T02:06:43.393+08:00 level=DEBUG msg="word_record not found" user_id=11 word_id=2682
time=2026-06-04T02:06:43.395+08:00 level=DEBUG msg="WordStore.GetRecord called" user_id=11 word_id=2683
time=2026-06-04T02:06:43.395+08:00 level=DEBUG msg="word_record not found" user_id=11 word_id=2683
time=2026-06-04T02:06:43.396+08:00 level=DEBUG msg="WordStore.GetRecord called" user_id=11 word_id=2684
time=2026-06-04T02:06:43.397+08:00 level=DEBUG msg="word_record not found" user_id=11 word_id=2684
time=2026-06-04T02:06:43.397+08:00 level=DEBUG msg="WordStore.GetRecord called" user_id=11 word_id=2686
time=2026-06-04T02:06:43.398+08:00 level=DEBUG msg="word_record not found" user_id=11 word_id=2686
time=2026-06-04T02:06:43.399+08:00 level=DEBUG msg="WordStore.GetRecord called" user_id=11 word_id=2687
time=2026-06-04T02:06:43.400+08:00 level=DEBUG msg="word_record not found" user_id=11 word_id=2687
time=2026-06-04T02:06:43.401+08:00 level=DEBUG msg="WordStore.GetRecord called" user_id=11 word_id=2688
time=2026-06-04T02:06:43.402+08:00 level=DEBUG msg="word_record not found" user_id=11 word_id=2688
time=2026-06-04T02:06:43.402+08:00 level=DEBUG msg="WordStore.GetRecord called" user_id=11 word_id=2689
time=2026-06-04T02:06:43.403+08:00 level=DEBUG msg="word_record not found" user_id=11 word_id=2689
time=2026-06-04T02:06:43.404+08:00 level=DEBUG msg="WordStore.GetRecord called" user_id=11 word_id=2690
time=2026-06-04T02:06:43.404+08:00 level=DEBUG msg="word_record not found" user_id=11 word_id=2690
time=2026-06-04T02:06:43.405+08:00 level=DEBUG msg="WordStore.GetRecord called" user_id=11 word_id=2691
time=2026-06-04T02:06:43.406+08:00 level=DEBUG msg="word_record not found" user_id=11 word_id=2691
time=2026-06-04T02:06:43.406+08:00 level=DEBUG msg="WordStore.GetRecord called" user_id=11 word_id=2692
time=2026-06-04T02:06:43.407+08:00 level=DEBUG msg="word_record not found" user_id=11 word_id=2692
time=2026-06-04T02:06:43.408+08:00 level=DEBUG msg="WordStore.GetRecord called" user_id=11 word_id=2693
time=2026-06-04T02:06:43.408+08:00 level=DEBUG msg="word_record not found" user_id=11 word_id=2693
time=2026-06-04T02:06:43.410+08:00 level=DEBUG msg="WordStore.GetRecord called" user_id=11 word_id=2694
time=2026-06-04T02:06:43.411+08:00 level=DEBUG msg="word_record not found" user_id=11 word_id=2694
time=2026-06-04T02:06:43.411+08:00 level=DEBUG msg="WordStore.GetRecord called" user_id=11 word_id=2695
time=2026-06-04T02:06:43.413+08:00 level=DEBUG msg="word_record not found" user_id=11 word_id=2695
time=2026-06-04T02:06:43.413+08:00 level=DEBUG msg="WordStore.GetRecord called" user_id=11 word_id=2696
time=2026-06-04T02:06:43.414+08:00 level=DEBUG msg="word_record not found" user_id=11 word_id=2696
time=2026-06-04T02:06:43.414+08:00 level=DEBUG msg="WordStore.GetRecord called" user_id=11 word_id=2697
time=2026-06-04T02:06:43.415+08:00 level=DEBUG msg="word_record not found" user_id=11 word_id=2697
time=2026-06-04T02:06:43.416+08:00 level=DEBUG msg="WordStore.GetRecord called" user_id=11 word_id=2698
time=2026-06-04T02:06:43.416+08:00 level=DEBUG msg="word_record not found" user_id=11 word_id=2698
time=2026-06-04T02:06:43.417+08:00 level=DEBUG msg="WordStore.GetRecord called" user_id=11 word_id=2699
time=2026-06-04T02:06:43.418+08:00 level=DEBUG msg="word_record not found" user_id=11 word_id=2699
time=2026-06-04T02:06:43.418+08:00 level=DEBUG msg="WordStore.GetRecord called" user_id=11 word_id=2700
time=2026-06-04T02:06:43.419+08:00 level=DEBUG msg="word_record not found" user_id=11 word_id=2700
time=2026-06-04T02:06:43.419+08:00 level=DEBUG msg="WordStore.GetRecord called" user_id=11 word_id=4006
time=2026-06-04T02:06:43.420+08:00 level=DEBUG msg="word_record not found" user_id=11 word_id=4006
time=2026-06-04T02:06:43.422+08:00 level=DEBUG msg="WordStore.GetRecord called" user_id=11 word_id=4012
time=2026-06-04T02:06:43.422+08:00 level=DEBUG msg="word_record not found" user_id=11 word_id=4012
time=2026-06-04T02:06:43.423+08:00 level=DEBUG msg="WordStore.GetRecord called" user_id=11 word_id=4048
time=2026-06-04T02:06:43.424+08:00 level=DEBUG msg="word_record not found" user_id=11 word_id=4048
time=2026-06-04T02:06:43.425+08:00 level=DEBUG msg="WordStore.GetRecord called" user_id=11 word_id=4072
time=2026-06-04T02:06:43.425+08:00 level=DEBUG msg="word_record not found" user_id=11 word_id=4072
time=2026-06-04T02:06:43.426+08:00 level=DEBUG msg="WordStore.GetRecord called" user_id=11 word_id=4081
time=2026-06-04T02:06:43.427+08:00 level=DEBUG msg="word_record not found" user_id=11 word_id=4081
time=2026-06-04T02:06:43.427+08:00 level=DEBUG msg="WordStore.GetRecord called" user_id=11 word_id=4134
time=2026-06-04T02:06:43.428+08:00 level=DEBUG msg="word_record not found" user_id=11 word_id=4134
time=2026-06-04T02:06:43.428+08:00 level=DEBUG msg="WordStore.GetRecord called" user_id=11 word_id=4147
time=2026-06-04T02:06:43.429+08:00 level=DEBUG msg="word_record not found" user_id=11 word_id=4147
time=2026-06-04T02:06:43.430+08:00 level=DEBUG msg="WordStore.GetRecord called" user_id=11 word_id=6511
time=2026-06-04T02:06:43.430+08:00 level=DEBUG msg="word_record not found" user_id=11 word_id=6511
time=2026-06-04T02:06:43.431+08:00 level=DEBUG msg="WordStore.GetRecord called" user_id=11 word_id=6519
time=2026-06-04T02:06:43.433+08:00 level=DEBUG msg="word_record not found" user_id=11 word_id=6519
time=2026-06-04T02:06:43.433+08:00 level=DEBUG msg="WordStore.GetRecord called" user_id=11 word_id=6520
time=2026-06-04T02:06:43.434+08:00 level=DEBUG msg="word_record not found" user_id=11 word_id=6520
time=2026-06-04T02:06:43.435+08:00 level=DEBUG msg="WordStore.GetRecord called" user_id=11 word_id=6525
time=2026-06-04T02:06:43.436+08:00 level=DEBUG msg="word_record not found" user_id=11 word_id=6525
time=2026-06-04T02:06:43.436+08:00 level=DEBUG msg="WordStore.GetRecord called" user_id=11 word_id=6526
time=2026-06-04T02:06:43.437+08:00 level=DEBUG msg="word_record not found" user_id=11 word_id=6526
time=2026-06-04T02:06:43.438+08:00 level=DEBUG msg="WordStore.GetRecord called" user_id=11 word_id=6530
time=2026-06-04T02:06:43.438+08:00 level=DEBUG msg="word_record not found" user_id=11 word_id=6530
time=2026-06-04T02:06:43.439+08:00 level=DEBUG msg="WordStore.GetRecord called" user_id=11 word_id=6531
time=2026-06-04T02:06:43.440+08:00 level=DEBUG msg="word_record not found" user_id=11 word_id=6531
time=2026-06-04T02:06:43.440+08:00 level=DEBUG msg="WordStore.GetRecord called" user_id=11 word_id=6532
time=2026-06-04T02:06:43.441+08:00 level=DEBUG msg="word_record not found" user_id=11 word_id=6532
time=2026-06-04T02:06:43.442+08:00 level=DEBUG msg="WordStore.GetRecord called" user_id=11 word_id=6538
time=2026-06-04T02:06:43.443+08:00 level=DEBUG msg="word_record not found" user_id=11 word_id=6538
time=2026-06-04T02:06:43.444+08:00 level=DEBUG msg="WordStore.GetRecord called" user_id=11 word_id=6539
time=2026-06-04T02:06:43.444+08:00 level=DEBUG msg="word_record not found" user_id=11 word_id=6539
time=2026-06-04T02:06:43.445+08:00 level=DEBUG msg="WordStore.GetRecord called" user_id=11 word_id=6541
time=2026-06-04T02:06:43.446+08:00 level=DEBUG msg="word_record not found" user_id=11 word_id=6541
time=2026-06-04T02:06:43.447+08:00 level=DEBUG msg="WordStore.GetRecord called" user_id=11 word_id=6542
time=2026-06-04T02:06:43.447+08:00 level=DEBUG msg="word_record not found" user_id=11 word_id=6542
time=2026-06-04T02:06:43.448+08:00 level=DEBUG msg="WordStore.GetRecord called" user_id=11 word_id=6553
time=2026-06-04T02:06:43.449+08:00 level=DEBUG msg="word_record not found" user_id=11 word_id=6553
time=2026-06-04T02:06:43.450+08:00 level=DEBUG msg="WordStore.GetRecord called" user_id=11 word_id=6554
time=2026-06-04T02:06:43.450+08:00 level=DEBUG msg="word_record not found" user_id=11 word_id=6554
time=2026-06-04T02:06:43.451+08:00 level=DEBUG msg="WordStore.GetRecord called" user_id=11 word_id=6564
time=2026-06-04T02:06:43.452+08:00 level=DEBUG msg="word_record not found" user_id=11 word_id=6564
time=2026-06-04T02:06:43.452+08:00 level=DEBUG msg="WordStore.GetRecord called" user_id=11 word_id=6579
time=2026-06-04T02:06:43.453+08:00 level=DEBUG msg="word_record not found" user_id=11 word_id=6579
time=2026-06-04T02:06:43.455+08:00 level=DEBUG msg="WordStore.GetRecord called" user_id=11 word_id=6584
time=2026-06-04T02:06:43.455+08:00 level=DEBUG msg="word_record not found" user_id=11 word_id=6584
time=2026-06-04T02:06:43.456+08:00 level=DEBUG msg="WordStore.GetRecord called" user_id=11 word_id=6594
time=2026-06-04T02:06:43.457+08:00 level=DEBUG msg="word_record not found" user_id=11 word_id=6594
time=2026-06-04T02:06:43.457+08:00 level=DEBUG msg="WordStore.GetRecord called" user_id=11 word_id=6597
time=2026-06-04T02:06:43.458+08:00 level=DEBUG msg="word_record not found" user_id=11 word_id=6597
time=2026-06-04T02:06:43.459+08:00 level=DEBUG msg="WordStore.GetRecord called" user_id=11 word_id=6598
time=2026-06-04T02:06:43.459+08:00 level=DEBUG msg="word_record not found" user_id=11 word_id=6598
time=2026-06-04T02:06:43.460+08:00 level=DEBUG msg="WordStore.GetRecord called" user_id=11 word_id=6599
time=2026-06-04T02:06:43.461+08:00 level=DEBUG msg="word_record not found" user_id=11 word_id=6599
time=2026-06-04T02:06:43.461+08:00 level=DEBUG msg="WordStore.GetRecord called" user_id=11 word_id=6602
time=2026-06-04T02:06:43.462+08:00 level=DEBUG msg="word_record not found" user_id=11 word_id=6602
time=2026-06-04T02:06:43.463+08:00 level=DEBUG msg="WordStore.GetRecord called" user_id=11 word_id=6603
time=2026-06-04T02:06:43.463+08:00 level=DEBUG msg="word_record not found" user_id=11 word_id=6603
time=2026-06-04T02:06:43.464+08:00 level=DEBUG msg="WordStore.GetRecord called" user_id=11 word_id=6606
time=2026-06-04T02:06:43.464+08:00 level=DEBUG msg="word_record not found" user_id=11 word_id=6606
time=2026-06-04T02:06:43.464+08:00 level=DEBUG msg="WordStore.GetRecord called" user_id=11 word_id=6613
time=2026-06-04T02:06:43.467+08:00 level=DEBUG msg="word_record not found" user_id=11 word_id=6613
time=2026-06-04T02:06:43.467+08:00 level=DEBUG msg="WordStore.GetRecord called" user_id=11 word_id=6622
time=2026-06-04T02:06:43.467+08:00 level=DEBUG msg="word_record not found" user_id=11 word_id=6622
time=2026-06-04T02:06:43.467+08:00 level=DEBUG msg="WordStore.GetRecord called" user_id=11 word_id=6647
time=2026-06-04T02:06:43.467+08:00 level=DEBUG msg="word_record not found" user_id=11 word_id=6647
time=2026-06-04T02:06:43.467+08:00 level=DEBUG msg="WordStore.GetRecord called" user_id=11 word_id=6667
time=2026-06-04T02:06:43.467+08:00 level=DEBUG msg="word_record not found" user_id=11 word_id=6667
time=2026-06-04T02:06:43.467+08:00 level=DEBUG msg="WordStore.GetRecord called" user_id=11 word_id=6672
time=2026-06-04T02:06:43.473+08:00 level=DEBUG msg="word_record not found" user_id=11 word_id=6672
time=2026-06-04T02:06:43.474+08:00 level=DEBUG msg="WordStore.GetRecord called" user_id=11 word_id=6680
time=2026-06-04T02:06:43.475+08:00 level=DEBUG msg="word_record not found" user_id=11 word_id=6680
time=2026-06-04T02:06:43.475+08:00 level=DEBUG msg="WordStore.GetRecord called" user_id=11 word_id=6682
time=2026-06-04T02:06:43.477+08:00 level=DEBUG msg="word_record not found" user_id=11 word_id=6682
time=2026-06-04T02:06:43.477+08:00 level=DEBUG msg="WordStore.GetRecord called" user_id=11 word_id=6686
time=2026-06-04T02:06:43.478+08:00 level=DEBUG msg="word_record not found" user_id=11 word_id=6686
time=2026-06-04T02:06:43.479+08:00 level=DEBUG msg="WordStore.GetRecord called" user_id=11 word_id=6692
time=2026-06-04T02:06:43.480+08:00 level=DEBUG msg="word_record not found" user_id=11 word_id=6692
time=2026-06-04T02:06:43.481+08:00 level=DEBUG msg="WordStore.GetRecord called" user_id=11 word_id=6694
time=2026-06-04T02:06:43.481+08:00 level=DEBUG msg="word_record not found" user_id=11 word_id=6694
time=2026-06-04T02:06:43.482+08:00 level=DEBUG msg="WordStore.GetRecord called" user_id=11 word_id=6697
time=2026-06-04T02:06:43.483+08:00 level=DEBUG msg="word_record not found" user_id=11 word_id=6697
time=2026-06-04T02:06:43.483+08:00 level=DEBUG msg="WordStore.GetRecord called" user_id=11 word_id=6706
time=2026-06-04T02:06:43.484+08:00 level=DEBUG msg="word_record not found" user_id=11 word_id=6706
time=2026-06-04T02:06:43.484+08:00 level=DEBUG msg="WordStore.GetRecord called" user_id=11 word_id=6721
time=2026-06-04T02:06:43.485+08:00 level=DEBUG msg="word_record not found" user_id=11 word_id=6721
time=2026-06-04T02:06:43.486+08:00 level=DEBUG msg="WordStore.GetRecord called" user_id=11 word_id=6730
time=2026-06-04T02:06:43.487+08:00 level=DEBUG msg="word_record not found" user_id=11 word_id=6730
time=2026-06-04T02:06:43.488+08:00 level=DEBUG msg="WordStore.GetRecord called" user_id=11 word_id=6752
time=2026-06-04T02:06:43.489+08:00 level=DEBUG msg="word_record not found" user_id=11 word_id=6752
time=2026-06-04T02:06:43.489+08:00 level=DEBUG msg="WordStore.GetRecord called" user_id=11 word_id=6764
time=2026-06-04T02:06:43.490+08:00 level=DEBUG msg="word_record not found" user_id=11 word_id=6764
time=2026-06-04T02:06:43.491+08:00 level=DEBUG msg="WordStore.GetRecord called" user_id=11 word_id=6771
time=2026-06-04T02:06:43.491+08:00 level=DEBUG msg="word_record not found" user_id=11 word_id=6771
time=2026-06-04T02:06:43.492+08:00 level=DEBUG msg="WordStore.GetRecord called" user_id=11 word_id=6778
time=2026-06-04T02:06:43.493+08:00 level=DEBUG msg="word_record not found" user_id=11 word_id=6778
time=2026-06-04T02:06:43.494+08:00 level=DEBUG msg="WordStore.GetRecord called" user_id=11 word_id=6791
time=2026-06-04T02:06:43.494+08:00 level=DEBUG msg="word_record not found" user_id=11 word_id=6791
time=2026-06-04T02:06:43.495+08:00 level=DEBUG msg="WordStore.GetRecord called" user_id=11 word_id=6803
time=2026-06-04T02:06:43.496+08:00 level=DEBUG msg="word_record not found" user_id=11 word_id=6803
time=2026-06-04T02:06:43.496+08:00 level=DEBUG msg="WordStore.GetRecord called" user_id=11 word_id=6804
time=2026-06-04T02:06:43.497+08:00 level=DEBUG msg="word_record not found" user_id=11 word_id=6804
time=2026-06-04T02:06:43.498+08:00 level=DEBUG msg="WordStore.GetRecord called" user_id=11 word_id=6825
time=2026-06-04T02:06:43.499+08:00 level=DEBUG msg="word_record not found" user_id=11 word_id=6825
time=2026-06-04T02:06:43.500+08:00 level=DEBUG msg="WordService.GetReviewQueue done" user_id=11 count=114
time=2026-06-04T02:06:43.500+08:00 level=DEBUG msg="UserStore.GetDailyGoals called" user_id=11
time=2026-06-04T02:06:43.501+08:00 level=DEBUG msg="UserStore.GetDailyGoals done" user_id=11
time=2026-06-04T02:06:43.505+08:00 level=DEBUG msg="WordService.GetReviewQueue called" user_id=11 level=N5
time=2026-06-04T02:06:43.505+08:00 level=DEBUG msg="WordStoreAdapter.ListDueRecords called" user_id=11
time=2026-06-04T02:06:43.506+08:00 level=DEBUG msg="WordStore.ListDueRecords called" user_id=11 limit=200
time=2026-06-04T02:06:43.507+08:00 level=DEBUG msg="WordStore.ListDueRecords done" user_id=11 count=0
time=2026-06-04T02:06:43.507+08:00 level=DEBUG msg="WordStoreAdapter.ListByLevel called" level=N5
time=2026-06-04T02:06:43.508+08:00 level=DEBUG msg="WordStore.ListByLevel called" level=N5 page=1 size=10000
time=2026-06-04T02:06:43.509+08:00 level=DEBUG msg="WordStore.ListByLevel done" level=N5 count=114 total=114
time=2026-06-04T02:06:43.510+08:00 level=DEBUG msg="WordStore.GetRecord called" user_id=11 word_id=2472
time=2026-06-04T02:06:43.511+08:00 level=DEBUG msg="word_record not found" user_id=11 word_id=2472
time=2026-06-04T02:06:43.512+08:00 level=DEBUG msg="WordStore.GetRecord called" user_id=11 word_id=2482
time=2026-06-04T02:06:43.512+08:00 level=DEBUG msg="word_record not found" user_id=11 word_id=2482
time=2026-06-04T02:06:43.513+08:00 level=DEBUG msg="WordStore.GetRecord called" user_id=11 word_id=2641
time=2026-06-04T02:06:43.514+08:00 level=DEBUG msg="word_record not found" user_id=11 word_id=2641
time=2026-06-04T02:06:43.514+08:00 level=DEBUG msg="WordStore.GetRecord called" user_id=11 word_id=2642
time=2026-06-04T02:06:43.515+08:00 level=DEBUG msg="word_record not found" user_id=11 word_id=2642
time=2026-06-04T02:06:43.516+08:00 level=DEBUG msg="WordStore.GetRecord called" user_id=11 word_id=2643
time=2026-06-04T02:06:43.517+08:00 level=DEBUG msg="word_record not found" user_id=11 word_id=2643
time=2026-06-04T02:06:43.517+08:00 level=DEBUG msg="WordStore.GetRecord called" user_id=11 word_id=2644
time=2026-06-04T02:06:43.518+08:00 level=DEBUG msg="word_record not found" user_id=11 word_id=2644
time=2026-06-04T02:06:43.519+08:00 level=DEBUG msg="WordStore.GetRecord called" user_id=11 word_id=2645
time=2026-06-04T02:06:43.520+08:00 level=DEBUG msg="word_record not found" user_id=11 word_id=2645
time=2026-06-04T02:06:43.521+08:00 level=DEBUG msg="WordStore.GetRecord called" user_id=11 word_id=2646
time=2026-06-04T02:06:43.522+08:00 level=DEBUG msg="word_record not found" user_id=11 word_id=2646
time=2026-06-04T02:06:43.523+08:00 level=DEBUG msg="WordStore.GetRecord called" user_id=11 word_id=2647
time=2026-06-04T02:06:43.523+08:00 level=DEBUG msg="word_record not found" user_id=11 word_id=2647
time=2026-06-04T02:06:43.524+08:00 level=DEBUG msg="WordStore.GetRecord called" user_id=11 word_id=2648
time=2026-06-04T02:06:43.525+08:00 level=DEBUG msg="word_record not found" user_id=11 word_id=2648
time=2026-06-04T02:06:43.525+08:00 level=DEBUG msg="WordStore.GetRecord called" user_id=11 word_id=2649
time=2026-06-04T02:06:43.526+08:00 level=DEBUG msg="word_record not found" user_id=11 word_id=2649
time=2026-06-04T02:06:43.527+08:00 level=DEBUG msg="WordStore.GetRecord called" user_id=11 word_id=2650
time=2026-06-04T02:06:43.527+08:00 level=DEBUG msg="word_record not found" user_id=11 word_id=2650
time=2026-06-04T02:06:43.528+08:00 level=DEBUG msg="WordStore.GetRecord called" user_id=11 word_id=2651
time=2026-06-04T02:06:43.529+08:00 level=DEBUG msg="word_record not found" user_id=11 word_id=2651
time=2026-06-04T02:06:43.529+08:00 level=DEBUG msg="WordStore.GetRecord called" user_id=11 word_id=2652
time=2026-06-04T02:06:43.530+08:00 level=DEBUG msg="word_record not found" user_id=11 word_id=2652
time=2026-06-04T02:06:43.531+08:00 level=DEBUG msg="WordStore.GetRecord called" user_id=11 word_id=2653
time=2026-06-04T02:06:43.532+08:00 level=DEBUG msg="word_record not found" user_id=11 word_id=2653
time=2026-06-04T02:06:43.532+08:00 level=DEBUG msg="WordStore.GetRecord called" user_id=11 word_id=2654
time=2026-06-04T02:06:43.534+08:00 level=DEBUG msg="word_record not found" user_id=11 word_id=2654
time=2026-06-04T02:06:43.534+08:00 level=DEBUG msg="WordStore.GetRecord called" user_id=11 word_id=2655
time=2026-06-04T02:06:43.534+08:00 level=DEBUG msg="word_record not found" user_id=11 word_id=2655
time=2026-06-04T02:06:43.534+08:00 level=DEBUG msg="WordStore.GetRecord called" user_id=11 word_id=2656
time=2026-06-04T02:06:43.537+08:00 level=DEBUG msg="word_record not found" user_id=11 word_id=2656
time=2026-06-04T02:06:43.537+08:00 level=DEBUG msg="WordStore.GetRecord called" user_id=11 word_id=2657
time=2026-06-04T02:06:43.539+08:00 level=DEBUG msg="word_record not found" user_id=11 word_id=2657
time=2026-06-04T02:06:43.539+08:00 level=DEBUG msg="WordStore.GetRecord called" user_id=11 word_id=2658
time=2026-06-04T02:06:43.540+08:00 level=DEBUG msg="word_record not found" user_id=11 word_id=2658
time=2026-06-04T02:06:43.540+08:00 level=DEBUG msg="WordStore.GetRecord called" user_id=11 word_id=2659
time=2026-06-04T02:06:43.541+08:00 level=DEBUG msg="word_record not found" user_id=11 word_id=2659
time=2026-06-04T02:06:43.542+08:00 level=DEBUG msg="WordStore.GetRecord called" user_id=11 word_id=2660
time=2026-06-04T02:06:43.543+08:00 level=DEBUG msg="word_record not found" user_id=11 word_id=2660
time=2026-06-04T02:06:43.544+08:00 level=DEBUG msg="WordStore.GetRecord called" user_id=11 word_id=2661
time=2026-06-04T02:06:43.545+08:00 level=DEBUG msg="word_record not found" user_id=11 word_id=2661
time=2026-06-04T02:06:43.546+08:00 level=DEBUG msg="WordStore.GetRecord called" user_id=11 word_id=2662
time=2026-06-04T02:06:43.546+08:00 level=DEBUG msg="word_record not found" user_id=11 word_id=2662
time=2026-06-04T02:06:43.547+08:00 level=DEBUG msg="WordStore.GetRecord called" user_id=11 word_id=2663
time=2026-06-04T02:06:43.548+08:00 level=DEBUG msg="word_record not found" user_id=11 word_id=2663
time=2026-06-04T02:06:43.548+08:00 level=DEBUG msg="WordStore.GetRecord called" user_id=11 word_id=2664
time=2026-06-04T02:06:43.549+08:00 level=DEBUG msg="word_record not found" user_id=11 word_id=2664
time=2026-06-04T02:06:43.550+08:00 level=DEBUG msg="WordStore.GetRecord called" user_id=11 word_id=2665
time=2026-06-04T02:06:43.551+08:00 level=DEBUG msg="word_record not found" user_id=11 word_id=2665
time=2026-06-04T02:06:43.551+08:00 level=DEBUG msg="WordStore.GetRecord called" user_id=11 word_id=2666
time=2026-06-04T02:06:43.552+08:00 level=DEBUG msg="word_record not found" user_id=11 word_id=2666
time=2026-06-04T02:06:43.554+08:00 level=DEBUG msg="WordStore.GetRecord called" user_id=11 word_id=2667
time=2026-06-04T02:06:43.554+08:00 level=DEBUG msg="word_record not found" user_id=11 word_id=2667
time=2026-06-04T02:06:43.555+08:00 level=DEBUG msg="WordStore.GetRecord called" user_id=11 word_id=2668
time=2026-06-04T02:06:43.556+08:00 level=DEBUG msg="word_record not found" user_id=11 word_id=2668
time=2026-06-04T02:06:43.556+08:00 level=DEBUG msg="WordStore.GetRecord called" user_id=11 word_id=2669
time=2026-06-04T02:06:43.557+08:00 level=DEBUG msg="word_record not found" user_id=11 word_id=2669
time=2026-06-04T02:06:43.558+08:00 level=DEBUG msg="WordStore.GetRecord called" user_id=11 word_id=2670
time=2026-06-04T02:06:43.559+08:00 level=DEBUG msg="word_record not found" user_id=11 word_id=2670
time=2026-06-04T02:06:43.559+08:00 level=DEBUG msg="WordStore.GetRecord called" user_id=11 word_id=2671
time=2026-06-04T02:06:43.560+08:00 level=DEBUG msg="word_record not found" user_id=11 word_id=2671
time=2026-06-04T02:06:43.560+08:00 level=DEBUG msg="WordStore.GetRecord called" user_id=11 word_id=2672
time=2026-06-04T02:06:43.561+08:00 level=DEBUG msg="word_record not found" user_id=11 word_id=2672
time=2026-06-04T02:06:43.562+08:00 level=DEBUG msg="WordStore.GetRecord called" user_id=11 word_id=2673
time=2026-06-04T02:06:43.563+08:00 level=DEBUG msg="word_record not found" user_id=11 word_id=2673
time=2026-06-04T02:06:43.563+08:00 level=DEBUG msg="WordStore.GetRecord called" user_id=11 word_id=2674
time=2026-06-04T02:06:43.565+08:00 level=DEBUG msg="word_record not found" user_id=11 word_id=2674
time=2026-06-04T02:06:43.566+08:00 level=DEBUG msg="WordStore.GetRecord called" user_id=11 word_id=2675
time=2026-06-04T02:06:43.567+08:00 level=DEBUG msg="word_record not found" user_id=11 word_id=2675
time=2026-06-04T02:06:43.567+08:00 level=DEBUG msg="WordStore.GetRecord called" user_id=11 word_id=2676
time=2026-06-04T02:06:43.568+08:00 level=DEBUG msg="word_record not found" user_id=11 word_id=2676
time=2026-06-04T02:06:43.568+08:00 level=DEBUG msg="WordStore.GetRecord called" user_id=11 word_id=2677
time=2026-06-04T02:06:43.568+08:00 level=DEBUG msg="word_record not found" user_id=11 word_id=2677
time=2026-06-04T02:06:43.568+08:00 level=DEBUG msg="WordStore.GetRecord called" user_id=11 word_id=2678
time=2026-06-04T02:06:43.568+08:00 level=DEBUG msg="word_record not found" user_id=11 word_id=2678
time=2026-06-04T02:06:43.571+08:00 level=DEBUG msg="WordStore.GetRecord called" user_id=11 word_id=2679
time=2026-06-04T02:06:43.571+08:00 level=DEBUG msg="word_record not found" user_id=11 word_id=2679
time=2026-06-04T02:06:43.571+08:00 level=DEBUG msg="WordStore.GetRecord called" user_id=11 word_id=2680
time=2026-06-04T02:06:43.571+08:00 level=DEBUG msg="word_record not found" user_id=11 word_id=2680
time=2026-06-04T02:06:43.574+08:00 level=DEBUG msg="WordStore.GetRecord called" user_id=11 word_id=2681
time=2026-06-04T02:06:43.575+08:00 level=DEBUG msg="word_record not found" user_id=11 word_id=2681
time=2026-06-04T02:06:43.577+08:00 level=DEBUG msg="WordStore.GetRecord called" user_id=11 word_id=2682
time=2026-06-04T02:06:43.577+08:00 level=DEBUG msg="word_record not found" user_id=11 word_id=2682
time=2026-06-04T02:06:43.578+08:00 level=DEBUG msg="WordStore.GetRecord called" user_id=11 word_id=2683
time=2026-06-04T02:06:43.579+08:00 level=DEBUG msg="word_record not found" user_id=11 word_id=2683
time=2026-06-04T02:06:43.580+08:00 level=DEBUG msg="WordStore.GetRecord called" user_id=11 word_id=2684
time=2026-06-04T02:06:43.580+08:00 level=DEBUG msg="word_record not found" user_id=11 word_id=2684
time=2026-06-04T02:06:43.581+08:00 level=DEBUG msg="WordStore.GetRecord called" user_id=11 word_id=2686
time=2026-06-04T02:06:43.582+08:00 level=DEBUG msg="word_record not found" user_id=11 word_id=2686
time=2026-06-04T02:06:43.582+08:00 level=DEBUG msg="WordStore.GetRecord called" user_id=11 word_id=2687
time=2026-06-04T02:06:43.583+08:00 level=DEBUG msg="word_record not found" user_id=11 word_id=2687
time=2026-06-04T02:06:43.583+08:00 level=DEBUG msg="WordStore.GetRecord called" user_id=11 word_id=2688
time=2026-06-04T02:06:43.584+08:00 level=DEBUG msg="word_record not found" user_id=11 word_id=2688
time=2026-06-04T02:06:43.585+08:00 level=DEBUG msg="WordStore.GetRecord called" user_id=11 word_id=2689
time=2026-06-04T02:06:43.586+08:00 level=DEBUG msg="word_record not found" user_id=11 word_id=2689
time=2026-06-04T02:06:43.587+08:00 level=DEBUG msg="WordStore.GetRecord called" user_id=11 word_id=2690
time=2026-06-04T02:06:43.588+08:00 level=DEBUG msg="word_record not found" user_id=11 word_id=2690
time=2026-06-04T02:06:43.588+08:00 level=DEBUG msg="WordStore.GetRecord called" user_id=11 word_id=2691
time=2026-06-04T02:06:43.589+08:00 level=DEBUG msg="word_record not found" user_id=11 word_id=2691
time=2026-06-04T02:06:43.590+08:00 level=DEBUG msg="WordStore.GetRecord called" user_id=11 word_id=2692
time=2026-06-04T02:06:43.590+08:00 level=DEBUG msg="word_record not found" user_id=11 word_id=2692
time=2026-06-04T02:06:43.591+08:00 level=DEBUG msg="WordStore.GetRecord called" user_id=11 word_id=2693
time=2026-06-04T02:06:43.592+08:00 level=DEBUG msg="word_record not found" user_id=11 word_id=2693
time=2026-06-04T02:06:43.593+08:00 level=DEBUG msg="WordStore.GetRecord called" user_id=11 word_id=2694
time=2026-06-04T02:06:43.593+08:00 level=DEBUG msg="word_record not found" user_id=11 word_id=2694
time=2026-06-04T02:06:43.594+08:00 level=DEBUG msg="WordStore.GetRecord called" user_id=11 word_id=2695
time=2026-06-04T02:06:43.595+08:00 level=DEBUG msg="word_record not found" user_id=11 word_id=2695
time=2026-06-04T02:06:43.596+08:00 level=DEBUG msg="WordStore.GetRecord called" user_id=11 word_id=2696
time=2026-06-04T02:06:43.596+08:00 level=DEBUG msg="word_record not found" user_id=11 word_id=2696
time=2026-06-04T02:06:43.597+08:00 level=DEBUG msg="WordStore.GetRecord called" user_id=11 word_id=2697
time=2026-06-04T02:06:43.599+08:00 level=DEBUG msg="word_record not found" user_id=11 word_id=2697
time=2026-06-04T02:06:43.599+08:00 level=DEBUG msg="WordStore.GetRecord called" user_id=11 word_id=2698
time=2026-06-04T02:06:43.600+08:00 level=DEBUG msg="word_record not found" user_id=11 word_id=2698
time=2026-06-04T02:06:43.601+08:00 level=DEBUG msg="WordStore.GetRecord called" user_id=11 word_id=2699
time=2026-06-04T02:06:43.601+08:00 level=DEBUG msg="word_record not found" user_id=11 word_id=2699
time=2026-06-04T02:06:43.602+08:00 level=DEBUG msg="WordStore.GetRecord called" user_id=11 word_id=2700
time=2026-06-04T02:06:43.603+08:00 level=DEBUG msg="word_record not found" user_id=11 word_id=2700
time=2026-06-04T02:06:43.603+08:00 level=DEBUG msg="WordStore.GetRecord called" user_id=11 word_id=4006
time=2026-06-04T02:06:43.604+08:00 level=DEBUG msg="word_record not found" user_id=11 word_id=4006
time=2026-06-04T02:06:43.605+08:00 level=DEBUG msg="WordStore.GetRecord called" user_id=11 word_id=4012
time=2026-06-04T02:06:43.605+08:00 level=DEBUG msg="word_record not found" user_id=11 word_id=4012
time=2026-06-04T02:06:43.606+08:00 level=DEBUG msg="WordStore.GetRecord called" user_id=11 word_id=4048
time=2026-06-04T02:06:43.607+08:00 level=DEBUG msg="word_record not found" user_id=11 word_id=4048
time=2026-06-04T02:06:43.608+08:00 level=DEBUG msg="WordStore.GetRecord called" user_id=11 word_id=4072
time=2026-06-04T02:06:43.609+08:00 level=DEBUG msg="word_record not found" user_id=11 word_id=4072
time=2026-06-04T02:06:43.610+08:00 level=DEBUG msg="WordStore.GetRecord called" user_id=11 word_id=4081
time=2026-06-04T02:06:43.610+08:00 level=DEBUG msg="word_record not found" user_id=11 word_id=4081
time=2026-06-04T02:06:43.611+08:00 level=DEBUG msg="WordStore.GetRecord called" user_id=11 word_id=4134
time=2026-06-04T02:06:43.612+08:00 level=DEBUG msg="word_record not found" user_id=11 word_id=4134
time=2026-06-04T02:06:43.613+08:00 level=DEBUG msg="WordStore.GetRecord called" user_id=11 word_id=4147
time=2026-06-04T02:06:43.614+08:00 level=DEBUG msg="word_record not found" user_id=11 word_id=4147
time=2026-06-04T02:06:43.614+08:00 level=DEBUG msg="WordStore.GetRecord called" user_id=11 word_id=6511
time=2026-06-04T02:06:43.615+08:00 level=DEBUG msg="word_record not found" user_id=11 word_id=6511
time=2026-06-04T02:06:43.616+08:00 level=DEBUG msg="WordStore.GetRecord called" user_id=11 word_id=6519
time=2026-06-04T02:06:43.616+08:00 level=DEBUG msg="word_record not found" user_id=11 word_id=6519
time=2026-06-04T02:06:43.617+08:00 level=DEBUG msg="WordStore.GetRecord called" user_id=11 word_id=6520
time=2026-06-04T02:06:43.618+08:00 level=DEBUG msg="word_record not found" user_id=11 word_id=6520
time=2026-06-04T02:06:43.618+08:00 level=DEBUG msg="WordStore.GetRecord called" user_id=11 word_id=6525
time=2026-06-04T02:06:43.620+08:00 level=DEBUG msg="word_record not found" user_id=11 word_id=6525
time=2026-06-04T02:06:43.621+08:00 level=DEBUG msg="WordStore.GetRecord called" user_id=11 word_id=6526
time=2026-06-04T02:06:43.621+08:00 level=DEBUG msg="word_record not found" user_id=11 word_id=6526
time=2026-06-04T02:06:43.622+08:00 level=DEBUG msg="WordStore.GetRecord called" user_id=11 word_id=6530
time=2026-06-04T02:06:43.623+08:00 level=DEBUG msg="word_record not found" user_id=11 word_id=6530
time=2026-06-04T02:06:43.623+08:00 level=DEBUG msg="WordStore.GetRecord called" user_id=11 word_id=6531
time=2026-06-04T02:06:43.625+08:00 level=DEBUG msg="word_record not found" user_id=11 word_id=6531
time=2026-06-04T02:06:43.625+08:00 level=DEBUG msg="WordStore.GetRecord called" user_id=11 word_id=6532
time=2026-06-04T02:06:43.626+08:00 level=DEBUG msg="word_record not found" user_id=11 word_id=6532
time=2026-06-04T02:06:43.627+08:00 level=DEBUG msg="WordStore.GetRecord called" user_id=11 word_id=6538
time=2026-06-04T02:06:43.627+08:00 level=DEBUG msg="word_record not found" user_id=11 word_id=6538
time=2026-06-04T02:06:43.628+08:00 level=DEBUG msg="WordStore.GetRecord called" user_id=11 word_id=6539
time=2026-06-04T02:06:43.629+08:00 level=DEBUG msg="word_record not found" user_id=11 word_id=6539
time=2026-06-04T02:06:43.629+08:00 level=DEBUG msg="WordStore.GetRecord called" user_id=11 word_id=6541
time=2026-06-04T02:06:43.630+08:00 level=DEBUG msg="word_record not found" user_id=11 word_id=6541
time=2026-06-04T02:06:43.630+08:00 level=DEBUG msg="WordStore.GetRecord called" user_id=11 word_id=6542
time=2026-06-04T02:06:43.630+08:00 level=DEBUG msg="word_record not found" user_id=11 word_id=6542
time=2026-06-04T02:06:43.633+08:00 level=DEBUG msg="WordStore.GetRecord called" user_id=11 word_id=6553
time=2026-06-04T02:06:43.633+08:00 level=DEBUG msg="word_record not found" user_id=11 word_id=6553
time=2026-06-04T02:06:43.633+08:00 level=DEBUG msg="WordStore.GetRecord called" user_id=11 word_id=6554
time=2026-06-04T02:06:43.633+08:00 level=DEBUG msg="word_record not found" user_id=11 word_id=6554
time=2026-06-04T02:06:43.633+08:00 level=DEBUG msg="WordStore.GetRecord called" user_id=11 word_id=6564
time=2026-06-04T02:06:43.633+08:00 level=DEBUG msg="word_record not found" user_id=11 word_id=6564
time=2026-06-04T02:06:43.633+08:00 level=DEBUG msg="WordStore.GetRecord called" user_id=11 word_id=6579
time=2026-06-04T02:06:43.633+08:00 level=DEBUG msg="word_record not found" user_id=11 word_id=6579
time=2026-06-04T02:06:43.639+08:00 level=DEBUG msg="WordStore.GetRecord called" user_id=11 word_id=6584
time=2026-06-04T02:06:43.639+08:00 level=DEBUG msg="word_record not found" user_id=11 word_id=6584
time=2026-06-04T02:06:43.639+08:00 level=DEBUG msg="WordStore.GetRecord called" user_id=11 word_id=6594
time=2026-06-04T02:06:43.639+08:00 level=DEBUG msg="word_record not found" user_id=11 word_id=6594
time=2026-06-04T02:06:43.641+08:00 level=DEBUG msg="WordStore.GetRecord called" user_id=11 word_id=6597
time=2026-06-04T02:06:43.642+08:00 level=DEBUG msg="word_record not found" user_id=11 word_id=6597
time=2026-06-04T02:06:43.642+08:00 level=DEBUG msg="WordStore.GetRecord called" user_id=11 word_id=6598
time=2026-06-04T02:06:43.642+08:00 level=DEBUG msg="word_record not found" user_id=11 word_id=6598
time=2026-06-04T02:06:43.642+08:00 level=DEBUG msg="WordStore.GetRecord called" user_id=11 word_id=6599
time=2026-06-04T02:06:43.642+08:00 level=DEBUG msg="word_record not found" user_id=11 word_id=6599
time=2026-06-04T02:06:43.646+08:00 level=DEBUG msg="WordStore.GetRecord called" user_id=11 word_id=6602
time=2026-06-04T02:06:43.647+08:00 level=DEBUG msg="word_record not found" user_id=11 word_id=6602
time=2026-06-04T02:06:43.648+08:00 level=DEBUG msg="WordStore.GetRecord called" user_id=11 word_id=6603
time=2026-06-04T02:06:43.649+08:00 level=DEBUG msg="word_record not found" user_id=11 word_id=6603
time=2026-06-04T02:06:43.649+08:00 level=DEBUG msg="WordStore.GetRecord called" user_id=11 word_id=6606
time=2026-06-04T02:06:43.650+08:00 level=DEBUG msg="word_record not found" user_id=11 word_id=6606
time=2026-06-04T02:06:43.650+08:00 level=DEBUG msg="WordStore.GetRecord called" user_id=11 word_id=6613
time=2026-06-04T02:06:43.651+08:00 level=DEBUG msg="word_record not found" user_id=11 word_id=6613
time=2026-06-04T02:06:43.652+08:00 level=DEBUG msg="WordStore.GetRecord called" user_id=11 word_id=6622
time=2026-06-04T02:06:43.653+08:00 level=DEBUG msg="word_record not found" user_id=11 word_id=6622
time=2026-06-04T02:06:43.654+08:00 level=DEBUG msg="WordStore.GetRecord called" user_id=11 word_id=6647
time=2026-06-04T02:06:43.655+08:00 level=DEBUG msg="word_record not found" user_id=11 word_id=6647
time=2026-06-04T02:06:43.655+08:00 level=DEBUG msg="WordStore.GetRecord called" user_id=11 word_id=6667
time=2026-06-04T02:06:43.656+08:00 level=DEBUG msg="word_record not found" user_id=11 word_id=6667
time=2026-06-04T02:06:43.657+08:00 level=DEBUG msg="WordStore.GetRecord called" user_id=11 word_id=6672
time=2026-06-04T02:06:43.658+08:00 level=DEBUG msg="word_record not found" user_id=11 word_id=6672
time=2026-06-04T02:06:43.658+08:00 level=DEBUG msg="WordStore.GetRecord called" user_id=11 word_id=6680
time=2026-06-04T02:06:43.660+08:00 level=DEBUG msg="word_record not found" user_id=11 word_id=6680
time=2026-06-04T02:06:43.660+08:00 level=DEBUG msg="WordStore.GetRecord called" user_id=11 word_id=6682
time=2026-06-04T02:06:43.661+08:00 level=DEBUG msg="word_record not found" user_id=11 word_id=6682
time=2026-06-04T02:06:43.661+08:00 level=DEBUG msg="WordStore.GetRecord called" user_id=11 word_id=6686
time=2026-06-04T02:06:43.662+08:00 level=DEBUG msg="word_record not found" user_id=11 word_id=6686
time=2026-06-04T02:06:43.663+08:00 level=DEBUG msg="WordStore.GetRecord called" user_id=11 word_id=6692
time=2026-06-04T02:06:43.664+08:00 level=DEBUG msg="word_record not found" user_id=11 word_id=6692
time=2026-06-04T02:06:43.665+08:00 level=DEBUG msg="WordStore.GetRecord called" user_id=11 word_id=6694
time=2026-06-04T02:06:43.666+08:00 level=DEBUG msg="word_record not found" user_id=11 word_id=6694
time=2026-06-04T02:06:43.666+08:00 level=DEBUG msg="WordStore.GetRecord called" user_id=11 word_id=6697
time=2026-06-04T02:06:43.667+08:00 level=DEBUG msg="word_record not found" user_id=11 word_id=6697
time=2026-06-04T02:06:43.668+08:00 level=DEBUG msg="WordStore.GetRecord called" user_id=11 word_id=6706
time=2026-06-04T02:06:43.669+08:00 level=DEBUG msg="word_record not found" user_id=11 word_id=6706
time=2026-06-04T02:06:43.669+08:00 level=DEBUG msg="WordStore.GetRecord called" user_id=11 word_id=6721
time=2026-06-04T02:06:43.670+08:00 level=DEBUG msg="word_record not found" user_id=11 word_id=6721
time=2026-06-04T02:06:43.671+08:00 level=DEBUG msg="WordStore.GetRecord called" user_id=11 word_id=6730
time=2026-06-04T02:06:43.671+08:00 level=DEBUG msg="word_record not found" user_id=11 word_id=6730
time=2026-06-04T02:06:43.672+08:00 level=DEBUG msg="WordStore.GetRecord called" user_id=11 word_id=6752
time=2026-06-04T02:06:43.673+08:00 level=DEBUG msg="word_record not found" user_id=11 word_id=6752
time=2026-06-04T02:06:43.674+08:00 level=DEBUG msg="WordStore.GetRecord called" user_id=11 word_id=6764
time=2026-06-04T02:06:43.675+08:00 level=DEBUG msg="word_record not found" user_id=11 word_id=6764
time=2026-06-04T02:06:43.676+08:00 level=DEBUG msg="WordStore.GetRecord called" user_id=11 word_id=6771
time=2026-06-04T02:06:43.677+08:00 level=DEBUG msg="word_record not found" user_id=11 word_id=6771
time=2026-06-04T02:06:43.677+08:00 level=DEBUG msg="WordStore.GetRecord called" user_id=11 word_id=6778
time=2026-06-04T02:06:43.678+08:00 level=DEBUG msg="word_record not found" user_id=11 word_id=6778
time=2026-06-04T02:06:43.679+08:00 level=DEBUG msg="WordStore.GetRecord called" user_id=11 word_id=6791
time=2026-06-04T02:06:43.680+08:00 level=DEBUG msg="word_record not found" user_id=11 word_id=6791
time=2026-06-04T02:06:43.680+08:00 level=DEBUG msg="WordStore.GetRecord called" user_id=11 word_id=6803
time=2026-06-04T02:06:43.681+08:00 level=DEBUG msg="word_record not found" user_id=11 word_id=6803
time=2026-06-04T02:06:43.682+08:00 level=DEBUG msg="WordStore.GetRecord called" user_id=11 word_id=6804
time=2026-06-04T02:06:43.683+08:00 level=DEBUG msg="word_record not found" user_id=11 word_id=6804
time=2026-06-04T02:06:43.683+08:00 level=DEBUG msg="WordStore.GetRecord called" user_id=11 word_id=6825
time=2026-06-04T02:06:43.684+08:00 level=DEBUG msg="word_record not found" user_id=11 word_id=6825
time=2026-06-04T02:06:43.685+08:00 level=DEBUG msg="WordService.GetReviewQueue done" user_id=11 count=114
time=2026-06-04T02:06:43.686+08:00 level=DEBUG msg="UserStore.GetDailyGoals called" user_id=11
time=2026-06-04T02:06:43.687+08:00 level=DEBUG msg="UserStore.GetDailyGoals done" user_id=11
time=2026-06-04T02:07:39.827+08:00 level=DEBUG msg="WordService.SubmitRating called" user_id=11 word_id=2472 rating=easy
time=2026-06-04T02:07:39.828+08:00 level=DEBUG msg="WordStore.GetByID called" word_id=2472
time=2026-06-04T02:07:39.862+08:00 level=DEBUG msg="WordStore.GetByID done" word_id=2472 kanji=売る
time=2026-06-04T02:07:39.863+08:00 level=DEBUG msg="WordStore.GetRecord called" user_id=11 word_id=2472
time=2026-06-04T02:07:39.885+08:00 level=DEBUG msg="word_record not found" user_id=11 word_id=2472
time=2026-06-04T02:07:39.930+08:00 level=DEBUG msg="WordStore.UpsertRecord called" user_id=11 word_id=2472
time=2026-06-04T02:07:40.015+08:00 level=DEBUG msg="WordStore.UpsertRecord done" user_id=11 word_id=2472
time=2026-06-04T02:07:40.040+08:00 level=DEBUG msg="WordService.SubmitRating done" user_id=11 word_id=2472
time=2026-06-04T02:22:49.056+08:00 level=DEBUG msg="UserService.GetStats called" user_id=11
time=2026-06-04T02:22:49.056+08:00 level=DEBUG msg="UserStore.GetStats called" user_id=11
time=2026-06-04T02:22:49.057+08:00 level=DEBUG msg="UserStore.GetStats done" user_id=11
time=2026-06-04T02:22:49.061+08:00 level=DEBUG msg="UserService.GetStats called" user_id=11
time=2026-06-04T02:22:49.061+08:00 level=DEBUG msg="UserStore.GetStats called" user_id=11
time=2026-06-04T02:22:49.062+08:00 level=DEBUG msg="UserStore.GetStats done" user_id=11
time=2026-06-04T02:22:50.747+08:00 level=DEBUG msg="WordService.GetReviewQueue called" user_id=11 level=N5
time=2026-06-04T02:22:50.747+08:00 level=DEBUG msg="WordStoreAdapter.ListDueRecords called" user_id=11
time=2026-06-04T02:22:50.748+08:00 level=DEBUG msg="WordStore.ListDueRecords called" user_id=11 limit=200
time=2026-06-04T02:22:50.749+08:00 level=DEBUG msg="WordStore.ListDueRecords done" user_id=11 count=0
time=2026-06-04T02:22:50.750+08:00 level=DEBUG msg="WordStoreAdapter.ListByLevel called" level=N5
time=2026-06-04T02:22:50.750+08:00 level=DEBUG msg="WordStore.ListByLevel called" level=N5 page=1 size=10000
time=2026-06-04T02:22:50.752+08:00 level=DEBUG msg="WordStore.ListByLevel done" level=N5 count=114 total=114
time=2026-06-04T02:22:50.752+08:00 level=DEBUG msg="WordStore.GetRecord called" user_id=11 word_id=2472
time=2026-06-04T02:22:50.753+08:00 level=DEBUG msg="WordStore.GetRecord called" user_id=11 word_id=2482
time=2026-06-04T02:22:50.754+08:00 level=DEBUG msg="word_record not found" user_id=11 word_id=2482
time=2026-06-04T02:22:50.754+08:00 level=DEBUG msg="WordStore.GetRecord called" user_id=11 word_id=2641
time=2026-06-04T02:22:50.755+08:00 level=DEBUG msg="word_record not found" user_id=11 word_id=2641
time=2026-06-04T02:22:50.755+08:00 level=DEBUG msg="WordStore.GetRecord called" user_id=11 word_id=2642
time=2026-06-04T02:22:50.756+08:00 level=DEBUG msg="word_record not found" user_id=11 word_id=2642
time=2026-06-04T02:22:50.756+08:00 level=DEBUG msg="WordStore.GetRecord called" user_id=11 word_id=2643
time=2026-06-04T02:22:50.757+08:00 level=DEBUG msg="word_record not found" user_id=11 word_id=2643
time=2026-06-04T02:22:50.758+08:00 level=DEBUG msg="WordStore.GetRecord called" user_id=11 word_id=2644
time=2026-06-04T02:22:50.759+08:00 level=DEBUG msg="word_record not found" user_id=11 word_id=2644
time=2026-06-04T02:22:50.759+08:00 level=DEBUG msg="WordStore.GetRecord called" user_id=11 word_id=2645
time=2026-06-04T02:22:50.759+08:00 level=DEBUG msg="word_record not found" user_id=11 word_id=2645
time=2026-06-04T02:22:50.760+08:00 level=DEBUG msg="WordStore.GetRecord called" user_id=11 word_id=2646
time=2026-06-04T02:22:50.761+08:00 level=DEBUG msg="word_record not found" user_id=11 word_id=2646
time=2026-06-04T02:22:50.761+08:00 level=DEBUG msg="WordStore.GetRecord called" user_id=11 word_id=2647
time=2026-06-04T02:22:50.762+08:00 level=DEBUG msg="word_record not found" user_id=11 word_id=2647
time=2026-06-04T02:22:50.763+08:00 level=DEBUG msg="WordStore.GetRecord called" user_id=11 word_id=2648
time=2026-06-04T02:22:50.763+08:00 level=DEBUG msg="word_record not found" user_id=11 word_id=2648
time=2026-06-04T02:22:50.764+08:00 level=DEBUG msg="WordStore.GetRecord called" user_id=11 word_id=2649
time=2026-06-04T02:22:50.765+08:00 level=DEBUG msg="word_record not found" user_id=11 word_id=2649
time=2026-06-04T02:22:50.766+08:00 level=DEBUG msg="WordStore.GetRecord called" user_id=11 word_id=2650
time=2026-06-04T02:22:50.766+08:00 level=DEBUG msg="word_record not found" user_id=11 word_id=2650
time=2026-06-04T02:22:50.767+08:00 level=DEBUG msg="WordStore.GetRecord called" user_id=11 word_id=2651
time=2026-06-04T02:22:50.767+08:00 level=DEBUG msg="word_record not found" user_id=11 word_id=2651
time=2026-06-04T02:22:50.768+08:00 level=DEBUG msg="WordStore.GetRecord called" user_id=11 word_id=2652
time=2026-06-04T02:22:50.768+08:00 level=DEBUG msg="word_record not found" user_id=11 word_id=2652
time=2026-06-04T02:22:50.769+08:00 level=DEBUG msg="WordStore.GetRecord called" user_id=11 word_id=2653
time=2026-06-04T02:22:50.770+08:00 level=DEBUG msg="word_record not found" user_id=11 word_id=2653
time=2026-06-04T02:22:50.770+08:00 level=DEBUG msg="WordStore.GetRecord called" user_id=11 word_id=2654
time=2026-06-04T02:22:50.771+08:00 level=DEBUG msg="word_record not found" user_id=11 word_id=2654
time=2026-06-04T02:22:50.771+08:00 level=DEBUG msg="WordStore.GetRecord called" user_id=11 word_id=2655
time=2026-06-04T02:22:50.772+08:00 level=DEBUG msg="word_record not found" user_id=11 word_id=2655
time=2026-06-04T02:22:50.773+08:00 level=DEBUG msg="WordStore.GetRecord called" user_id=11 word_id=2656
time=2026-06-04T02:22:50.775+08:00 level=DEBUG msg="word_record not found" user_id=11 word_id=2656
time=2026-06-04T02:22:50.775+08:00 level=DEBUG msg="WordStore.GetRecord called" user_id=11 word_id=2657
time=2026-06-04T02:22:50.775+08:00 level=DEBUG msg="word_record not found" user_id=11 word_id=2657
time=2026-06-04T02:22:50.775+08:00 level=DEBUG msg="WordStore.GetRecord called" user_id=11 word_id=2658
time=2026-06-04T02:22:50.775+08:00 level=DEBUG msg="word_record not found" user_id=11 word_id=2658
time=2026-06-04T02:22:50.778+08:00 level=DEBUG msg="WordStore.GetRecord called" user_id=11 word_id=2659
time=2026-06-04T02:22:50.779+08:00 level=DEBUG msg="word_record not found" user_id=11 word_id=2659
time=2026-06-04T02:22:50.780+08:00 level=DEBUG msg="WordStore.GetRecord called" user_id=11 word_id=2660
time=2026-06-04T02:22:50.780+08:00 level=DEBUG msg="word_record not found" user_id=11 word_id=2660
time=2026-06-04T02:22:50.781+08:00 level=DEBUG msg="WordStore.GetRecord called" user_id=11 word_id=2661
time=2026-06-04T02:22:50.782+08:00 level=DEBUG msg="word_record not found" user_id=11 word_id=2661
time=2026-06-04T02:22:50.782+08:00 level=DEBUG msg="WordStore.GetRecord called" user_id=11 word_id=2662
time=2026-06-04T02:22:50.783+08:00 level=DEBUG msg="word_record not found" user_id=11 word_id=2662
time=2026-06-04T02:22:50.785+08:00 level=DEBUG msg="WordStore.GetRecord called" user_id=11 word_id=2663
time=2026-06-04T02:22:50.785+08:00 level=DEBUG msg="word_record not found" user_id=11 word_id=2663
time=2026-06-04T02:22:50.787+08:00 level=DEBUG msg="WordStore.GetRecord called" user_id=11 word_id=2664
time=2026-06-04T02:22:50.787+08:00 level=DEBUG msg="word_record not found" user_id=11 word_id=2664
time=2026-06-04T02:22:50.788+08:00 level=DEBUG msg="WordStore.GetRecord called" user_id=11 word_id=2665
time=2026-06-04T02:22:50.789+08:00 level=DEBUG msg="word_record not found" user_id=11 word_id=2665
time=2026-06-04T02:22:50.789+08:00 level=DEBUG msg="WordStore.GetRecord called" user_id=11 word_id=2666
time=2026-06-04T02:22:50.790+08:00 level=DEBUG msg="word_record not found" user_id=11 word_id=2666
time=2026-06-04T02:22:50.791+08:00 level=DEBUG msg="WordStore.GetRecord called" user_id=11 word_id=2667
time=2026-06-04T02:22:50.792+08:00 level=DEBUG msg="word_record not found" user_id=11 word_id=2667
time=2026-06-04T02:22:50.794+08:00 level=DEBUG msg="WordStore.GetRecord called" user_id=11 word_id=2668
time=2026-06-04T02:22:50.794+08:00 level=DEBUG msg="word_record not found" user_id=11 word_id=2668
time=2026-06-04T02:22:50.796+08:00 level=DEBUG msg="WordStore.GetRecord called" user_id=11 word_id=2669
time=2026-06-04T02:22:50.797+08:00 level=DEBUG msg="word_record not found" user_id=11 word_id=2669
time=2026-06-04T02:22:50.798+08:00 level=DEBUG msg="WordStore.GetRecord called" user_id=11 word_id=2670
time=2026-06-04T02:22:50.799+08:00 level=DEBUG msg="word_record not found" user_id=11 word_id=2670
time=2026-06-04T02:22:50.800+08:00 level=DEBUG msg="WordStore.GetRecord called" user_id=11 word_id=2671
time=2026-06-04T02:22:50.801+08:00 level=DEBUG msg="word_record not found" user_id=11 word_id=2671
time=2026-06-04T02:22:50.802+08:00 level=DEBUG msg="WordStore.GetRecord called" user_id=11 word_id=2672
time=2026-06-04T02:22:50.803+08:00 level=DEBUG msg="word_record not found" user_id=11 word_id=2672
time=2026-06-04T02:22:50.803+08:00 level=DEBUG msg="WordStore.GetRecord called" user_id=11 word_id=2673
time=2026-06-04T02:22:50.804+08:00 level=DEBUG msg="word_record not found" user_id=11 word_id=2673
time=2026-06-04T02:22:50.805+08:00 level=DEBUG msg="WordStore.GetRecord called" user_id=11 word_id=2674
time=2026-06-04T02:22:50.806+08:00 level=DEBUG msg="word_record not found" user_id=11 word_id=2674
time=2026-06-04T02:22:50.807+08:00 level=DEBUG msg="WordStore.GetRecord called" user_id=11 word_id=2675
time=2026-06-04T02:22:50.808+08:00 level=DEBUG msg="word_record not found" user_id=11 word_id=2675
time=2026-06-04T02:22:50.809+08:00 level=DEBUG msg="WordStore.GetRecord called" user_id=11 word_id=2676
time=2026-06-04T02:22:50.810+08:00 level=DEBUG msg="word_record not found" user_id=11 word_id=2676
time=2026-06-04T02:22:50.810+08:00 level=DEBUG msg="WordStore.GetRecord called" user_id=11 word_id=2677
time=2026-06-04T02:22:50.811+08:00 level=DEBUG msg="word_record not found" user_id=11 word_id=2677
time=2026-06-04T02:22:50.812+08:00 level=DEBUG msg="WordStore.GetRecord called" user_id=11 word_id=2678
time=2026-06-04T02:22:50.812+08:00 level=DEBUG msg="word_record not found" user_id=11 word_id=2678
time=2026-06-04T02:22:50.814+08:00 level=DEBUG msg="WordStore.GetRecord called" user_id=11 word_id=2679
time=2026-06-04T02:22:50.815+08:00 level=DEBUG msg="word_record not found" user_id=11 word_id=2679
time=2026-06-04T02:22:50.815+08:00 level=DEBUG msg="WordStore.GetRecord called" user_id=11 word_id=2680
time=2026-06-04T02:22:50.816+08:00 level=DEBUG msg="word_record not found" user_id=11 word_id=2680
time=2026-06-04T02:22:50.817+08:00 level=DEBUG msg="WordStore.GetRecord called" user_id=11 word_id=2681
time=2026-06-04T02:22:50.817+08:00 level=DEBUG msg="word_record not found" user_id=11 word_id=2681
time=2026-06-04T02:22:50.819+08:00 level=DEBUG msg="WordStore.GetRecord called" user_id=11 word_id=2682
time=2026-06-04T02:22:50.819+08:00 level=DEBUG msg="word_record not found" user_id=11 word_id=2682
time=2026-06-04T02:22:50.821+08:00 level=DEBUG msg="WordStore.GetRecord called" user_id=11 word_id=2683
time=2026-06-04T02:22:50.822+08:00 level=DEBUG msg="word_record not found" user_id=11 word_id=2683
time=2026-06-04T02:22:50.822+08:00 level=DEBUG msg="WordStore.GetRecord called" user_id=11 word_id=2684
time=2026-06-04T02:22:50.823+08:00 level=DEBUG msg="word_record not found" user_id=11 word_id=2684
time=2026-06-04T02:22:50.824+08:00 level=DEBUG msg="WordStore.GetRecord called" user_id=11 word_id=2686
time=2026-06-04T02:22:50.825+08:00 level=DEBUG msg="word_record not found" user_id=11 word_id=2686
time=2026-06-04T02:22:50.826+08:00 level=DEBUG msg="WordStore.GetRecord called" user_id=11 word_id=2687
time=2026-06-04T02:22:50.827+08:00 level=DEBUG msg="word_record not found" user_id=11 word_id=2687
time=2026-06-04T02:22:50.828+08:00 level=DEBUG msg="WordStore.GetRecord called" user_id=11 word_id=2688
time=2026-06-04T02:22:50.828+08:00 level=DEBUG msg="word_record not found" user_id=11 word_id=2688
time=2026-06-04T02:22:50.829+08:00 level=DEBUG msg="WordStore.GetRecord called" user_id=11 word_id=2689
time=2026-06-04T02:22:50.830+08:00 level=DEBUG msg="word_record not found" user_id=11 word_id=2689
time=2026-06-04T02:22:50.831+08:00 level=DEBUG msg="WordStore.GetRecord called" user_id=11 word_id=2690
time=2026-06-04T02:22:50.832+08:00 level=DEBUG msg="word_record not found" user_id=11 word_id=2690
time=2026-06-04T02:22:50.832+08:00 level=DEBUG msg="WordStore.GetRecord called" user_id=11 word_id=2691
time=2026-06-04T02:22:50.833+08:00 level=DEBUG msg="word_record not found" user_id=11 word_id=2691
time=2026-06-04T02:22:50.834+08:00 level=DEBUG msg="WordStore.GetRecord called" user_id=11 word_id=2692
time=2026-06-04T02:22:50.835+08:00 level=DEBUG msg="word_record not found" user_id=11 word_id=2692
time=2026-06-04T02:22:50.836+08:00 level=DEBUG msg="WordStore.GetRecord called" user_id=11 word_id=2693
time=2026-06-04T02:22:50.837+08:00 level=DEBUG msg="word_record not found" user_id=11 word_id=2693
time=2026-06-04T02:22:50.837+08:00 level=DEBUG msg="WordStore.GetRecord called" user_id=11 word_id=2694
time=2026-06-04T02:22:50.838+08:00 level=DEBUG msg="word_record not found" user_id=11 word_id=2694
time=2026-06-04T02:22:50.839+08:00 level=DEBUG msg="WordStore.GetRecord called" user_id=11 word_id=2695
time=2026-06-04T02:22:50.841+08:00 level=DEBUG msg="word_record not found" user_id=11 word_id=2695
time=2026-06-04T02:22:50.841+08:00 level=DEBUG msg="WordStore.GetRecord called" user_id=11 word_id=2696
time=2026-06-04T02:22:50.842+08:00 level=DEBUG msg="word_record not found" user_id=11 word_id=2696
time=2026-06-04T02:22:50.843+08:00 level=DEBUG msg="WordStore.GetRecord called" user_id=11 word_id=2697
time=2026-06-04T02:22:50.843+08:00 level=DEBUG msg="word_record not found" user_id=11 word_id=2697
time=2026-06-04T02:22:50.844+08:00 level=DEBUG msg="WordStore.GetRecord called" user_id=11 word_id=2698
time=2026-06-04T02:22:50.845+08:00 level=DEBUG msg="word_record not found" user_id=11 word_id=2698
time=2026-06-04T02:22:50.846+08:00 level=DEBUG msg="WordStore.GetRecord called" user_id=11 word_id=2699
time=2026-06-04T02:22:50.847+08:00 level=DEBUG msg="word_record not found" user_id=11 word_id=2699
time=2026-06-04T02:22:50.848+08:00 level=DEBUG msg="WordStore.GetRecord called" user_id=11 word_id=2700
time=2026-06-04T02:22:50.849+08:00 level=DEBUG msg="word_record not found" user_id=11 word_id=2700
time=2026-06-04T02:22:50.850+08:00 level=DEBUG msg="WordStore.GetRecord called" user_id=11 word_id=4006
time=2026-06-04T02:22:50.850+08:00 level=DEBUG msg="word_record not found" user_id=11 word_id=4006
time=2026-06-04T02:22:50.851+08:00 level=DEBUG msg="WordStore.GetRecord called" user_id=11 word_id=4012
time=2026-06-04T02:22:50.852+08:00 level=DEBUG msg="word_record not found" user_id=11 word_id=4012
time=2026-06-04T02:22:50.852+08:00 level=DEBUG msg="WordStore.GetRecord called" user_id=11 word_id=4048
time=2026-06-04T02:22:50.853+08:00 level=DEBUG msg="word_record not found" user_id=11 word_id=4048
time=2026-06-04T02:22:50.854+08:00 level=DEBUG msg="WordStore.GetRecord called" user_id=11 word_id=4072
time=2026-06-04T02:22:50.855+08:00 level=DEBUG msg="word_record not found" user_id=11 word_id=4072
time=2026-06-04T02:22:50.855+08:00 level=DEBUG msg="WordStore.GetRecord called" user_id=11 word_id=4081
time=2026-06-04T02:22:50.856+08:00 level=DEBUG msg="word_record not found" user_id=11 word_id=4081
time=2026-06-04T02:22:50.857+08:00 level=DEBUG msg="WordStore.GetRecord called" user_id=11 word_id=4134
time=2026-06-04T02:22:50.858+08:00 level=DEBUG msg="word_record not found" user_id=11 word_id=4134
time=2026-06-04T02:22:50.858+08:00 level=DEBUG msg="WordStore.GetRecord called" user_id=11 word_id=4147
time=2026-06-04T02:22:50.859+08:00 level=DEBUG msg="word_record not found" user_id=11 word_id=4147
time=2026-06-04T02:22:50.860+08:00 level=DEBUG msg="WordStore.GetRecord called" user_id=11 word_id=6511
time=2026-06-04T02:22:50.861+08:00 level=DEBUG msg="word_record not found" user_id=11 word_id=6511
time=2026-06-04T02:22:50.862+08:00 level=DEBUG msg="WordStore.GetRecord called" user_id=11 word_id=6519
time=2026-06-04T02:22:50.863+08:00 level=DEBUG msg="word_record not found" user_id=11 word_id=6519
time=2026-06-04T02:22:50.864+08:00 level=DEBUG msg="WordStore.GetRecord called" user_id=11 word_id=6520
time=2026-06-04T02:22:50.864+08:00 level=DEBUG msg="word_record not found" user_id=11 word_id=6520
time=2026-06-04T02:22:50.865+08:00 level=DEBUG msg="WordStore.GetRecord called" user_id=11 word_id=6525
time=2026-06-04T02:22:50.866+08:00 level=DEBUG msg="word_record not found" user_id=11 word_id=6525
time=2026-06-04T02:22:50.867+08:00 level=DEBUG msg="WordStore.GetRecord called" user_id=11 word_id=6526
time=2026-06-04T02:22:50.868+08:00 level=DEBUG msg="word_record not found" user_id=11 word_id=6526
time=2026-06-04T02:22:50.868+08:00 level=DEBUG msg="WordStore.GetRecord called" user_id=11 word_id=6530
time=2026-06-04T02:22:50.869+08:00 level=DEBUG msg="word_record not found" user_id=11 word_id=6530
time=2026-06-04T02:22:50.870+08:00 level=DEBUG msg="WordStore.GetRecord called" user_id=11 word_id=6531
time=2026-06-04T02:22:50.871+08:00 level=DEBUG msg="word_record not found" user_id=11 word_id=6531
time=2026-06-04T02:22:50.871+08:00 level=DEBUG msg="WordStore.GetRecord called" user_id=11 word_id=6532
time=2026-06-04T02:22:50.872+08:00 level=DEBUG msg="word_record not found" user_id=11 word_id=6532
time=2026-06-04T02:22:50.874+08:00 level=DEBUG msg="WordStore.GetRecord called" user_id=11 word_id=6538
time=2026-06-04T02:22:50.874+08:00 level=DEBUG msg="word_record not found" user_id=11 word_id=6538
time=2026-06-04T02:22:50.875+08:00 level=DEBUG msg="WordStore.GetRecord called" user_id=11 word_id=6539
time=2026-06-04T02:22:50.876+08:00 level=DEBUG msg="word_record not found" user_id=11 word_id=6539
time=2026-06-04T02:22:50.876+08:00 level=DEBUG msg="WordStore.GetRecord called" user_id=11 word_id=6541
time=2026-06-04T02:22:50.877+08:00 level=DEBUG msg="word_record not found" user_id=11 word_id=6541
time=2026-06-04T02:22:50.878+08:00 level=DEBUG msg="WordStore.GetRecord called" user_id=11 word_id=6542
time=2026-06-04T02:22:50.878+08:00 level=DEBUG msg="word_record not found" user_id=11 word_id=6542
time=2026-06-04T02:22:50.880+08:00 level=DEBUG msg="WordStore.GetRecord called" user_id=11 word_id=6553
time=2026-06-04T02:22:50.881+08:00 level=DEBUG msg="word_record not found" user_id=11 word_id=6553
time=2026-06-04T02:22:50.882+08:00 level=DEBUG msg="WordStore.GetRecord called" user_id=11 word_id=6554
time=2026-06-04T02:22:50.882+08:00 level=DEBUG msg="word_record not found" user_id=11 word_id=6554
time=2026-06-04T02:22:50.883+08:00 level=DEBUG msg="WordStore.GetRecord called" user_id=11 word_id=6564
time=2026-06-04T02:22:50.884+08:00 level=DEBUG msg="word_record not found" user_id=11 word_id=6564
time=2026-06-04T02:22:50.884+08:00 level=DEBUG msg="WordStore.GetRecord called" user_id=11 word_id=6579
time=2026-06-04T02:22:50.885+08:00 level=DEBUG msg="word_record not found" user_id=11 word_id=6579
time=2026-06-04T02:22:50.886+08:00 level=DEBUG msg="WordStore.GetRecord called" user_id=11 word_id=6584
time=2026-06-04T02:22:50.887+08:00 level=DEBUG msg="word_record not found" user_id=11 word_id=6584
time=2026-06-04T02:22:50.888+08:00 level=DEBUG msg="WordStore.GetRecord called" user_id=11 word_id=6594
time=2026-06-04T02:22:50.888+08:00 level=DEBUG msg="word_record not found" user_id=11 word_id=6594
time=2026-06-04T02:22:50.889+08:00 level=DEBUG msg="WordStore.GetRecord called" user_id=11 word_id=6597
time=2026-06-04T02:22:50.890+08:00 level=DEBUG msg="word_record not found" user_id=11 word_id=6597
time=2026-06-04T02:22:50.890+08:00 level=DEBUG msg="WordStore.GetRecord called" user_id=11 word_id=6598
time=2026-06-04T02:22:50.891+08:00 level=DEBUG msg="word_record not found" user_id=11 word_id=6598
time=2026-06-04T02:22:50.892+08:00 level=DEBUG msg="WordStore.GetRecord called" user_id=11 word_id=6599
time=2026-06-04T02:22:50.893+08:00 level=DEBUG msg="word_record not found" user_id=11 word_id=6599
time=2026-06-04T02:22:50.893+08:00 level=DEBUG msg="WordStore.GetRecord called" user_id=11 word_id=6602
time=2026-06-04T02:22:50.894+08:00 level=DEBUG msg="word_record not found" user_id=11 word_id=6602
time=2026-06-04T02:22:50.896+08:00 level=DEBUG msg="WordStore.GetRecord called" user_id=11 word_id=6603
time=2026-06-04T02:22:50.897+08:00 level=DEBUG msg="word_record not found" user_id=11 word_id=6603
time=2026-06-04T02:22:50.898+08:00 level=DEBUG msg="WordStore.GetRecord called" user_id=11 word_id=6606
time=2026-06-04T02:22:50.898+08:00 level=DEBUG msg="word_record not found" user_id=11 word_id=6606
time=2026-06-04T02:22:50.899+08:00 level=DEBUG msg="WordStore.GetRecord called" user_id=11 word_id=6613
time=2026-06-04T02:22:50.900+08:00 level=DEBUG msg="word_record not found" user_id=11 word_id=6613
time=2026-06-04T02:22:50.901+08:00 level=DEBUG msg="WordStore.GetRecord called" user_id=11 word_id=6622
time=2026-06-04T02:22:50.903+08:00 level=DEBUG msg="word_record not found" user_id=11 word_id=6622
time=2026-06-04T02:22:50.903+08:00 level=DEBUG msg="WordStore.GetRecord called" user_id=11 word_id=6647
time=2026-06-04T02:22:50.904+08:00 level=DEBUG msg="word_record not found" user_id=11 word_id=6647
time=2026-06-04T02:22:50.905+08:00 level=DEBUG msg="WordStore.GetRecord called" user_id=11 word_id=6667
time=2026-06-04T02:22:50.906+08:00 level=DEBUG msg="word_record not found" user_id=11 word_id=6667
time=2026-06-04T02:22:50.906+08:00 level=DEBUG msg="WordStore.GetRecord called" user_id=11 word_id=6672
time=2026-06-04T02:22:50.907+08:00 level=DEBUG msg="word_record not found" user_id=11 word_id=6672
time=2026-06-04T02:22:50.907+08:00 level=DEBUG msg="WordStore.GetRecord called" user_id=11 word_id=6680
time=2026-06-04T02:22:50.907+08:00 level=DEBUG msg="word_record not found" user_id=11 word_id=6680
time=2026-06-04T02:22:50.907+08:00 level=DEBUG msg="WordStore.GetRecord called" user_id=11 word_id=6682
time=2026-06-04T02:22:50.910+08:00 level=DEBUG msg="word_record not found" user_id=11 word_id=6682
time=2026-06-04T02:22:50.910+08:00 level=DEBUG msg="WordStore.GetRecord called" user_id=11 word_id=6686
time=2026-06-04T02:22:50.912+08:00 level=DEBUG msg="word_record not found" user_id=11 word_id=6686
time=2026-06-04T02:22:50.914+08:00 level=DEBUG msg="WordStore.GetRecord called" user_id=11 word_id=6692
time=2026-06-04T02:22:50.914+08:00 level=DEBUG msg="word_record not found" user_id=11 word_id=6692
time=2026-06-04T02:22:50.914+08:00 level=DEBUG msg="WordStore.GetRecord called" user_id=11 word_id=6694
time=2026-06-04T02:22:50.916+08:00 level=DEBUG msg="word_record not found" user_id=11 word_id=6694
time=2026-06-04T02:22:50.917+08:00 level=DEBUG msg="WordStore.GetRecord called" user_id=11 word_id=6697
time=2026-06-04T02:22:50.917+08:00 level=DEBUG msg="word_record not found" user_id=11 word_id=6697
time=2026-06-04T02:22:50.918+08:00 level=DEBUG msg="WordStore.GetRecord called" user_id=11 word_id=6706
time=2026-06-04T02:22:50.919+08:00 level=DEBUG msg="word_record not found" user_id=11 word_id=6706
time=2026-06-04T02:22:50.920+08:00 level=DEBUG msg="WordStore.GetRecord called" user_id=11 word_id=6721
time=2026-06-04T02:22:50.921+08:00 level=DEBUG msg="word_record not found" user_id=11 word_id=6721
time=2026-06-04T02:22:50.922+08:00 level=DEBUG msg="WordStore.GetRecord called" user_id=11 word_id=6730
time=2026-06-04T02:22:50.922+08:00 level=DEBUG msg="word_record not found" user_id=11 word_id=6730
time=2026-06-04T02:22:50.923+08:00 level=DEBUG msg="WordStore.GetRecord called" user_id=11 word_id=6752
time=2026-06-04T02:22:50.925+08:00 level=DEBUG msg="word_record not found" user_id=11 word_id=6752
time=2026-06-04T02:22:50.926+08:00 level=DEBUG msg="WordStore.GetRecord called" user_id=11 word_id=6764
time=2026-06-04T02:22:50.926+08:00 level=DEBUG msg="word_record not found" user_id=11 word_id=6764
time=2026-06-04T02:22:50.927+08:00 level=DEBUG msg="WordStore.GetRecord called" user_id=11 word_id=6771
time=2026-06-04T02:22:50.928+08:00 level=DEBUG msg="word_record not found" user_id=11 word_id=6771
time=2026-06-04T02:22:50.929+08:00 level=DEBUG msg="WordStore.GetRecord called" user_id=11 word_id=6778
time=2026-06-04T02:22:50.929+08:00 level=DEBUG msg="word_record not found" user_id=11 word_id=6778
time=2026-06-04T02:22:50.931+08:00 level=DEBUG msg="WordStore.GetRecord called" user_id=11 word_id=6791
time=2026-06-04T02:22:50.931+08:00 level=DEBUG msg="word_record not found" user_id=11 word_id=6791
time=2026-06-04T02:22:50.932+08:00 level=DEBUG msg="WordStore.GetRecord called" user_id=11 word_id=6803
time=2026-06-04T02:22:50.933+08:00 level=DEBUG msg="word_record not found" user_id=11 word_id=6803
time=2026-06-04T02:22:50.934+08:00 level=DEBUG msg="WordStore.GetRecord called" user_id=11 word_id=6804
time=2026-06-04T02:22:50.935+08:00 level=DEBUG msg="word_record not found" user_id=11 word_id=6804
time=2026-06-04T02:22:50.936+08:00 level=DEBUG msg="WordStore.GetRecord called" user_id=11 word_id=6825
time=2026-06-04T02:22:50.937+08:00 level=DEBUG msg="word_record not found" user_id=11 word_id=6825
time=2026-06-04T02:22:50.938+08:00 level=DEBUG msg="WordService.GetReviewQueue done" user_id=11 count=113
time=2026-06-04T02:22:50.939+08:00 level=DEBUG msg="UserStore.GetDailyGoals called" user_id=11
time=2026-06-04T02:22:50.939+08:00 level=DEBUG msg="UserStore.GetDailyGoals done" user_id=11
time=2026-06-04T02:22:50.943+08:00 level=DEBUG msg="WordService.GetReviewQueue called" user_id=11 level=N5
time=2026-06-04T02:22:50.943+08:00 level=DEBUG msg="WordStoreAdapter.ListDueRecords called" user_id=11
time=2026-06-04T02:22:50.944+08:00 level=DEBUG msg="WordStore.ListDueRecords called" user_id=11 limit=200
time=2026-06-04T02:22:50.945+08:00 level=DEBUG msg="WordStore.ListDueRecords done" user_id=11 count=0
time=2026-06-04T02:22:50.947+08:00 level=DEBUG msg="WordStoreAdapter.ListByLevel called" level=N5
time=2026-06-04T02:22:50.947+08:00 level=DEBUG msg="WordStore.ListByLevel called" level=N5 page=1 size=10000
time=2026-06-04T02:22:50.949+08:00 level=DEBUG msg="WordStore.ListByLevel done" level=N5 count=114 total=114
time=2026-06-04T02:22:50.950+08:00 level=DEBUG msg="WordStore.GetRecord called" user_id=11 word_id=2472
time=2026-06-04T02:22:50.951+08:00 level=DEBUG msg="WordStore.GetRecord called" user_id=11 word_id=2482
time=2026-06-04T02:22:50.952+08:00 level=DEBUG msg="word_record not found" user_id=11 word_id=2482
time=2026-06-04T02:22:50.952+08:00 level=DEBUG msg="WordStore.GetRecord called" user_id=11 word_id=2641
time=2026-06-04T02:22:50.953+08:00 level=DEBUG msg="word_record not found" user_id=11 word_id=2641
time=2026-06-04T02:22:50.954+08:00 level=DEBUG msg="WordStore.GetRecord called" user_id=11 word_id=2642
time=2026-06-04T02:22:50.955+08:00 level=DEBUG msg="word_record not found" user_id=11 word_id=2642
time=2026-06-04T02:22:50.955+08:00 level=DEBUG msg="WordStore.GetRecord called" user_id=11 word_id=2643
time=2026-06-04T02:22:50.957+08:00 level=DEBUG msg="word_record not found" user_id=11 word_id=2643
time=2026-06-04T02:22:50.958+08:00 level=DEBUG msg="WordStore.GetRecord called" user_id=11 word_id=2644
time=2026-06-04T02:22:50.959+08:00 level=DEBUG msg="word_record not found" user_id=11 word_id=2644
time=2026-06-04T02:22:50.959+08:00 level=DEBUG msg="WordStore.GetRecord called" user_id=11 word_id=2645
time=2026-06-04T02:22:50.961+08:00 level=DEBUG msg="word_record not found" user_id=11 word_id=2645
time=2026-06-04T02:22:50.961+08:00 level=DEBUG msg="WordStore.GetRecord called" user_id=11 word_id=2646
time=2026-06-04T02:22:50.962+08:00 level=DEBUG msg="word_record not found" user_id=11 word_id=2646
time=2026-06-04T02:22:50.963+08:00 level=DEBUG msg="WordStore.GetRecord called" user_id=11 word_id=2647
time=2026-06-04T02:22:50.964+08:00 level=DEBUG msg="word_record not found" user_id=11 word_id=2647
time=2026-06-04T02:22:50.965+08:00 level=DEBUG msg="WordStore.GetRecord called" user_id=11 word_id=2648
time=2026-06-04T02:22:50.966+08:00 level=DEBUG msg="word_record not found" user_id=11 word_id=2648
time=2026-06-04T02:22:50.966+08:00 level=DEBUG msg="WordStore.GetRecord called" user_id=11 word_id=2649
time=2026-06-04T02:22:50.967+08:00 level=DEBUG msg="word_record not found" user_id=11 word_id=2649
time=2026-06-04T02:22:50.969+08:00 level=DEBUG msg="WordStore.GetRecord called" user_id=11 word_id=2650
time=2026-06-04T02:22:50.970+08:00 level=DEBUG msg="word_record not found" user_id=11 word_id=2650
time=2026-06-04T02:22:50.970+08:00 level=DEBUG msg="WordStore.GetRecord called" user_id=11 word_id=2651
time=2026-06-04T02:22:50.971+08:00 level=DEBUG msg="word_record not found" user_id=11 word_id=2651
time=2026-06-04T02:22:50.972+08:00 level=DEBUG msg="WordStore.GetRecord called" user_id=11 word_id=2652
time=2026-06-04T02:22:50.973+08:00 level=DEBUG msg="word_record not found" user_id=11 word_id=2652
time=2026-06-04T02:22:50.974+08:00 level=DEBUG msg="WordStore.GetRecord called" user_id=11 word_id=2653
time=2026-06-04T02:22:50.974+08:00 level=DEBUG msg="word_record not found" user_id=11 word_id=2653
time=2026-06-04T02:22:50.975+08:00 level=DEBUG msg="WordStore.GetRecord called" user_id=11 word_id=2654
time=2026-06-04T02:22:50.976+08:00 level=DEBUG msg="word_record not found" user_id=11 word_id=2654
time=2026-06-04T02:22:50.977+08:00 level=DEBUG msg="WordStore.GetRecord called" user_id=11 word_id=2655
time=2026-06-04T02:22:50.978+08:00 level=DEBUG msg="word_record not found" user_id=11 word_id=2655
time=2026-06-04T02:22:50.980+08:00 level=DEBUG msg="WordStore.GetRecord called" user_id=11 word_id=2656
time=2026-06-04T02:22:50.981+08:00 level=DEBUG msg="word_record not found" user_id=11 word_id=2656
time=2026-06-04T02:22:50.982+08:00 level=DEBUG msg="WordStore.GetRecord called" user_id=11 word_id=2657
time=2026-06-04T02:22:50.982+08:00 level=DEBUG msg="word_record not found" user_id=11 word_id=2657
time=2026-06-04T02:22:50.983+08:00 level=DEBUG msg="WordStore.GetRecord called" user_id=11 word_id=2658
time=2026-06-04T02:22:50.984+08:00 level=DEBUG msg="word_record not found" user_id=11 word_id=2658
time=2026-06-04T02:22:50.984+08:00 level=DEBUG msg="WordStore.GetRecord called" user_id=11 word_id=2659
time=2026-06-04T02:22:50.985+08:00 level=DEBUG msg="word_record not found" user_id=11 word_id=2659
time=2026-06-04T02:22:50.986+08:00 level=DEBUG msg="WordStore.GetRecord called" user_id=11 word_id=2660
time=2026-06-04T02:22:50.986+08:00 level=DEBUG msg="word_record not found" user_id=11 word_id=2660
time=2026-06-04T02:22:50.987+08:00 level=DEBUG msg="WordStore.GetRecord called" user_id=11 word_id=2661
time=2026-06-04T02:22:50.988+08:00 level=DEBUG msg="word_record not found" user_id=11 word_id=2661
time=2026-06-04T02:22:50.990+08:00 level=DEBUG msg="WordStore.GetRecord called" user_id=11 word_id=2662
time=2026-06-04T02:22:50.991+08:00 level=DEBUG msg="word_record not found" user_id=11 word_id=2662
time=2026-06-04T02:22:50.991+08:00 level=DEBUG msg="WordStore.GetRecord called" user_id=11 word_id=2663
time=2026-06-04T02:22:50.992+08:00 level=DEBUG msg="word_record not found" user_id=11 word_id=2663
time=2026-06-04T02:22:50.992+08:00 level=DEBUG msg="WordStore.GetRecord called" user_id=11 word_id=2664
time=2026-06-04T02:22:50.994+08:00 level=DEBUG msg="word_record not found" user_id=11 word_id=2664
time=2026-06-04T02:22:50.995+08:00 level=DEBUG msg="WordStore.GetRecord called" user_id=11 word_id=2665
time=2026-06-04T02:22:50.996+08:00 level=DEBUG msg="word_record not found" user_id=11 word_id=2665
time=2026-06-04T02:22:50.998+08:00 level=DEBUG msg="WordStore.GetRecord called" user_id=11 word_id=2666
time=2026-06-04T02:22:50.998+08:00 level=DEBUG msg="word_record not found" user_id=11 word_id=2666
time=2026-06-04T02:22:50.998+08:00 level=DEBUG msg="WordStore.GetRecord called" user_id=11 word_id=2667
time=2026-06-04T02:22:50.998+08:00 level=DEBUG msg="word_record not found" user_id=11 word_id=2667
time=2026-06-04T02:22:50.998+08:00 level=DEBUG msg="WordStore.GetRecord called" user_id=11 word_id=2668
time=2026-06-04T02:22:51.002+08:00 level=DEBUG msg="word_record not found" user_id=11 word_id=2668
time=2026-06-04T02:22:51.002+08:00 level=DEBUG msg="WordStore.GetRecord called" user_id=11 word_id=2669
time=2026-06-04T02:22:51.002+08:00 level=DEBUG msg="word_record not found" user_id=11 word_id=2669
time=2026-06-04T02:22:51.002+08:00 level=DEBUG msg="WordStore.GetRecord called" user_id=11 word_id=2670
time=2026-06-04T02:22:51.002+08:00 level=DEBUG msg="word_record not found" user_id=11 word_id=2670
time=2026-06-04T02:22:51.002+08:00 level=DEBUG msg="WordStore.GetRecord called" user_id=11 word_id=2671
time=2026-06-04T02:22:51.002+08:00 level=DEBUG msg="word_record not found" user_id=11 word_id=2671
time=2026-06-04T02:22:51.002+08:00 level=DEBUG msg="WordStore.GetRecord called" user_id=11 word_id=2672
time=2026-06-04T02:22:51.002+08:00 level=DEBUG msg="word_record not found" user_id=11 word_id=2672
time=2026-06-04T02:22:51.002+08:00 level=DEBUG msg="WordStore.GetRecord called" user_id=11 word_id=2673
time=2026-06-04T02:22:51.002+08:00 level=DEBUG msg="word_record not found" user_id=11 word_id=2673
time=2026-06-04T02:22:51.002+08:00 level=DEBUG msg="WordStore.GetRecord called" user_id=11 word_id=2674
time=2026-06-04T02:22:51.013+08:00 level=DEBUG msg="word_record not found" user_id=11 word_id=2674
time=2026-06-04T02:22:51.014+08:00 level=DEBUG msg="WordStore.GetRecord called" user_id=11 word_id=2675
time=2026-06-04T02:22:51.015+08:00 level=DEBUG msg="word_record not found" user_id=11 word_id=2675
time=2026-06-04T02:22:51.015+08:00 level=DEBUG msg="WordStore.GetRecord called" user_id=11 word_id=2676
time=2026-06-04T02:22:51.017+08:00 level=DEBUG msg="word_record not found" user_id=11 word_id=2676
time=2026-06-04T02:22:51.017+08:00 level=DEBUG msg="WordStore.GetRecord called" user_id=11 word_id=2677
time=2026-06-04T02:22:51.018+08:00 level=DEBUG msg="word_record not found" user_id=11 word_id=2677
time=2026-06-04T02:22:51.019+08:00 level=DEBUG msg="WordStore.GetRecord called" user_id=11 word_id=2678
time=2026-06-04T02:22:51.020+08:00 level=DEBUG msg="word_record not found" user_id=11 word_id=2678
time=2026-06-04T02:22:51.020+08:00 level=DEBUG msg="WordStore.GetRecord called" user_id=11 word_id=2679
time=2026-06-04T02:22:51.021+08:00 level=DEBUG msg="word_record not found" user_id=11 word_id=2679
time=2026-06-04T02:22:51.022+08:00 level=DEBUG msg="WordStore.GetRecord called" user_id=11 word_id=2680
time=2026-06-04T02:22:51.023+08:00 level=DEBUG msg="word_record not found" user_id=11 word_id=2680
time=2026-06-04T02:22:51.024+08:00 level=DEBUG msg="WordStore.GetRecord called" user_id=11 word_id=2681
time=2026-06-04T02:22:51.025+08:00 level=DEBUG msg="word_record not found" user_id=11 word_id=2681
time=2026-06-04T02:22:51.026+08:00 level=DEBUG msg="WordStore.GetRecord called" user_id=11 word_id=2682
time=2026-06-04T02:22:51.026+08:00 level=DEBUG msg="word_record not found" user_id=11 word_id=2682
time=2026-06-04T02:22:51.027+08:00 level=DEBUG msg="WordStore.GetRecord called" user_id=11 word_id=2683
time=2026-06-04T02:22:51.028+08:00 level=DEBUG msg="word_record not found" user_id=11 word_id=2683
time=2026-06-04T02:22:51.029+08:00 level=DEBUG msg="WordStore.GetRecord called" user_id=11 word_id=2684
time=2026-06-04T02:22:51.030+08:00 level=DEBUG msg="word_record not found" user_id=11 word_id=2684
time=2026-06-04T02:22:51.031+08:00 level=DEBUG msg="WordStore.GetRecord called" user_id=11 word_id=2686
time=2026-06-04T02:22:51.031+08:00 level=DEBUG msg="word_record not found" user_id=11 word_id=2686
time=2026-06-04T02:22:51.032+08:00 level=DEBUG msg="WordStore.GetRecord called" user_id=11 word_id=2687
time=2026-06-04T02:22:51.033+08:00 level=DEBUG msg="word_record not found" user_id=11 word_id=2687
time=2026-06-04T02:22:51.034+08:00 level=DEBUG msg="WordStore.GetRecord called" user_id=11 word_id=2688
time=2026-06-04T02:22:51.036+08:00 level=DEBUG msg="word_record not found" user_id=11 word_id=2688
time=2026-06-04T02:22:51.037+08:00 level=DEBUG msg="WordStore.GetRecord called" user_id=11 word_id=2689
time=2026-06-04T02:22:51.037+08:00 level=DEBUG msg="word_record not found" user_id=11 word_id=2689
time=2026-06-04T02:22:51.038+08:00 level=DEBUG msg="WordStore.GetRecord called" user_id=11 word_id=2690
time=2026-06-04T02:22:51.039+08:00 level=DEBUG msg="word_record not found" user_id=11 word_id=2690
time=2026-06-04T02:22:51.040+08:00 level=DEBUG msg="WordStore.GetRecord called" user_id=11 word_id=2691
time=2026-06-04T02:22:51.040+08:00 level=DEBUG msg="word_record not found" user_id=11 word_id=2691
time=2026-06-04T02:22:51.041+08:00 level=DEBUG msg="WordStore.GetRecord called" user_id=11 word_id=2692
time=2026-06-04T02:22:51.041+08:00 level=DEBUG msg="word_record not found" user_id=11 word_id=2692
time=2026-06-04T02:22:51.041+08:00 level=DEBUG msg="WordStore.GetRecord called" user_id=11 word_id=2693
time=2026-06-04T02:22:51.041+08:00 level=DEBUG msg="word_record not found" user_id=11 word_id=2693
time=2026-06-04T02:22:51.044+08:00 level=DEBUG msg="WordStore.GetRecord called" user_id=11 word_id=2694
time=2026-06-04T02:22:51.046+08:00 level=DEBUG msg="word_record not found" user_id=11 word_id=2694
time=2026-06-04T02:22:51.046+08:00 level=DEBUG msg="WordStore.GetRecord called" user_id=11 word_id=2695
time=2026-06-04T02:22:51.046+08:00 level=DEBUG msg="word_record not found" user_id=11 word_id=2695
time=2026-06-04T02:22:51.046+08:00 level=DEBUG msg="WordStore.GetRecord called" user_id=11 word_id=2696
time=2026-06-04T02:22:51.049+08:00 level=DEBUG msg="word_record not found" user_id=11 word_id=2696
time=2026-06-04T02:22:51.050+08:00 level=DEBUG msg="WordStore.GetRecord called" user_id=11 word_id=2697
time=2026-06-04T02:22:51.051+08:00 level=DEBUG msg="word_record not found" user_id=11 word_id=2697
time=2026-06-04T02:22:51.052+08:00 level=DEBUG msg="WordStore.GetRecord called" user_id=11 word_id=2698
time=2026-06-04T02:22:51.053+08:00 level=DEBUG msg="word_record not found" user_id=11 word_id=2698
time=2026-06-04T02:22:51.053+08:00 level=DEBUG msg="WordStore.GetRecord called" user_id=11 word_id=2699
time=2026-06-04T02:22:51.054+08:00 level=DEBUG msg="word_record not found" user_id=11 word_id=2699
time=2026-06-04T02:22:51.055+08:00 level=DEBUG msg="WordStore.GetRecord called" user_id=11 word_id=2700
time=2026-06-04T02:22:51.056+08:00 level=DEBUG msg="word_record not found" user_id=11 word_id=2700
time=2026-06-04T02:22:51.057+08:00 level=DEBUG msg="WordStore.GetRecord called" user_id=11 word_id=4006
time=2026-06-04T02:22:51.058+08:00 level=DEBUG msg="word_record not found" user_id=11 word_id=4006
time=2026-06-04T02:22:51.059+08:00 level=DEBUG msg="WordStore.GetRecord called" user_id=11 word_id=4012
time=2026-06-04T02:22:51.060+08:00 level=DEBUG msg="word_record not found" user_id=11 word_id=4012
time=2026-06-04T02:22:51.061+08:00 level=DEBUG msg="WordStore.GetRecord called" user_id=11 word_id=4048
time=2026-06-04T02:22:51.062+08:00 level=DEBUG msg="word_record not found" user_id=11 word_id=4048
time=2026-06-04T02:22:51.062+08:00 level=DEBUG msg="WordStore.GetRecord called" user_id=11 word_id=4072
time=2026-06-04T02:22:51.063+08:00 level=DEBUG msg="word_record not found" user_id=11 word_id=4072
time=2026-06-04T02:22:51.064+08:00 level=DEBUG msg="WordStore.GetRecord called" user_id=11 word_id=4081
time=2026-06-04T02:22:51.064+08:00 level=DEBUG msg="word_record not found" user_id=11 word_id=4081
time=2026-06-04T02:22:51.065+08:00 level=DEBUG msg="WordStore.GetRecord called" user_id=11 word_id=4134
time=2026-06-04T02:22:51.066+08:00 level=DEBUG msg="word_record not found" user_id=11 word_id=4134
time=2026-06-04T02:22:51.068+08:00 level=DEBUG msg="WordStore.GetRecord called" user_id=11 word_id=4147
time=2026-06-04T02:22:51.069+08:00 level=DEBUG msg="word_record not found" user_id=11 word_id=4147
time=2026-06-04T02:22:51.070+08:00 level=DEBUG msg="WordStore.GetRecord called" user_id=11 word_id=6511
time=2026-06-04T02:22:51.071+08:00 level=DEBUG msg="word_record not found" user_id=11 word_id=6511
time=2026-06-04T02:22:51.071+08:00 level=DEBUG msg="WordStore.GetRecord called" user_id=11 word_id=6519
time=2026-06-04T02:22:51.072+08:00 level=DEBUG msg="word_record not found" user_id=11 word_id=6519
time=2026-06-04T02:22:51.073+08:00 level=DEBUG msg="WordStore.GetRecord called" user_id=11 word_id=6520
time=2026-06-04T02:22:51.074+08:00 level=DEBUG msg="word_record not found" user_id=11 word_id=6520
time=2026-06-04T02:22:51.074+08:00 level=DEBUG msg="WordStore.GetRecord called" user_id=11 word_id=6525
time=2026-06-04T02:22:51.075+08:00 level=DEBUG msg="word_record not found" user_id=11 word_id=6525
time=2026-06-04T02:22:51.076+08:00 level=DEBUG msg="WordStore.GetRecord called" user_id=11 word_id=6526
time=2026-06-04T02:22:51.077+08:00 level=DEBUG msg="word_record not found" user_id=11 word_id=6526
time=2026-06-04T02:22:51.078+08:00 level=DEBUG msg="WordStore.GetRecord called" user_id=11 word_id=6530
time=2026-06-04T02:22:51.079+08:00 level=DEBUG msg="word_record not found" user_id=11 word_id=6530
time=2026-06-04T02:22:51.080+08:00 level=DEBUG msg="WordStore.GetRecord called" user_id=11 word_id=6531
time=2026-06-04T02:22:51.081+08:00 level=DEBUG msg="word_record not found" user_id=11 word_id=6531
time=2026-06-04T02:22:51.082+08:00 level=DEBUG msg="WordStore.GetRecord called" user_id=11 word_id=6532
time=2026-06-04T02:22:51.083+08:00 level=DEBUG msg="word_record not found" user_id=11 word_id=6532
time=2026-06-04T02:22:51.083+08:00 level=DEBUG msg="WordStore.GetRecord called" user_id=11 word_id=6538
time=2026-06-04T02:22:51.084+08:00 level=DEBUG msg="word_record not found" user_id=11 word_id=6538
time=2026-06-04T02:22:51.085+08:00 level=DEBUG msg="WordStore.GetRecord called" user_id=11 word_id=6539
time=2026-06-04T02:22:51.086+08:00 level=DEBUG msg="word_record not found" user_id=11 word_id=6539
time=2026-06-04T02:22:51.086+08:00 level=DEBUG msg="WordStore.GetRecord called" user_id=11 word_id=6541
time=2026-06-04T02:22:51.088+08:00 level=DEBUG msg="word_record not found" user_id=11 word_id=6541
time=2026-06-04T02:22:51.089+08:00 level=DEBUG msg="WordStore.GetRecord called" user_id=11 word_id=6542
time=2026-06-04T02:22:51.090+08:00 level=DEBUG msg="word_record not found" user_id=11 word_id=6542
time=2026-06-04T02:22:51.091+08:00 level=DEBUG msg="WordStore.GetRecord called" user_id=11 word_id=6553
time=2026-06-04T02:22:51.092+08:00 level=DEBUG msg="word_record not found" user_id=11 word_id=6553
time=2026-06-04T02:22:51.093+08:00 level=DEBUG msg="WordStore.GetRecord called" user_id=11 word_id=6554
time=2026-06-04T02:22:51.093+08:00 level=DEBUG msg="word_record not found" user_id=11 word_id=6554
time=2026-06-04T02:22:51.094+08:00 level=DEBUG msg="WordStore.GetRecord called" user_id=11 word_id=6564
time=2026-06-04T02:22:51.095+08:00 level=DEBUG msg="word_record not found" user_id=11 word_id=6564
time=2026-06-04T02:22:51.096+08:00 level=DEBUG msg="WordStore.GetRecord called" user_id=11 word_id=6579
time=2026-06-04T02:22:51.096+08:00 level=DEBUG msg="word_record not found" user_id=11 word_id=6579
time=2026-06-04T02:22:51.097+08:00 level=DEBUG msg="WordStore.GetRecord called" user_id=11 word_id=6584
time=2026-06-04T02:22:51.098+08:00 level=DEBUG msg="word_record not found" user_id=11 word_id=6584
time=2026-06-04T02:22:51.099+08:00 level=DEBUG msg="WordStore.GetRecord called" user_id=11 word_id=6594
time=2026-06-04T02:22:51.100+08:00 level=DEBUG msg="word_record not found" user_id=11 word_id=6594
time=2026-06-04T02:22:51.102+08:00 level=DEBUG msg="WordStore.GetRecord called" user_id=11 word_id=6597
time=2026-06-04T02:22:51.103+08:00 level=DEBUG msg="word_record not found" user_id=11 word_id=6597
time=2026-06-04T02:22:51.103+08:00 level=DEBUG msg="WordStore.GetRecord called" user_id=11 word_id=6598
time=2026-06-04T02:22:51.104+08:00 level=DEBUG msg="word_record not found" user_id=11 word_id=6598
time=2026-06-04T02:22:51.105+08:00 level=DEBUG msg="WordStore.GetRecord called" user_id=11 word_id=6599
time=2026-06-04T02:22:51.106+08:00 level=DEBUG msg="word_record not found" user_id=11 word_id=6599
time=2026-06-04T02:22:51.106+08:00 level=DEBUG msg="WordStore.GetRecord called" user_id=11 word_id=6602
time=2026-06-04T02:22:51.107+08:00 level=DEBUG msg="word_record not found" user_id=11 word_id=6602
time=2026-06-04T02:22:51.108+08:00 level=DEBUG msg="WordStore.GetRecord called" user_id=11 word_id=6603
time=2026-06-04T02:22:51.109+08:00 level=DEBUG msg="word_record not found" user_id=11 word_id=6603
time=2026-06-04T02:22:51.110+08:00 level=DEBUG msg="WordStore.GetRecord called" user_id=11 word_id=6606
time=2026-06-04T02:22:51.110+08:00 level=DEBUG msg="word_record not found" user_id=11 word_id=6606
time=2026-06-04T02:22:51.112+08:00 level=DEBUG msg="WordStore.GetRecord called" user_id=11 word_id=6613
time=2026-06-04T02:22:51.113+08:00 level=DEBUG msg="word_record not found" user_id=11 word_id=6613
time=2026-06-04T02:22:51.114+08:00 level=DEBUG msg="WordStore.GetRecord called" user_id=11 word_id=6622
time=2026-06-04T02:22:51.115+08:00 level=DEBUG msg="word_record not found" user_id=11 word_id=6622
time=2026-06-04T02:22:51.116+08:00 level=DEBUG msg="WordStore.GetRecord called" user_id=11 word_id=6647
time=2026-06-04T02:22:51.116+08:00 level=DEBUG msg="word_record not found" user_id=11 word_id=6647
time=2026-06-04T02:22:51.117+08:00 level=DEBUG msg="WordStore.GetRecord called" user_id=11 word_id=6667
time=2026-06-04T02:22:51.118+08:00 level=DEBUG msg="word_record not found" user_id=11 word_id=6667
time=2026-06-04T02:22:51.119+08:00 level=DEBUG msg="WordStore.GetRecord called" user_id=11 word_id=6672
time=2026-06-04T02:22:51.119+08:00 level=DEBUG msg="word_record not found" user_id=11 word_id=6672
time=2026-06-04T02:22:51.120+08:00 level=DEBUG msg="WordStore.GetRecord called" user_id=11 word_id=6680
time=2026-06-04T02:22:51.121+08:00 level=DEBUG msg="word_record not found" user_id=11 word_id=6680
time=2026-06-04T02:22:51.122+08:00 level=DEBUG msg="WordStore.GetRecord called" user_id=11 word_id=6682
time=2026-06-04T02:22:51.124+08:00 level=DEBUG msg="word_record not found" user_id=11 word_id=6682
time=2026-06-04T02:22:51.125+08:00 level=DEBUG msg="WordStore.GetRecord called" user_id=11 word_id=6686
time=2026-06-04T02:22:51.125+08:00 level=DEBUG msg="word_record not found" user_id=11 word_id=6686
time=2026-06-04T02:22:51.126+08:00 level=DEBUG msg="WordStore.GetRecord called" user_id=11 word_id=6692
time=2026-06-04T02:22:51.127+08:00 level=DEBUG msg="word_record not found" user_id=11 word_id=6692
time=2026-06-04T02:22:51.128+08:00 level=DEBUG msg="WordStore.GetRecord called" user_id=11 word_id=6694
time=2026-06-04T02:22:51.128+08:00 level=DEBUG msg="word_record not found" user_id=11 word_id=6694
time=2026-06-04T02:22:51.129+08:00 level=DEBUG msg="WordStore.GetRecord called" user_id=11 word_id=6697
time=2026-06-04T02:22:51.130+08:00 level=DEBUG msg="word_record not found" user_id=11 word_id=6697
time=2026-06-04T02:22:51.130+08:00 level=DEBUG msg="WordStore.GetRecord called" user_id=11 word_id=6706
time=2026-06-04T02:22:51.131+08:00 level=DEBUG msg="word_record not found" user_id=11 word_id=6706
time=2026-06-04T02:22:51.132+08:00 level=DEBUG msg="WordStore.GetRecord called" user_id=11 word_id=6721
time=2026-06-04T02:22:51.133+08:00 level=DEBUG msg="word_record not found" user_id=11 word_id=6721
time=2026-06-04T02:22:51.134+08:00 level=DEBUG msg="WordStore.GetRecord called" user_id=11 word_id=6730
time=2026-06-04T02:22:51.135+08:00 level=DEBUG msg="word_record not found" user_id=11 word_id=6730
time=2026-06-04T02:22:51.136+08:00 level=DEBUG msg="WordStore.GetRecord called" user_id=11 word_id=6752
time=2026-06-04T02:22:51.137+08:00 level=DEBUG msg="word_record not found" user_id=11 word_id=6752
time=2026-06-04T02:22:51.138+08:00 level=DEBUG msg="WordStore.GetRecord called" user_id=11 word_id=6764
time=2026-06-04T02:22:51.138+08:00 level=DEBUG msg="word_record not found" user_id=11 word_id=6764
time=2026-06-04T02:22:51.139+08:00 level=DEBUG msg="WordStore.GetRecord called" user_id=11 word_id=6771
time=2026-06-04T02:22:51.140+08:00 level=DEBUG msg="word_record not found" user_id=11 word_id=6771
time=2026-06-04T02:22:51.141+08:00 level=DEBUG msg="WordStore.GetRecord called" user_id=11 word_id=6778
time=2026-06-04T02:22:51.142+08:00 level=DEBUG msg="word_record not found" user_id=11 word_id=6778
time=2026-06-04T02:22:51.143+08:00 level=DEBUG msg="WordStore.GetRecord called" user_id=11 word_id=6791
time=2026-06-04T02:22:51.144+08:00 level=DEBUG msg="word_record not found" user_id=11 word_id=6791
time=2026-06-04T02:22:51.144+08:00 level=DEBUG msg="WordStore.GetRecord called" user_id=11 word_id=6803
time=2026-06-04T02:22:51.146+08:00 level=DEBUG msg="word_record not found" user_id=11 word_id=6803
time=2026-06-04T02:22:51.147+08:00 level=DEBUG msg="WordStore.GetRecord called" user_id=11 word_id=6804
time=2026-06-04T02:22:51.148+08:00 level=DEBUG msg="word_record not found" user_id=11 word_id=6804
time=2026-06-04T02:22:51.149+08:00 level=DEBUG msg="WordStore.GetRecord called" user_id=11 word_id=6825
time=2026-06-04T02:22:51.150+08:00 level=DEBUG msg="word_record not found" user_id=11 word_id=6825
time=2026-06-04T02:22:51.150+08:00 level=DEBUG msg="WordService.GetReviewQueue done" user_id=11 count=113
time=2026-06-04T02:22:51.151+08:00 level=DEBUG msg="UserStore.GetDailyGoals called" user_id=11
time=2026-06-04T02:22:51.152+08:00 level=DEBUG msg="UserStore.GetDailyGoals done" user_id=11
time=2026-06-04T02:22:59.390+08:00 level=DEBUG msg="WordService.GetReviewQueue called" user_id=11 level=N5
time=2026-06-04T02:22:59.392+08:00 level=DEBUG msg="WordStoreAdapter.ListDueRecords called" user_id=11
time=2026-06-04T02:22:59.393+08:00 level=DEBUG msg="WordStore.ListDueRecords called" user_id=11 limit=200
time=2026-06-04T02:22:59.394+08:00 level=DEBUG msg="WordStore.ListDueRecords done" user_id=11 count=0
time=2026-06-04T02:22:59.394+08:00 level=DEBUG msg="WordStoreAdapter.ListByLevel called" level=N5
time=2026-06-04T02:22:59.395+08:00 level=DEBUG msg="WordStore.ListByLevel called" level=N5 page=1 size=10000
time=2026-06-04T02:22:59.397+08:00 level=DEBUG msg="WordStore.ListByLevel done" level=N5 count=114 total=114
time=2026-06-04T02:22:59.397+08:00 level=DEBUG msg="WordStore.GetRecord called" user_id=11 word_id=2472
time=2026-06-04T02:22:59.398+08:00 level=DEBUG msg="WordStore.GetRecord called" user_id=11 word_id=2482
time=2026-06-04T02:22:59.399+08:00 level=DEBUG msg="word_record not found" user_id=11 word_id=2482
time=2026-06-04T02:22:59.400+08:00 level=DEBUG msg="WordStore.GetRecord called" user_id=11 word_id=2641
time=2026-06-04T02:22:59.401+08:00 level=DEBUG msg="word_record not found" user_id=11 word_id=2641
time=2026-06-04T02:22:59.401+08:00 level=DEBUG msg="WordStore.GetRecord called" user_id=11 word_id=2642
time=2026-06-04T02:22:59.403+08:00 level=DEBUG msg="word_record not found" user_id=11 word_id=2642
time=2026-06-04T02:22:59.404+08:00 level=DEBUG msg="WordStore.GetRecord called" user_id=11 word_id=2643
time=2026-06-04T02:22:59.405+08:00 level=DEBUG msg="word_record not found" user_id=11 word_id=2643
time=2026-06-04T02:22:59.405+08:00 level=DEBUG msg="WordStore.GetRecord called" user_id=11 word_id=2644
time=2026-06-04T02:22:59.406+08:00 level=DEBUG msg="word_record not found" user_id=11 word_id=2644
time=2026-06-04T02:22:59.407+08:00 level=DEBUG msg="WordStore.GetRecord called" user_id=11 word_id=2645
time=2026-06-04T02:22:59.409+08:00 level=DEBUG msg="word_record not found" user_id=11 word_id=2645
time=2026-06-04T02:22:59.409+08:00 level=DEBUG msg="WordStore.GetRecord called" user_id=11 word_id=2646
time=2026-06-04T02:22:59.410+08:00 level=DEBUG msg="word_record not found" user_id=11 word_id=2646
time=2026-06-04T02:22:59.411+08:00 level=DEBUG msg="WordStore.GetRecord called" user_id=11 word_id=2647
time=2026-06-04T02:22:59.412+08:00 level=DEBUG msg="word_record not found" user_id=11 word_id=2647
time=2026-06-04T02:22:59.412+08:00 level=DEBUG msg="WordStore.GetRecord called" user_id=11 word_id=2648
time=2026-06-04T02:22:59.414+08:00 level=DEBUG msg="word_record not found" user_id=11 word_id=2648
time=2026-06-04T02:22:59.415+08:00 level=DEBUG msg="WordStore.GetRecord called" user_id=11 word_id=2649
time=2026-06-04T02:22:59.416+08:00 level=DEBUG msg="word_record not found" user_id=11 word_id=2649
time=2026-06-04T02:22:59.417+08:00 level=DEBUG msg="WordStore.GetRecord called" user_id=11 word_id=2650
time=2026-06-04T02:22:59.417+08:00 level=DEBUG msg="word_record not found" user_id=11 word_id=2650
time=2026-06-04T02:22:59.418+08:00 level=DEBUG msg="WordStore.GetRecord called" user_id=11 word_id=2651
time=2026-06-04T02:22:59.418+08:00 level=DEBUG msg="word_record not found" user_id=11 word_id=2651
time=2026-06-04T02:22:59.418+08:00 level=DEBUG msg="WordStore.GetRecord called" user_id=11 word_id=2652
time=2026-06-04T02:22:59.418+08:00 level=DEBUG msg="word_record not found" user_id=11 word_id=2652
time=2026-06-04T02:22:59.421+08:00 level=DEBUG msg="WordStore.GetRecord called" user_id=11 word_id=2653
time=2026-06-04T02:22:59.421+08:00 level=DEBUG msg="word_record not found" user_id=11 word_id=2653
time=2026-06-04T02:22:59.421+08:00 level=DEBUG msg="WordStore.GetRecord called" user_id=11 word_id=2654
time=2026-06-04T02:22:59.421+08:00 level=DEBUG msg="word_record not found" user_id=11 word_id=2654
time=2026-06-04T02:22:59.421+08:00 level=DEBUG msg="WordStore.GetRecord called" user_id=11 word_id=2655
time=2026-06-04T02:22:59.421+08:00 level=DEBUG msg="word_record not found" user_id=11 word_id=2655
time=2026-06-04T02:22:59.427+08:00 level=DEBUG msg="WordStore.GetRecord called" user_id=11 word_id=2656
time=2026-06-04T02:22:59.427+08:00 level=DEBUG msg="word_record not found" user_id=11 word_id=2656
time=2026-06-04T02:22:59.429+08:00 level=DEBUG msg="WordStore.GetRecord called" user_id=11 word_id=2657
time=2026-06-04T02:22:59.430+08:00 level=DEBUG msg="word_record not found" user_id=11 word_id=2657
time=2026-06-04T02:22:59.430+08:00 level=DEBUG msg="WordStore.GetRecord called" user_id=11 word_id=2658
time=2026-06-04T02:22:59.431+08:00 level=DEBUG msg="word_record not found" user_id=11 word_id=2658
time=2026-06-04T02:22:59.432+08:00 level=DEBUG msg="WordStore.GetRecord called" user_id=11 word_id=2659
time=2026-06-04T02:22:59.433+08:00 level=DEBUG msg="word_record not found" user_id=11 word_id=2659
time=2026-06-04T02:22:59.434+08:00 level=DEBUG msg="WordStore.GetRecord called" user_id=11 word_id=2660
time=2026-06-04T02:22:59.435+08:00 level=DEBUG msg="word_record not found" user_id=11 word_id=2660
time=2026-06-04T02:22:59.436+08:00 level=DEBUG msg="WordStore.GetRecord called" user_id=11 word_id=2661
time=2026-06-04T02:22:59.437+08:00 level=DEBUG msg="word_record not found" user_id=11 word_id=2661
time=2026-06-04T02:22:59.438+08:00 level=DEBUG msg="WordStore.GetRecord called" user_id=11 word_id=2662
time=2026-06-04T02:22:59.439+08:00 level=DEBUG msg="word_record not found" user_id=11 word_id=2662
time=2026-06-04T02:22:59.440+08:00 level=DEBUG msg="WordStore.GetRecord called" user_id=11 word_id=2663
time=2026-06-04T02:22:59.440+08:00 level=DEBUG msg="word_record not found" user_id=11 word_id=2663
time=2026-06-04T02:22:59.441+08:00 level=DEBUG msg="WordStore.GetRecord called" user_id=11 word_id=2664
time=2026-06-04T02:22:59.442+08:00 level=DEBUG msg="word_record not found" user_id=11 word_id=2664
time=2026-06-04T02:22:59.443+08:00 level=DEBUG msg="WordStore.GetRecord called" user_id=11 word_id=2665
time=2026-06-04T02:22:59.444+08:00 level=DEBUG msg="word_record not found" user_id=11 word_id=2665
time=2026-06-04T02:22:59.445+08:00 level=DEBUG msg="WordStore.GetRecord called" user_id=11 word_id=2666
time=2026-06-04T02:22:59.445+08:00 level=DEBUG msg="word_record not found" user_id=11 word_id=2666
time=2026-06-04T02:22:59.447+08:00 level=DEBUG msg="WordStore.GetRecord called" user_id=11 word_id=2667
time=2026-06-04T02:22:59.448+08:00 level=DEBUG msg="word_record not found" user_id=11 word_id=2667
time=2026-06-04T02:22:59.449+08:00 level=DEBUG msg="WordStore.GetRecord called" user_id=11 word_id=2668
time=2026-06-04T02:22:59.449+08:00 level=DEBUG msg="word_record not found" user_id=11 word_id=2668
time=2026-06-04T02:22:59.450+08:00 level=DEBUG msg="WordStore.GetRecord called" user_id=11 word_id=2669
time=2026-06-04T02:22:59.451+08:00 level=DEBUG msg="word_record not found" user_id=11 word_id=2669
time=2026-06-04T02:22:59.452+08:00 level=DEBUG msg="WordStore.GetRecord called" user_id=11 word_id=2670
time=2026-06-04T02:22:59.453+08:00 level=DEBUG msg="word_record not found" user_id=11 word_id=2670
time=2026-06-04T02:22:59.453+08:00 level=DEBUG msg="WordStore.GetRecord called" user_id=11 word_id=2671
time=2026-06-04T02:22:59.455+08:00 level=DEBUG msg="word_record not found" user_id=11 word_id=2671
time=2026-06-04T02:22:59.455+08:00 level=DEBUG msg="WordStore.GetRecord called" user_id=11 word_id=2672
time=2026-06-04T02:22:59.456+08:00 level=DEBUG msg="word_record not found" user_id=11 word_id=2672
time=2026-06-04T02:22:59.457+08:00 level=DEBUG msg="WordStore.GetRecord called" user_id=11 word_id=2673
time=2026-06-04T02:22:59.459+08:00 level=DEBUG msg="word_record not found" user_id=11 word_id=2673
time=2026-06-04T02:22:59.459+08:00 level=DEBUG msg="WordStore.GetRecord called" user_id=11 word_id=2674
time=2026-06-04T02:22:59.460+08:00 level=DEBUG msg="word_record not found" user_id=11 word_id=2674
time=2026-06-04T02:22:59.461+08:00 level=DEBUG msg="WordStore.GetRecord called" user_id=11 word_id=2675
time=2026-06-04T02:22:59.462+08:00 level=DEBUG msg="word_record not found" user_id=11 word_id=2675
time=2026-06-04T02:22:59.463+08:00 level=DEBUG msg="WordStore.GetRecord called" user_id=11 word_id=2676
time=2026-06-04T02:22:59.464+08:00 level=DEBUG msg="word_record not found" user_id=11 word_id=2676
time=2026-06-04T02:22:59.464+08:00 level=DEBUG msg="WordStore.GetRecord called" user_id=11 word_id=2677
time=2026-06-04T02:22:59.465+08:00 level=DEBUG msg="word_record not found" user_id=11 word_id=2677
time=2026-06-04T02:22:59.465+08:00 level=DEBUG msg="WordStore.GetRecord called" user_id=11 word_id=2678
time=2026-06-04T02:22:59.466+08:00 level=DEBUG msg="word_record not found" user_id=11 word_id=2678
time=2026-06-04T02:22:59.467+08:00 level=DEBUG msg="WordStore.GetRecord called" user_id=11 word_id=2679
time=2026-06-04T02:22:59.469+08:00 level=DEBUG msg="word_record not found" user_id=11 word_id=2679
time=2026-06-04T02:22:59.470+08:00 level=DEBUG msg="WordStore.GetRecord called" user_id=11 word_id=2680
time=2026-06-04T02:22:59.471+08:00 level=DEBUG msg="word_record not found" user_id=11 word_id=2680
time=2026-06-04T02:22:59.472+08:00 level=DEBUG msg="WordStore.GetRecord called" user_id=11 word_id=2681
time=2026-06-04T02:22:59.472+08:00 level=DEBUG msg="word_record not found" user_id=11 word_id=2681
time=2026-06-04T02:22:59.473+08:00 level=DEBUG msg="WordStore.GetRecord called" user_id=11 word_id=2682
time=2026-06-04T02:22:59.473+08:00 level=DEBUG msg="word_record not found" user_id=11 word_id=2682
time=2026-06-04T02:22:59.474+08:00 level=DEBUG msg="WordStore.GetRecord called" user_id=11 word_id=2683
time=2026-06-04T02:22:59.475+08:00 level=DEBUG msg="word_record not found" user_id=11 word_id=2683
time=2026-06-04T02:22:59.476+08:00 level=DEBUG msg="WordStore.GetRecord called" user_id=11 word_id=2684
time=2026-06-04T02:22:59.477+08:00 level=DEBUG msg="word_record not found" user_id=11 word_id=2684
time=2026-06-04T02:22:59.478+08:00 level=DEBUG msg="WordStore.GetRecord called" user_id=11 word_id=2686
time=2026-06-04T02:22:59.478+08:00 level=DEBUG msg="word_record not found" user_id=11 word_id=2686
time=2026-06-04T02:22:59.480+08:00 level=DEBUG msg="WordStore.GetRecord called" user_id=11 word_id=2687
time=2026-06-04T02:22:59.481+08:00 level=DEBUG msg="word_record not found" user_id=11 word_id=2687
time=2026-06-04T02:22:59.482+08:00 level=DEBUG msg="WordStore.GetRecord called" user_id=11 word_id=2688
time=2026-06-04T02:22:59.483+08:00 level=DEBUG msg="word_record not found" user_id=11 word_id=2688
time=2026-06-04T02:22:59.483+08:00 level=DEBUG msg="WordStore.GetRecord called" user_id=11 word_id=2689
time=2026-06-04T02:22:59.484+08:00 level=DEBUG msg="word_record not found" user_id=11 word_id=2689
time=2026-06-04T02:22:59.485+08:00 level=DEBUG msg="WordStore.GetRecord called" user_id=11 word_id=2690
time=2026-06-04T02:22:59.486+08:00 level=DEBUG msg="word_record not found" user_id=11 word_id=2690
time=2026-06-04T02:22:59.487+08:00 level=DEBUG msg="WordStore.GetRecord called" user_id=11 word_id=2691
time=2026-06-04T02:22:59.487+08:00 level=DEBUG msg="word_record not found" user_id=11 word_id=2691
time=2026-06-04T02:22:59.488+08:00 level=DEBUG msg="WordStore.GetRecord called" user_id=11 word_id=2692
time=2026-06-04T02:22:59.489+08:00 level=DEBUG msg="word_record not found" user_id=11 word_id=2692
time=2026-06-04T02:22:59.490+08:00 level=DEBUG msg="WordStore.GetRecord called" user_id=11 word_id=2693
time=2026-06-04T02:22:59.491+08:00 level=DEBUG msg="word_record not found" user_id=11 word_id=2693
time=2026-06-04T02:22:59.492+08:00 level=DEBUG msg="WordStore.GetRecord called" user_id=11 word_id=2694
time=2026-06-04T02:22:59.493+08:00 level=DEBUG msg="word_record not found" user_id=11 word_id=2694
time=2026-06-04T02:22:59.494+08:00 level=DEBUG msg="WordStore.GetRecord called" user_id=11 word_id=2695
time=2026-06-04T02:22:59.495+08:00 level=DEBUG msg="word_record not found" user_id=11 word_id=2695
time=2026-06-04T02:22:59.496+08:00 level=DEBUG msg="WordStore.GetRecord called" user_id=11 word_id=2696
time=2026-06-04T02:22:59.496+08:00 level=DEBUG msg="word_record not found" user_id=11 word_id=2696
time=2026-06-04T02:22:59.497+08:00 level=DEBUG msg="WordStore.GetRecord called" user_id=11 word_id=2697
time=2026-06-04T02:22:59.498+08:00 level=DEBUG msg="word_record not found" user_id=11 word_id=2697
time=2026-06-04T02:22:59.499+08:00 level=DEBUG msg="WordStore.GetRecord called" user_id=11 word_id=2698
time=2026-06-04T02:22:59.500+08:00 level=DEBUG msg="word_record not found" user_id=11 word_id=2698
time=2026-06-04T02:22:59.500+08:00 level=DEBUG msg="WordStore.GetRecord called" user_id=11 word_id=2699
time=2026-06-04T02:22:59.502+08:00 level=DEBUG msg="word_record not found" user_id=11 word_id=2699
time=2026-06-04T02:22:59.503+08:00 level=DEBUG msg="WordStore.GetRecord called" user_id=11 word_id=2700
time=2026-06-04T02:22:59.504+08:00 level=DEBUG msg="word_record not found" user_id=11 word_id=2700
time=2026-06-04T02:22:59.504+08:00 level=DEBUG msg="WordStore.GetRecord called" user_id=11 word_id=4006
time=2026-06-04T02:22:59.505+08:00 level=DEBUG msg="word_record not found" user_id=11 word_id=4006
time=2026-06-04T02:22:59.506+08:00 level=DEBUG msg="WordStore.GetRecord called" user_id=11 word_id=4012
time=2026-06-04T02:22:59.507+08:00 level=DEBUG msg="word_record not found" user_id=11 word_id=4012
time=2026-06-04T02:22:59.508+08:00 level=DEBUG msg="WordStore.GetRecord called" user_id=11 word_id=4048
time=2026-06-04T02:22:59.508+08:00 level=DEBUG msg="word_record not found" user_id=11 word_id=4048
time=2026-06-04T02:22:59.509+08:00 level=DEBUG msg="WordStore.GetRecord called" user_id=11 word_id=4072
time=2026-06-04T02:22:59.510+08:00 level=DEBUG msg="word_record not found" user_id=11 word_id=4072
time=2026-06-04T02:22:59.511+08:00 level=DEBUG msg="WordStore.GetRecord called" user_id=11 word_id=4081
time=2026-06-04T02:22:59.511+08:00 level=DEBUG msg="word_record not found" user_id=11 word_id=4081
time=2026-06-04T02:22:59.513+08:00 level=DEBUG msg="WordStore.GetRecord called" user_id=11 word_id=4134
time=2026-06-04T02:22:59.514+08:00 level=DEBUG msg="word_record not found" user_id=11 word_id=4134
time=2026-06-04T02:22:59.514+08:00 level=DEBUG msg="WordStore.GetRecord called" user_id=11 word_id=4147
time=2026-06-04T02:22:59.515+08:00 level=DEBUG msg="word_record not found" user_id=11 word_id=4147
time=2026-06-04T02:22:59.516+08:00 level=DEBUG msg="WordStore.GetRecord called" user_id=11 word_id=6511
time=2026-06-04T02:22:59.517+08:00 level=DEBUG msg="word_record not found" user_id=11 word_id=6511
time=2026-06-04T02:22:59.518+08:00 level=DEBUG msg="WordStore.GetRecord called" user_id=11 word_id=6519
time=2026-06-04T02:22:59.519+08:00 level=DEBUG msg="word_record not found" user_id=11 word_id=6519
time=2026-06-04T02:22:59.520+08:00 level=DEBUG msg="WordStore.GetRecord called" user_id=11 word_id=6520
time=2026-06-04T02:22:59.520+08:00 level=DEBUG msg="word_record not found" user_id=11 word_id=6520
time=2026-06-04T02:22:59.521+08:00 level=DEBUG msg="WordStore.GetRecord called" user_id=11 word_id=6525
time=2026-06-04T02:22:59.522+08:00 level=DEBUG msg="word_record not found" user_id=11 word_id=6525
time=2026-06-04T02:22:59.523+08:00 level=DEBUG msg="WordStore.GetRecord called" user_id=11 word_id=6526
time=2026-06-04T02:22:59.525+08:00 level=DEBUG msg="word_record not found" user_id=11 word_id=6526
time=2026-06-04T02:22:59.525+08:00 level=DEBUG msg="WordStore.GetRecord called" user_id=11 word_id=6530
time=2026-06-04T02:22:59.526+08:00 level=DEBUG msg="word_record not found" user_id=11 word_id=6530
time=2026-06-04T02:22:59.527+08:00 level=DEBUG msg="WordStore.GetRecord called" user_id=11 word_id=6531
time=2026-06-04T02:22:59.528+08:00 level=DEBUG msg="word_record not found" user_id=11 word_id=6531
time=2026-06-04T02:22:59.529+08:00 level=DEBUG msg="WordStore.GetRecord called" user_id=11 word_id=6532
time=2026-06-04T02:22:59.530+08:00 level=DEBUG msg="word_record not found" user_id=11 word_id=6532
time=2026-06-04T02:22:59.531+08:00 level=DEBUG msg="WordStore.GetRecord called" user_id=11 word_id=6538
time=2026-06-04T02:22:59.531+08:00 level=DEBUG msg="word_record not found" user_id=11 word_id=6538
time=2026-06-04T02:22:59.532+08:00 level=DEBUG msg="WordStore.GetRecord called" user_id=11 word_id=6539
time=2026-06-04T02:22:59.533+08:00 level=DEBUG msg="word_record not found" user_id=11 word_id=6539
time=2026-06-04T02:22:59.533+08:00 level=DEBUG msg="WordStore.GetRecord called" user_id=11 word_id=6541
time=2026-06-04T02:22:59.535+08:00 level=DEBUG msg="word_record not found" user_id=11 word_id=6541
time=2026-06-04T02:22:59.536+08:00 level=DEBUG msg="WordStore.GetRecord called" user_id=11 word_id=6542
time=2026-06-04T02:22:59.537+08:00 level=DEBUG msg="word_record not found" user_id=11 word_id=6542
time=2026-06-04T02:22:59.538+08:00 level=DEBUG msg="WordStore.GetRecord called" user_id=11 word_id=6553
time=2026-06-04T02:22:59.538+08:00 level=DEBUG msg="word_record not found" user_id=11 word_id=6553
time=2026-06-04T02:22:59.540+08:00 level=DEBUG msg="WordStore.GetRecord called" user_id=11 word_id=6554
time=2026-06-04T02:22:59.540+08:00 level=DEBUG msg="word_record not found" user_id=11 word_id=6554
time=2026-06-04T02:22:59.541+08:00 level=DEBUG msg="WordStore.GetRecord called" user_id=11 word_id=6564
time=2026-06-04T02:22:59.542+08:00 level=DEBUG msg="word_record not found" user_id=11 word_id=6564
time=2026-06-04T02:22:59.543+08:00 level=DEBUG msg="WordStore.GetRecord called" user_id=11 word_id=6579
time=2026-06-04T02:22:59.543+08:00 level=DEBUG msg="word_record not found" user_id=11 word_id=6579
time=2026-06-04T02:22:59.544+08:00 level=DEBUG msg="WordStore.GetRecord called" user_id=11 word_id=6584
time=2026-06-04T02:22:59.545+08:00 level=DEBUG msg="word_record not found" user_id=11 word_id=6584
time=2026-06-04T02:22:59.547+08:00 level=DEBUG msg="WordStore.GetRecord called" user_id=11 word_id=6594
time=2026-06-04T02:22:59.547+08:00 level=DEBUG msg="word_record not found" user_id=11 word_id=6594
time=2026-06-04T02:22:59.548+08:00 level=DEBUG msg="WordStore.GetRecord called" user_id=11 word_id=6597
time=2026-06-04T02:22:59.549+08:00 level=DEBUG msg="word_record not found" user_id=11 word_id=6597
time=2026-06-04T02:22:59.550+08:00 level=DEBUG msg="WordStore.GetRecord called" user_id=11 word_id=6598
time=2026-06-04T02:22:59.551+08:00 level=DEBUG msg="word_record not found" user_id=11 word_id=6598
time=2026-06-04T02:22:59.551+08:00 level=DEBUG msg="WordStore.GetRecord called" user_id=11 word_id=6599
time=2026-06-04T02:22:59.552+08:00 level=DEBUG msg="word_record not found" user_id=11 word_id=6599
time=2026-06-04T02:22:59.552+08:00 level=DEBUG msg="WordStore.GetRecord called" user_id=11 word_id=6602
time=2026-06-04T02:22:59.554+08:00 level=DEBUG msg="word_record not found" user_id=11 word_id=6602
time=2026-06-04T02:22:59.554+08:00 level=DEBUG msg="WordStore.GetRecord called" user_id=11 word_id=6603
time=2026-06-04T02:22:59.554+08:00 level=DEBUG msg="word_record not found" user_id=11 word_id=6603
time=2026-06-04T02:22:59.554+08:00 level=DEBUG msg="WordStore.GetRecord called" user_id=11 word_id=6606
time=2026-06-04T02:22:59.557+08:00 level=DEBUG msg="word_record not found" user_id=11 word_id=6606
time=2026-06-04T02:22:59.557+08:00 level=DEBUG msg="WordStore.GetRecord called" user_id=11 word_id=6613
time=2026-06-04T02:22:59.557+08:00 level=DEBUG msg="word_record not found" user_id=11 word_id=6613
time=2026-06-04T02:22:59.557+08:00 level=DEBUG msg="WordStore.GetRecord called" user_id=11 word_id=6622
time=2026-06-04T02:22:59.557+08:00 level=DEBUG msg="word_record not found" user_id=11 word_id=6622
time=2026-06-04T02:22:59.562+08:00 level=DEBUG msg="WordStore.GetRecord called" user_id=11 word_id=6647
time=2026-06-04T02:22:59.563+08:00 level=DEBUG msg="word_record not found" user_id=11 word_id=6647
time=2026-06-04T02:22:59.564+08:00 level=DEBUG msg="WordStore.GetRecord called" user_id=11 word_id=6667
time=2026-06-04T02:22:59.564+08:00 level=DEBUG msg="word_record not found" user_id=11 word_id=6667
time=2026-06-04T02:22:59.565+08:00 level=DEBUG msg="WordStore.GetRecord called" user_id=11 word_id=6672
time=2026-06-04T02:22:59.566+08:00 level=DEBUG msg="word_record not found" user_id=11 word_id=6672
time=2026-06-04T02:22:59.567+08:00 level=DEBUG msg="WordStore.GetRecord called" user_id=11 word_id=6680
time=2026-06-04T02:22:59.568+08:00 level=DEBUG msg="word_record not found" user_id=11 word_id=6680
time=2026-06-04T02:22:59.569+08:00 level=DEBUG msg="WordStore.GetRecord called" user_id=11 word_id=6682
time=2026-06-04T02:22:59.570+08:00 level=DEBUG msg="word_record not found" user_id=11 word_id=6682
time=2026-06-04T02:22:59.571+08:00 level=DEBUG msg="WordStore.GetRecord called" user_id=11 word_id=6686
time=2026-06-04T02:22:59.571+08:00 level=DEBUG msg="word_record not found" user_id=11 word_id=6686
time=2026-06-04T02:22:59.573+08:00 level=DEBUG msg="WordStore.GetRecord called" user_id=11 word_id=6692
time=2026-06-04T02:22:59.574+08:00 level=DEBUG msg="word_record not found" user_id=11 word_id=6692
time=2026-06-04T02:22:59.574+08:00 level=DEBUG msg="WordStore.GetRecord called" user_id=11 word_id=6694
time=2026-06-04T02:22:59.575+08:00 level=DEBUG msg="word_record not found" user_id=11 word_id=6694
time=2026-06-04T02:22:59.576+08:00 level=DEBUG msg="WordStore.GetRecord called" user_id=11 word_id=6697
time=2026-06-04T02:22:59.577+08:00 level=DEBUG msg="word_record not found" user_id=11 word_id=6697
time=2026-06-04T02:22:59.578+08:00 level=DEBUG msg="WordStore.GetRecord called" user_id=11 word_id=6706
time=2026-06-04T02:22:59.580+08:00 level=DEBUG msg="word_record not found" user_id=11 word_id=6706
time=2026-06-04T02:22:59.580+08:00 level=DEBUG msg="WordStore.GetRecord called" user_id=11 word_id=6721
time=2026-06-04T02:22:59.582+08:00 level=DEBUG msg="word_record not found" user_id=11 word_id=6721
time=2026-06-04T02:22:59.582+08:00 level=DEBUG msg="WordStore.GetRecord called" user_id=11 word_id=6730
time=2026-06-04T02:22:59.583+08:00 level=DEBUG msg="word_record not found" user_id=11 word_id=6730
time=2026-06-04T02:22:59.584+08:00 level=DEBUG msg="WordStore.GetRecord called" user_id=11 word_id=6752
time=2026-06-04T02:22:59.585+08:00 level=DEBUG msg="word_record not found" user_id=11 word_id=6752
time=2026-06-04T02:22:59.585+08:00 level=DEBUG msg="WordStore.GetRecord called" user_id=11 word_id=6764
time=2026-06-04T02:22:59.586+08:00 level=DEBUG msg="word_record not found" user_id=11 word_id=6764
time=2026-06-04T02:22:59.587+08:00 level=DEBUG msg="WordStore.GetRecord called" user_id=11 word_id=6771
time=2026-06-04T02:22:59.588+08:00 level=DEBUG msg="word_record not found" user_id=11 word_id=6771
time=2026-06-04T02:22:59.589+08:00 level=DEBUG msg="WordStore.GetRecord called" user_id=11 word_id=6778
time=2026-06-04T02:22:59.590+08:00 level=DEBUG msg="word_record not found" user_id=11 word_id=6778
time=2026-06-04T02:22:59.591+08:00 level=DEBUG msg="WordStore.GetRecord called" user_id=11 word_id=6791
time=2026-06-04T02:22:59.592+08:00 level=DEBUG msg="word_record not found" user_id=11 word_id=6791
time=2026-06-04T02:22:59.593+08:00 level=DEBUG msg="WordStore.GetRecord called" user_id=11 word_id=6803
time=2026-06-04T02:22:59.594+08:00 level=DEBUG msg="word_record not found" user_id=11 word_id=6803
time=2026-06-04T02:22:59.595+08:00 level=DEBUG msg="WordStore.GetRecord called" user_id=11 word_id=6804
time=2026-06-04T02:22:59.596+08:00 level=DEBUG msg="word_record not found" user_id=11 word_id=6804
time=2026-06-04T02:22:59.596+08:00 level=DEBUG msg="WordStore.GetRecord called" user_id=11 word_id=6825
time=2026-06-04T02:22:59.597+08:00 level=DEBUG msg="word_record not found" user_id=11 word_id=6825
time=2026-06-04T02:22:59.598+08:00 level=DEBUG msg="WordService.GetReviewQueue done" user_id=11 count=113
time=2026-06-04T02:22:59.599+08:00 level=DEBUG msg="UserStore.GetDailyGoals called" user_id=11
time=2026-06-04T02:22:59.599+08:00 level=DEBUG msg="UserStore.GetDailyGoals done" user_id=11
time=2026-06-04T02:22:59.602+08:00 level=DEBUG msg="WordService.GetReviewQueue called" user_id=11 level=N5
time=2026-06-04T02:22:59.603+08:00 level=DEBUG msg="WordStoreAdapter.ListDueRecords called" user_id=11
time=2026-06-04T02:22:59.604+08:00 level=DEBUG msg="WordStore.ListDueRecords called" user_id=11 limit=200
time=2026-06-04T02:22:59.605+08:00 level=DEBUG msg="WordStore.ListDueRecords done" user_id=11 count=0
time=2026-06-04T02:22:59.606+08:00 level=DEBUG msg="WordStoreAdapter.ListByLevel called" level=N5
time=2026-06-04T02:22:59.607+08:00 level=DEBUG msg="WordStore.ListByLevel called" level=N5 page=1 size=10000
time=2026-06-04T02:22:59.608+08:00 level=DEBUG msg="WordStore.ListByLevel done" level=N5 count=114 total=114
time=2026-06-04T02:22:59.609+08:00 level=DEBUG msg="WordStore.GetRecord called" user_id=11 word_id=2472
time=2026-06-04T02:22:59.610+08:00 level=DEBUG msg="WordStore.GetRecord called" user_id=11 word_id=2482
time=2026-06-04T02:22:59.610+08:00 level=DEBUG msg="word_record not found" user_id=11 word_id=2482
time=2026-06-04T02:22:59.611+08:00 level=DEBUG msg="WordStore.GetRecord called" user_id=11 word_id=2641
time=2026-06-04T02:22:59.613+08:00 level=DEBUG msg="word_record not found" user_id=11 word_id=2641
time=2026-06-04T02:22:59.614+08:00 level=DEBUG msg="WordStore.GetRecord called" user_id=11 word_id=2642
time=2026-06-04T02:22:59.615+08:00 level=DEBUG msg="word_record not found" user_id=11 word_id=2642
time=2026-06-04T02:22:59.616+08:00 level=DEBUG msg="WordStore.GetRecord called" user_id=11 word_id=2643
time=2026-06-04T02:22:59.617+08:00 level=DEBUG msg="word_record not found" user_id=11 word_id=2643
time=2026-06-04T02:22:59.617+08:00 level=DEBUG msg="WordStore.GetRecord called" user_id=11 word_id=2644
time=2026-06-04T02:22:59.618+08:00 level=DEBUG msg="word_record not found" user_id=11 word_id=2644
time=2026-06-04T02:22:59.619+08:00 level=DEBUG msg="WordStore.GetRecord called" user_id=11 word_id=2645
time=2026-06-04T02:22:59.619+08:00 level=DEBUG msg="word_record not found" user_id=11 word_id=2645
time=2026-06-04T02:22:59.620+08:00 level=DEBUG msg="WordStore.GetRecord called" user_id=11 word_id=2646
time=2026-06-04T02:22:59.621+08:00 level=DEBUG msg="word_record not found" user_id=11 word_id=2646
time=2026-06-04T02:22:59.622+08:00 level=DEBUG msg="WordStore.GetRecord called" user_id=11 word_id=2647
time=2026-06-04T02:22:59.622+08:00 level=DEBUG msg="word_record not found" user_id=11 word_id=2647
time=2026-06-04T02:22:59.624+08:00 level=DEBUG msg="WordStore.GetRecord called" user_id=11 word_id=2648
time=2026-06-04T02:22:59.625+08:00 level=DEBUG msg="word_record not found" user_id=11 word_id=2648
time=2026-06-04T02:22:59.626+08:00 level=DEBUG msg="WordStore.GetRecord called" user_id=11 word_id=2649
time=2026-06-04T02:22:59.627+08:00 level=DEBUG msg="word_record not found" user_id=11 word_id=2649
time=2026-06-04T02:22:59.627+08:00 level=DEBUG msg="WordStore.GetRecord called" user_id=11 word_id=2650
time=2026-06-04T02:22:59.628+08:00 level=DEBUG msg="word_record not found" user_id=11 word_id=2650
time=2026-06-04T02:22:59.629+08:00 level=DEBUG msg="WordStore.GetRecord called" user_id=11 word_id=2651
time=2026-06-04T02:22:59.630+08:00 level=DEBUG msg="word_record not found" user_id=11 word_id=2651
time=2026-06-04T02:22:59.630+08:00 level=DEBUG msg="WordStore.GetRecord called" user_id=11 word_id=2652
time=2026-06-04T02:22:59.631+08:00 level=DEBUG msg="word_record not found" user_id=11 word_id=2652
time=2026-06-04T02:22:59.632+08:00 level=DEBUG msg="WordStore.GetRecord called" user_id=11 word_id=2653
time=2026-06-04T02:22:59.633+08:00 level=DEBUG msg="word_record not found" user_id=11 word_id=2653
time=2026-06-04T02:22:59.634+08:00 level=DEBUG msg="WordStore.GetRecord called" user_id=11 word_id=2654
time=2026-06-04T02:22:59.636+08:00 level=DEBUG msg="word_record not found" user_id=11 word_id=2654
time=2026-06-04T02:22:59.637+08:00 level=DEBUG msg="WordStore.GetRecord called" user_id=11 word_id=2655
time=2026-06-04T02:22:59.638+08:00 level=DEBUG msg="word_record not found" user_id=11 word_id=2655
time=2026-06-04T02:22:59.639+08:00 level=DEBUG msg="WordStore.GetRecord called" user_id=11 word_id=2656
time=2026-06-04T02:22:59.640+08:00 level=DEBUG msg="word_record not found" user_id=11 word_id=2656
time=2026-06-04T02:22:59.640+08:00 level=DEBUG msg="WordStore.GetRecord called" user_id=11 word_id=2657
time=2026-06-04T02:22:59.641+08:00 level=DEBUG msg="word_record not found" user_id=11 word_id=2657
time=2026-06-04T02:22:59.642+08:00 level=DEBUG msg="WordStore.GetRecord called" user_id=11 word_id=2658
time=2026-06-04T02:22:59.643+08:00 level=DEBUG msg="word_record not found" user_id=11 word_id=2658
time=2026-06-04T02:22:59.644+08:00 level=DEBUG msg="WordStore.GetRecord called" user_id=11 word_id=2659
time=2026-06-04T02:22:59.645+08:00 level=DEBUG msg="word_record not found" user_id=11 word_id=2659
time=2026-06-04T02:22:59.646+08:00 level=DEBUG msg="WordStore.GetRecord called" user_id=11 word_id=2660
time=2026-06-04T02:22:59.647+08:00 level=DEBUG msg="word_record not found" user_id=11 word_id=2660
time=2026-06-04T02:22:59.647+08:00 level=DEBUG msg="WordStore.GetRecord called" user_id=11 word_id=2661
time=2026-06-04T02:22:59.648+08:00 level=DEBUG msg="word_record not found" user_id=11 word_id=2661
time=2026-06-04T02:22:59.651+08:00 level=DEBUG msg="WordStore.GetRecord called" user_id=11 word_id=2662
time=2026-06-04T02:22:59.651+08:00 level=DEBUG msg="word_record not found" user_id=11 word_id=2662
time=2026-06-04T02:22:59.652+08:00 level=DEBUG msg="WordStore.GetRecord called" user_id=11 word_id=2663
time=2026-06-04T02:22:59.653+08:00 level=DEBUG msg="word_record not found" user_id=11 word_id=2663
time=2026-06-04T02:22:59.653+08:00 level=DEBUG msg="WordStore.GetRecord called" user_id=11 word_id=2664
time=2026-06-04T02:22:59.654+08:00 level=DEBUG msg="word_record not found" user_id=11 word_id=2664
time=2026-06-04T02:22:59.655+08:00 level=DEBUG msg="WordStore.GetRecord called" user_id=11 word_id=2665
time=2026-06-04T02:22:59.655+08:00 level=DEBUG msg="word_record not found" user_id=11 word_id=2665
time=2026-06-04T02:22:59.657+08:00 level=DEBUG msg="WordStore.GetRecord called" user_id=11 word_id=2666
time=2026-06-04T02:22:59.658+08:00 level=DEBUG msg="word_record not found" user_id=11 word_id=2666
time=2026-06-04T02:22:59.658+08:00 level=DEBUG msg="WordStore.GetRecord called" user_id=11 word_id=2667
time=2026-06-04T02:22:59.659+08:00 level=DEBUG msg="word_record not found" user_id=11 word_id=2667
time=2026-06-04T02:22:59.660+08:00 level=DEBUG msg="WordStore.GetRecord called" user_id=11 word_id=2668
time=2026-06-04T02:22:59.661+08:00 level=DEBUG msg="word_record not found" user_id=11 word_id=2668
time=2026-06-04T02:22:59.662+08:00 level=DEBUG msg="WordStore.GetRecord called" user_id=11 word_id=2669
time=2026-06-04T02:22:59.662+08:00 level=DEBUG msg="word_record not found" user_id=11 word_id=2669
time=2026-06-04T02:22:59.663+08:00 level=DEBUG msg="WordStore.GetRecord called" user_id=11 word_id=2670
time=2026-06-04T02:22:59.664+08:00 level=DEBUG msg="word_record not found" user_id=11 word_id=2670
time=2026-06-04T02:22:59.665+08:00 level=DEBUG msg="WordStore.GetRecord called" user_id=11 word_id=2671
time=2026-06-04T02:22:59.665+08:00 level=DEBUG msg="word_record not found" user_id=11 word_id=2671
time=2026-06-04T02:22:59.666+08:00 level=DEBUG msg="WordStore.GetRecord called" user_id=11 word_id=2672
time=2026-06-04T02:22:59.667+08:00 level=DEBUG msg="word_record not found" user_id=11 word_id=2672
time=2026-06-04T02:22:59.668+08:00 level=DEBUG msg="WordStore.GetRecord called" user_id=11 word_id=2673
time=2026-06-04T02:22:59.668+08:00 level=DEBUG msg="word_record not found" user_id=11 word_id=2673
time=2026-06-04T02:22:59.669+08:00 level=DEBUG msg="WordStore.GetRecord called" user_id=11 word_id=2674
time=2026-06-04T02:22:59.670+08:00 level=DEBUG msg="word_record not found" user_id=11 word_id=2674
time=2026-06-04T02:22:59.672+08:00 level=DEBUG msg="WordStore.GetRecord called" user_id=11 word_id=2675
time=2026-06-04T02:22:59.673+08:00 level=DEBUG msg="word_record not found" user_id=11 word_id=2675
time=2026-06-04T02:22:59.673+08:00 level=DEBUG msg="WordStore.GetRecord called" user_id=11 word_id=2676
time=2026-06-04T02:22:59.674+08:00 level=DEBUG msg="word_record not found" user_id=11 word_id=2676
time=2026-06-04T02:22:59.675+08:00 level=DEBUG msg="WordStore.GetRecord called" user_id=11 word_id=2677
time=2026-06-04T02:22:59.675+08:00 level=DEBUG msg="word_record not found" user_id=11 word_id=2677
time=2026-06-04T02:22:59.676+08:00 level=DEBUG msg="WordStore.GetRecord called" user_id=11 word_id=2678
time=2026-06-04T02:22:59.677+08:00 level=DEBUG msg="word_record not found" user_id=11 word_id=2678
time=2026-06-04T02:22:59.678+08:00 level=DEBUG msg="WordStore.GetRecord called" user_id=11 word_id=2679
time=2026-06-04T02:22:59.680+08:00 level=DEBUG msg="word_record not found" user_id=11 word_id=2679
time=2026-06-04T02:22:59.681+08:00 level=DEBUG msg="WordStore.GetRecord called" user_id=11 word_id=2680
time=2026-06-04T02:22:59.682+08:00 level=DEBUG msg="word_record not found" user_id=11 word_id=2680
time=2026-06-04T02:22:59.682+08:00 level=DEBUG msg="WordStore.GetRecord called" user_id=11 word_id=2681
time=2026-06-04T02:22:59.682+08:00 level=DEBUG msg="word_record not found" user_id=11 word_id=2681
time=2026-06-04T02:22:59.682+08:00 level=DEBUG msg="WordStore.GetRecord called" user_id=11 word_id=2682
time=2026-06-04T02:22:59.685+08:00 level=DEBUG msg="word_record not found" user_id=11 word_id=2682
time=2026-06-04T02:22:59.685+08:00 level=DEBUG msg="WordStore.GetRecord called" user_id=11 word_id=2683
time=2026-06-04T02:22:59.687+08:00 level=DEBUG msg="word_record not found" user_id=11 word_id=2683
time=2026-06-04T02:22:59.687+08:00 level=DEBUG msg="WordStore.GetRecord called" user_id=11 word_id=2684
time=2026-06-04T02:22:59.688+08:00 level=DEBUG msg="word_record not found" user_id=11 word_id=2684
time=2026-06-04T02:22:59.689+08:00 level=DEBUG msg="WordStore.GetRecord called" user_id=11 word_id=2686
time=2026-06-04T02:22:59.691+08:00 level=DEBUG msg="word_record not found" user_id=11 word_id=2686
time=2026-06-04T02:22:59.691+08:00 level=DEBUG msg="WordStore.GetRecord called" user_id=11 word_id=2687
time=2026-06-04T02:22:59.692+08:00 level=DEBUG msg="word_record not found" user_id=11 word_id=2687
time=2026-06-04T02:22:59.693+08:00 level=DEBUG msg="WordStore.GetRecord called" user_id=11 word_id=2688
time=2026-06-04T02:22:59.693+08:00 level=DEBUG msg="word_record not found" user_id=11 word_id=2688
time=2026-06-04T02:22:59.694+08:00 level=DEBUG msg="WordStore.GetRecord called" user_id=11 word_id=2689
time=2026-06-04T02:22:59.695+08:00 level=DEBUG msg="word_record not found" user_id=11 word_id=2689
time=2026-06-04T02:22:59.696+08:00 level=DEBUG msg="WordStore.GetRecord called" user_id=11 word_id=2690
time=2026-06-04T02:22:59.696+08:00 level=DEBUG msg="word_record not found" user_id=11 word_id=2690
time=2026-06-04T02:22:59.697+08:00 level=DEBUG msg="WordStore.GetRecord called" user_id=11 word_id=2691
time=2026-06-04T02:22:59.698+08:00 level=DEBUG msg="word_record not found" user_id=11 word_id=2691
time=2026-06-04T02:22:59.699+08:00 level=DEBUG msg="WordStore.GetRecord called" user_id=11 word_id=2692
time=2026-06-04T02:22:59.699+08:00 level=DEBUG msg="word_record not found" user_id=11 word_id=2692
time=2026-06-04T02:22:59.700+08:00 level=DEBUG msg="WordStore.GetRecord called" user_id=11 word_id=2693
time=2026-06-04T02:22:59.702+08:00 level=DEBUG msg="word_record not found" user_id=11 word_id=2693
time=2026-06-04T02:22:59.702+08:00 level=DEBUG msg="WordStore.GetRecord called" user_id=11 word_id=2694
time=2026-06-04T02:22:59.703+08:00 level=DEBUG msg="word_record not found" user_id=11 word_id=2694
time=2026-06-04T02:22:59.704+08:00 level=DEBUG msg="WordStore.GetRecord called" user_id=11 word_id=2695
time=2026-06-04T02:22:59.705+08:00 level=DEBUG msg="word_record not found" user_id=11 word_id=2695
time=2026-06-04T02:22:59.705+08:00 level=DEBUG msg="WordStore.GetRecord called" user_id=11 word_id=2696
time=2026-06-04T02:22:59.706+08:00 level=DEBUG msg="word_record not found" user_id=11 word_id=2696
time=2026-06-04T02:22:59.707+08:00 level=DEBUG msg="WordStore.GetRecord called" user_id=11 word_id=2697
time=2026-06-04T02:22:59.707+08:00 level=DEBUG msg="word_record not found" user_id=11 word_id=2697
time=2026-06-04T02:22:59.708+08:00 level=DEBUG msg="WordStore.GetRecord called" user_id=11 word_id=2698
time=2026-06-04T02:22:59.709+08:00 level=DEBUG msg="word_record not found" user_id=11 word_id=2698
time=2026-06-04T02:22:59.710+08:00 level=DEBUG msg="WordStore.GetRecord called" user_id=11 word_id=2699
time=2026-06-04T02:22:59.712+08:00 level=DEBUG msg="word_record not found" user_id=11 word_id=2699
time=2026-06-04T02:22:59.713+08:00 level=DEBUG msg="WordStore.GetRecord called" user_id=11 word_id=2700
time=2026-06-04T02:22:59.713+08:00 level=DEBUG msg="word_record not found" user_id=11 word_id=2700
time=2026-06-04T02:22:59.714+08:00 level=DEBUG msg="WordStore.GetRecord called" user_id=11 word_id=4006
time=2026-06-04T02:22:59.715+08:00 level=DEBUG msg="word_record not found" user_id=11 word_id=4006
time=2026-06-04T02:22:59.715+08:00 level=DEBUG msg="WordStore.GetRecord called" user_id=11 word_id=4012
time=2026-06-04T02:22:59.716+08:00 level=DEBUG msg="word_record not found" user_id=11 word_id=4012
time=2026-06-04T02:22:59.716+08:00 level=DEBUG msg="WordStore.GetRecord called" user_id=11 word_id=4048
time=2026-06-04T02:22:59.717+08:00 level=DEBUG msg="word_record not found" user_id=11 word_id=4048
time=2026-06-04T02:22:59.718+08:00 level=DEBUG msg="WordStore.GetRecord called" user_id=11 word_id=4072
time=2026-06-04T02:22:59.718+08:00 level=DEBUG msg="word_record not found" user_id=11 word_id=4072
time=2026-06-04T02:22:59.719+08:00 level=DEBUG msg="WordStore.GetRecord called" user_id=11 word_id=4081
time=2026-06-04T02:22:59.720+08:00 level=DEBUG msg="word_record not found" user_id=11 word_id=4081
time=2026-06-04T02:22:59.720+08:00 level=DEBUG msg="WordStore.GetRecord called" user_id=11 word_id=4134
time=2026-06-04T02:22:59.722+08:00 level=DEBUG msg="word_record not found" user_id=11 word_id=4134
time=2026-06-04T02:22:59.723+08:00 level=DEBUG msg="WordStore.GetRecord called" user_id=11 word_id=4147
time=2026-06-04T02:22:59.724+08:00 level=DEBUG msg="word_record not found" user_id=11 word_id=4147
time=2026-06-04T02:22:59.724+08:00 level=DEBUG msg="WordStore.GetRecord called" user_id=11 word_id=6511
time=2026-06-04T02:22:59.725+08:00 level=DEBUG msg="word_record not found" user_id=11 word_id=6511
time=2026-06-04T02:22:59.726+08:00 level=DEBUG msg="WordStore.GetRecord called" user_id=11 word_id=6519
time=2026-06-04T02:22:59.726+08:00 level=DEBUG msg="word_record not found" user_id=11 word_id=6519
time=2026-06-04T02:22:59.727+08:00 level=DEBUG msg="WordStore.GetRecord called" user_id=11 word_id=6520
time=2026-06-04T02:22:59.729+08:00 level=DEBUG msg="word_record not found" user_id=11 word_id=6520
time=2026-06-04T02:22:59.729+08:00 level=DEBUG msg="WordStore.GetRecord called" user_id=11 word_id=6525
time=2026-06-04T02:22:59.730+08:00 level=DEBUG msg="word_record not found" user_id=11 word_id=6525
time=2026-06-04T02:22:59.731+08:00 level=DEBUG msg="WordStore.GetRecord called" user_id=11 word_id=6526
time=2026-06-04T02:22:59.732+08:00 level=DEBUG msg="word_record not found" user_id=11 word_id=6526
time=2026-06-04T02:22:59.733+08:00 level=DEBUG msg="WordStore.GetRecord called" user_id=11 word_id=6530
time=2026-06-04T02:22:59.734+08:00 level=DEBUG msg="word_record not found" user_id=11 word_id=6530
time=2026-06-04T02:22:59.735+08:00 level=DEBUG msg="WordStore.GetRecord called" user_id=11 word_id=6531
time=2026-06-04T02:22:59.735+08:00 level=DEBUG msg="word_record not found" user_id=11 word_id=6531
time=2026-06-04T02:22:59.736+08:00 level=DEBUG msg="WordStore.GetRecord called" user_id=11 word_id=6532
time=2026-06-04T02:22:59.737+08:00 level=DEBUG msg="word_record not found" user_id=11 word_id=6532
time=2026-06-04T02:22:59.738+08:00 level=DEBUG msg="WordStore.GetRecord called" user_id=11 word_id=6538
time=2026-06-04T02:22:59.739+08:00 level=DEBUG msg="word_record not found" user_id=11 word_id=6538
time=2026-06-04T02:22:59.739+08:00 level=DEBUG msg="WordStore.GetRecord called" user_id=11 word_id=6539
time=2026-06-04T02:22:59.740+08:00 level=DEBUG msg="word_record not found" user_id=11 word_id=6539
time=2026-06-04T02:22:59.741+08:00 level=DEBUG msg="WordStore.GetRecord called" user_id=11 word_id=6541
time=2026-06-04T02:22:59.742+08:00 level=DEBUG msg="word_record not found" user_id=11 word_id=6541
time=2026-06-04T02:22:59.742+08:00 level=DEBUG msg="WordStore.GetRecord called" user_id=11 word_id=6542
time=2026-06-04T02:22:59.743+08:00 level=DEBUG msg="word_record not found" user_id=11 word_id=6542
time=2026-06-04T02:22:59.745+08:00 level=DEBUG msg="WordStore.GetRecord called" user_id=11 word_id=6553
time=2026-06-04T02:22:59.745+08:00 level=DEBUG msg="word_record not found" user_id=11 word_id=6553
time=2026-06-04T02:22:59.746+08:00 level=DEBUG msg="WordStore.GetRecord called" user_id=11 word_id=6554
time=2026-06-04T02:22:59.747+08:00 level=DEBUG msg="word_record not found" user_id=11 word_id=6554
time=2026-06-04T02:22:59.748+08:00 level=DEBUG msg="WordStore.GetRecord called" user_id=11 word_id=6564
time=2026-06-04T02:22:59.749+08:00 level=DEBUG msg="word_record not found" user_id=11 word_id=6564
time=2026-06-04T02:22:59.749+08:00 level=DEBUG msg="WordStore.GetRecord called" user_id=11 word_id=6579
time=2026-06-04T02:22:59.750+08:00 level=DEBUG msg="word_record not found" user_id=11 word_id=6579
time=2026-06-04T02:22:59.751+08:00 level=DEBUG msg="WordStore.GetRecord called" user_id=11 word_id=6584
time=2026-06-04T02:22:59.751+08:00 level=DEBUG msg="word_record not found" user_id=11 word_id=6584
time=2026-06-04T02:22:59.752+08:00 level=DEBUG msg="WordStore.GetRecord called" user_id=11 word_id=6594
time=2026-06-04T02:22:59.753+08:00 level=DEBUG msg="word_record not found" user_id=11 word_id=6594
time=2026-06-04T02:22:59.753+08:00 level=DEBUG msg="WordStore.GetRecord called" user_id=11 word_id=6597
time=2026-06-04T02:22:59.754+08:00 level=DEBUG msg="word_record not found" user_id=11 word_id=6597
time=2026-06-04T02:22:59.756+08:00 level=DEBUG msg="WordStore.GetRecord called" user_id=11 word_id=6598
time=2026-06-04T02:22:59.756+08:00 level=DEBUG msg="word_record not found" user_id=11 word_id=6598
time=2026-06-04T02:22:59.757+08:00 level=DEBUG msg="WordStore.GetRecord called" user_id=11 word_id=6599
time=2026-06-04T02:22:59.758+08:00 level=DEBUG msg="word_record not found" user_id=11 word_id=6599
time=2026-06-04T02:22:59.759+08:00 level=DEBUG msg="WordStore.GetRecord called" user_id=11 word_id=6602
time=2026-06-04T02:22:59.760+08:00 level=DEBUG msg="word_record not found" user_id=11 word_id=6602
time=2026-06-04T02:22:59.760+08:00 level=DEBUG msg="WordStore.GetRecord called" user_id=11 word_id=6603
time=2026-06-04T02:22:59.761+08:00 level=DEBUG msg="word_record not found" user_id=11 word_id=6603
time=2026-06-04T02:22:59.762+08:00 level=DEBUG msg="WordStore.GetRecord called" user_id=11 word_id=6606
time=2026-06-04T02:22:59.763+08:00 level=DEBUG msg="word_record not found" user_id=11 word_id=6606
time=2026-06-04T02:22:59.763+08:00 level=DEBUG msg="WordStore.GetRecord called" user_id=11 word_id=6613
time=2026-06-04T02:22:59.764+08:00 level=DEBUG msg="word_record not found" user_id=11 word_id=6613
time=2026-06-04T02:22:59.764+08:00 level=DEBUG msg="WordStore.GetRecord called" user_id=11 word_id=6622
time=2026-06-04T02:22:59.765+08:00 level=DEBUG msg="word_record not found" user_id=11 word_id=6622
time=2026-06-04T02:22:59.767+08:00 level=DEBUG msg="WordStore.GetRecord called" user_id=11 word_id=6647
time=2026-06-04T02:22:59.767+08:00 level=DEBUG msg="word_record not found" user_id=11 word_id=6647
time=2026-06-04T02:22:59.768+08:00 level=DEBUG msg="WordStore.GetRecord called" user_id=11 word_id=6667
time=2026-06-04T02:22:59.769+08:00 level=DEBUG msg="word_record not found" user_id=11 word_id=6667
time=2026-06-04T02:22:59.770+08:00 level=DEBUG msg="WordStore.GetRecord called" user_id=11 word_id=6672
time=2026-06-04T02:22:59.771+08:00 level=DEBUG msg="word_record not found" user_id=11 word_id=6672
time=2026-06-04T02:22:59.772+08:00 level=DEBUG msg="WordStore.GetRecord called" user_id=11 word_id=6680
time=2026-06-04T02:22:59.772+08:00 level=DEBUG msg="word_record not found" user_id=11 word_id=6680
time=2026-06-04T02:22:59.773+08:00 level=DEBUG msg="WordStore.GetRecord called" user_id=11 word_id=6682
time=2026-06-04T02:22:59.774+08:00 level=DEBUG msg="word_record not found" user_id=11 word_id=6682
time=2026-06-04T02:22:59.774+08:00 level=DEBUG msg="WordStore.GetRecord called" user_id=11 word_id=6686
time=2026-06-04T02:22:59.775+08:00 level=DEBUG msg="word_record not found" user_id=11 word_id=6686
time=2026-06-04T02:22:59.776+08:00 level=DEBUG msg="WordStore.GetRecord called" user_id=11 word_id=6692
time=2026-06-04T02:22:59.777+08:00 level=DEBUG msg="word_record not found" user_id=11 word_id=6692
time=2026-06-04T02:22:59.778+08:00 level=DEBUG msg="WordStore.GetRecord called" user_id=11 word_id=6694
time=2026-06-04T02:22:59.779+08:00 level=DEBUG msg="word_record not found" user_id=11 word_id=6694
time=2026-06-04T02:22:59.780+08:00 level=DEBUG msg="WordStore.GetRecord called" user_id=11 word_id=6697
time=2026-06-04T02:22:59.780+08:00 level=DEBUG msg="word_record not found" user_id=11 word_id=6697
time=2026-06-04T02:22:59.781+08:00 level=DEBUG msg="WordStore.GetRecord called" user_id=11 word_id=6706
time=2026-06-04T02:22:59.782+08:00 level=DEBUG msg="word_record not found" user_id=11 word_id=6706
time=2026-06-04T02:22:59.782+08:00 level=DEBUG msg="WordStore.GetRecord called" user_id=11 word_id=6721
time=2026-06-04T02:22:59.784+08:00 level=DEBUG msg="word_record not found" user_id=11 word_id=6721
time=2026-06-04T02:22:59.784+08:00 level=DEBUG msg="WordStore.GetRecord called" user_id=11 word_id=6730
time=2026-06-04T02:22:59.785+08:00 level=DEBUG msg="word_record not found" user_id=11 word_id=6730
time=2026-06-04T02:22:59.786+08:00 level=DEBUG msg="WordStore.GetRecord called" user_id=11 word_id=6752
time=2026-06-04T02:22:59.786+08:00 level=DEBUG msg="word_record not found" user_id=11 word_id=6752
time=2026-06-04T02:22:59.787+08:00 level=DEBUG msg="WordStore.GetRecord called" user_id=11 word_id=6764
time=2026-06-04T02:22:59.788+08:00 level=DEBUG msg="word_record not found" user_id=11 word_id=6764
time=2026-06-04T02:22:59.789+08:00 level=DEBUG msg="WordStore.GetRecord called" user_id=11 word_id=6771
time=2026-06-04T02:22:59.790+08:00 level=DEBUG msg="word_record not found" user_id=11 word_id=6771
time=2026-06-04T02:22:59.791+08:00 level=DEBUG msg="WordStore.GetRecord called" user_id=11 word_id=6778
time=2026-06-04T02:22:59.791+08:00 level=DEBUG msg="word_record not found" user_id=11 word_id=6778
time=2026-06-04T02:22:59.792+08:00 level=DEBUG msg="WordStore.GetRecord called" user_id=11 word_id=6791
time=2026-06-04T02:22:59.793+08:00 level=DEBUG msg="word_record not found" user_id=11 word_id=6791
time=2026-06-04T02:22:59.794+08:00 level=DEBUG msg="WordStore.GetRecord called" user_id=11 word_id=6803
time=2026-06-04T02:22:59.794+08:00 level=DEBUG msg="word_record not found" user_id=11 word_id=6803
time=2026-06-04T02:22:59.795+08:00 level=DEBUG msg="WordStore.GetRecord called" user_id=11 word_id=6804
time=2026-06-04T02:22:59.796+08:00 level=DEBUG msg="word_record not found" user_id=11 word_id=6804
time=2026-06-04T02:22:59.797+08:00 level=DEBUG msg="WordStore.GetRecord called" user_id=11 word_id=6825
time=2026-06-04T02:22:59.797+08:00 level=DEBUG msg="word_record not found" user_id=11 word_id=6825
time=2026-06-04T02:22:59.798+08:00 level=DEBUG msg="WordService.GetReviewQueue done" user_id=11 count=113
time=2026-06-04T02:22:59.799+08:00 level=DEBUG msg="UserStore.GetDailyGoals called" user_id=11
time=2026-06-04T02:22:59.801+08:00 level=DEBUG msg="UserStore.GetDailyGoals done" user_id=11
time=2026-06-04T02:23:00.374+08:00 level=DEBUG msg="UserService.GetStats called" user_id=11
time=2026-06-04T02:23:00.375+08:00 level=DEBUG msg="UserStore.GetStats called" user_id=11
time=2026-06-04T02:23:00.377+08:00 level=DEBUG msg="UserStore.GetStats done" user_id=11
time=2026-06-04T02:23:00.379+08:00 level=DEBUG msg="UserService.GetStats called" user_id=11
time=2026-06-04T02:23:00.380+08:00 level=DEBUG msg="UserStore.GetStats called" user_id=11
time=2026-06-04T02:23:00.381+08:00 level=DEBUG msg="UserStore.GetStats done" user_id=11
time=2026-06-04T02:23:01.139+08:00 level=DEBUG msg="WordService.GetReviewQueue called" user_id=11 level=N5
time=2026-06-04T02:23:01.140+08:00 level=DEBUG msg="WordStoreAdapter.ListDueRecords called" user_id=11
time=2026-06-04T02:23:01.141+08:00 level=DEBUG msg="WordStore.ListDueRecords called" user_id=11 limit=200
time=2026-06-04T02:23:01.141+08:00 level=DEBUG msg="WordStore.ListDueRecords done" user_id=11 count=0
time=2026-06-04T02:23:01.143+08:00 level=DEBUG msg="WordStoreAdapter.ListByLevel called" level=N5
time=2026-06-04T02:23:01.143+08:00 level=DEBUG msg="WordStore.ListByLevel called" level=N5 page=1 size=10000
time=2026-06-04T02:23:01.145+08:00 level=DEBUG msg="WordStore.ListByLevel done" level=N5 count=114 total=114
time=2026-06-04T02:23:01.145+08:00 level=DEBUG msg="WordStore.GetRecord called" user_id=11 word_id=2472
time=2026-06-04T02:23:01.146+08:00 level=DEBUG msg="WordStore.GetRecord called" user_id=11 word_id=2482
time=2026-06-04T02:23:01.147+08:00 level=DEBUG msg="word_record not found" user_id=11 word_id=2482
time=2026-06-04T02:23:01.149+08:00 level=DEBUG msg="WordStore.GetRecord called" user_id=11 word_id=2641
time=2026-06-04T02:23:01.150+08:00 level=DEBUG msg="word_record not found" user_id=11 word_id=2641
time=2026-06-04T02:23:01.150+08:00 level=DEBUG msg="WordStore.GetRecord called" user_id=11 word_id=2642
time=2026-06-04T02:23:01.151+08:00 level=DEBUG msg="word_record not found" user_id=11 word_id=2642
time=2026-06-04T02:23:01.152+08:00 level=DEBUG msg="WordStore.GetRecord called" user_id=11 word_id=2643
time=2026-06-04T02:23:01.153+08:00 level=DEBUG msg="word_record not found" user_id=11 word_id=2643
time=2026-06-04T02:23:01.154+08:00 level=DEBUG msg="WordStore.GetRecord called" user_id=11 word_id=2644
time=2026-06-04T02:23:01.154+08:00 level=DEBUG msg="word_record not found" user_id=11 word_id=2644
time=2026-06-04T02:23:01.155+08:00 level=DEBUG msg="WordStore.GetRecord called" user_id=11 word_id=2645
time=2026-06-04T02:23:01.156+08:00 level=DEBUG msg="word_record not found" user_id=11 word_id=2645
time=2026-06-04T02:23:01.156+08:00 level=DEBUG msg="WordStore.GetRecord called" user_id=11 word_id=2646
time=2026-06-04T02:23:01.157+08:00 level=DEBUG msg="word_record not found" user_id=11 word_id=2646
time=2026-06-04T02:23:01.158+08:00 level=DEBUG msg="WordStore.GetRecord called" user_id=11 word_id=2647
time=2026-06-04T02:23:01.159+08:00 level=DEBUG msg="word_record not found" user_id=11 word_id=2647
time=2026-06-04T02:23:01.160+08:00 level=DEBUG msg="WordStore.GetRecord called" user_id=11 word_id=2648
time=2026-06-04T02:23:01.161+08:00 level=DEBUG msg="word_record not found" user_id=11 word_id=2648
time=2026-06-04T02:23:01.161+08:00 level=DEBUG msg="WordStore.GetRecord called" user_id=11 word_id=2649
time=2026-06-04T02:23:01.162+08:00 level=DEBUG msg="word_record not found" user_id=11 word_id=2649
time=2026-06-04T02:23:01.163+08:00 level=DEBUG msg="WordStore.GetRecord called" user_id=11 word_id=2650
time=2026-06-04T02:23:01.164+08:00 level=DEBUG msg="word_record not found" user_id=11 word_id=2650
time=2026-06-04T02:23:01.164+08:00 level=DEBUG msg="WordStore.GetRecord called" user_id=11 word_id=2651
time=2026-06-04T02:23:01.166+08:00 level=DEBUG msg="word_record not found" user_id=11 word_id=2651
time=2026-06-04T02:23:01.166+08:00 level=DEBUG msg="WordStore.GetRecord called" user_id=11 word_id=2652
time=2026-06-04T02:23:01.167+08:00 level=DEBUG msg="word_record not found" user_id=11 word_id=2652
time=2026-06-04T02:23:01.168+08:00 level=DEBUG msg="WordStore.GetRecord called" user_id=11 word_id=2653
time=2026-06-04T02:23:01.168+08:00 level=DEBUG msg="word_record not found" user_id=11 word_id=2653
time=2026-06-04T02:23:01.169+08:00 level=DEBUG msg="WordStore.GetRecord called" user_id=11 word_id=2654
time=2026-06-04T02:23:01.171+08:00 level=DEBUG msg="word_record not found" user_id=11 word_id=2654
time=2026-06-04T02:23:01.171+08:00 level=DEBUG msg="WordStore.GetRecord called" user_id=11 word_id=2655
time=2026-06-04T02:23:01.172+08:00 level=DEBUG msg="word_record not found" user_id=11 word_id=2655
time=2026-06-04T02:23:01.173+08:00 level=DEBUG msg="WordStore.GetRecord called" user_id=11 word_id=2656
time=2026-06-04T02:23:01.174+08:00 level=DEBUG msg="word_record not found" user_id=11 word_id=2656
time=2026-06-04T02:23:01.174+08:00 level=DEBUG msg="WordStore.GetRecord called" user_id=11 word_id=2657
time=2026-06-04T02:23:01.175+08:00 level=DEBUG msg="word_record not found" user_id=11 word_id=2657
time=2026-06-04T02:23:01.176+08:00 level=DEBUG msg="WordStore.GetRecord called" user_id=11 word_id=2658
time=2026-06-04T02:23:01.176+08:00 level=DEBUG msg="word_record not found" user_id=11 word_id=2658
time=2026-06-04T02:23:01.177+08:00 level=DEBUG msg="WordStore.GetRecord called" user_id=11 word_id=2659
time=2026-06-04T02:23:01.178+08:00 level=DEBUG msg="word_record not found" user_id=11 word_id=2659
time=2026-06-04T02:23:01.179+08:00 level=DEBUG msg="WordStore.GetRecord called" user_id=11 word_id=2660
time=2026-06-04T02:23:01.180+08:00 level=DEBUG msg="word_record not found" user_id=11 word_id=2660
time=2026-06-04T02:23:01.180+08:00 level=DEBUG msg="WordStore.GetRecord called" user_id=11 word_id=2661
time=2026-06-04T02:23:01.182+08:00 level=DEBUG msg="word_record not found" user_id=11 word_id=2661
time=2026-06-04T02:23:01.182+08:00 level=DEBUG msg="WordStore.GetRecord called" user_id=11 word_id=2662
time=2026-06-04T02:23:01.183+08:00 level=DEBUG msg="word_record not found" user_id=11 word_id=2662
time=2026-06-04T02:23:01.184+08:00 level=DEBUG msg="WordStore.GetRecord called" user_id=11 word_id=2663
time=2026-06-04T02:23:01.184+08:00 level=DEBUG msg="word_record not found" user_id=11 word_id=2663
time=2026-06-04T02:23:01.185+08:00 level=DEBUG msg="WordStore.GetRecord called" user_id=11 word_id=2664
time=2026-06-04T02:23:01.186+08:00 level=DEBUG msg="word_record not found" user_id=11 word_id=2664
time=2026-06-04T02:23:01.186+08:00 level=DEBUG msg="WordStore.GetRecord called" user_id=11 word_id=2665
time=2026-06-04T02:23:01.187+08:00 level=DEBUG msg="word_record not found" user_id=11 word_id=2665
time=2026-06-04T02:23:01.188+08:00 level=DEBUG msg="WordStore.GetRecord called" user_id=11 word_id=2666
time=2026-06-04T02:23:01.188+08:00 level=DEBUG msg="word_record not found" user_id=11 word_id=2666
time=2026-06-04T02:23:01.189+08:00 level=DEBUG msg="WordStore.GetRecord called" user_id=11 word_id=2667
time=2026-06-04T02:23:01.189+08:00 level=DEBUG msg="word_record not found" user_id=11 word_id=2667
time=2026-06-04T02:23:01.189+08:00 level=DEBUG msg="WordStore.GetRecord called" user_id=11 word_id=2668
time=2026-06-04T02:23:01.189+08:00 level=DEBUG msg="word_record not found" user_id=11 word_id=2668
time=2026-06-04T02:23:01.193+08:00 level=DEBUG msg="WordStore.GetRecord called" user_id=11 word_id=2669
time=2026-06-04T02:23:01.193+08:00 level=DEBUG msg="word_record not found" user_id=11 word_id=2669
time=2026-06-04T02:23:01.193+08:00 level=DEBUG msg="WordStore.GetRecord called" user_id=11 word_id=2670
time=2026-06-04T02:23:01.193+08:00 level=DEBUG msg="word_record not found" user_id=11 word_id=2670
time=2026-06-04T02:23:01.196+08:00 level=DEBUG msg="WordStore.GetRecord called" user_id=11 word_id=2671
time=2026-06-04T02:23:01.197+08:00 level=DEBUG msg="word_record not found" user_id=11 word_id=2671
time=2026-06-04T02:23:01.198+08:00 level=DEBUG msg="WordStore.GetRecord called" user_id=11 word_id=2672
time=2026-06-04T02:23:01.199+08:00 level=DEBUG msg="word_record not found" user_id=11 word_id=2672
time=2026-06-04T02:23:01.199+08:00 level=DEBUG msg="WordStore.GetRecord called" user_id=11 word_id=2673
time=2026-06-04T02:23:01.200+08:00 level=DEBUG msg="word_record not found" user_id=11 word_id=2673
time=2026-06-04T02:23:01.201+08:00 level=DEBUG msg="WordStore.GetRecord called" user_id=11 word_id=2674
time=2026-06-04T02:23:01.202+08:00 level=DEBUG msg="word_record not found" user_id=11 word_id=2674
time=2026-06-04T02:23:01.202+08:00 level=DEBUG msg="WordStore.GetRecord called" user_id=11 word_id=2675
time=2026-06-04T02:23:01.204+08:00 level=DEBUG msg="word_record not found" user_id=11 word_id=2675
time=2026-06-04T02:23:01.205+08:00 level=DEBUG msg="WordStore.GetRecord called" user_id=11 word_id=2676
time=2026-06-04T02:23:01.206+08:00 level=DEBUG msg="word_record not found" user_id=11 word_id=2676
time=2026-06-04T02:23:01.206+08:00 level=DEBUG msg="WordStore.GetRecord called" user_id=11 word_id=2677
time=2026-06-04T02:23:01.207+08:00 level=DEBUG msg="word_record not found" user_id=11 word_id=2677
time=2026-06-04T02:23:01.208+08:00 level=DEBUG msg="WordStore.GetRecord called" user_id=11 word_id=2678
time=2026-06-04T02:23:01.209+08:00 level=DEBUG msg="word_record not found" user_id=11 word_id=2678
time=2026-06-04T02:23:01.209+08:00 level=DEBUG msg="WordStore.GetRecord called" user_id=11 word_id=2679
time=2026-06-04T02:23:01.210+08:00 level=DEBUG msg="word_record not found" user_id=11 word_id=2679
time=2026-06-04T02:23:01.211+08:00 level=DEBUG msg="WordStore.GetRecord called" user_id=11 word_id=2680
time=2026-06-04T02:23:01.212+08:00 level=DEBUG msg="word_record not found" user_id=11 word_id=2680
time=2026-06-04T02:23:01.212+08:00 level=DEBUG msg="WordStore.GetRecord called" user_id=11 word_id=2681
time=2026-06-04T02:23:01.213+08:00 level=DEBUG msg="word_record not found" user_id=11 word_id=2681
time=2026-06-04T02:23:01.215+08:00 level=DEBUG msg="WordStore.GetRecord called" user_id=11 word_id=2682
time=2026-06-04T02:23:01.216+08:00 level=DEBUG msg="word_record not found" user_id=11 word_id=2682
time=2026-06-04T02:23:01.217+08:00 level=DEBUG msg="WordStore.GetRecord called" user_id=11 word_id=2683
time=2026-06-04T02:23:01.217+08:00 level=DEBUG msg="word_record not found" user_id=11 word_id=2683
time=2026-06-04T02:23:01.218+08:00 level=DEBUG msg="WordStore.GetRecord called" user_id=11 word_id=2684
time=2026-06-04T02:23:01.219+08:00 level=DEBUG msg="word_record not found" user_id=11 word_id=2684
time=2026-06-04T02:23:01.219+08:00 level=DEBUG msg="WordStore.GetRecord called" user_id=11 word_id=2686
time=2026-06-04T02:23:01.220+08:00 level=DEBUG msg="word_record not found" user_id=11 word_id=2686
time=2026-06-04T02:23:01.221+08:00 level=DEBUG msg="WordStore.GetRecord called" user_id=11 word_id=2687
time=2026-06-04T02:23:01.221+08:00 level=DEBUG msg="word_record not found" user_id=11 word_id=2687
time=2026-06-04T02:23:01.222+08:00 level=DEBUG msg="WordStore.GetRecord called" user_id=11 word_id=2688
time=2026-06-04T02:23:01.223+08:00 level=DEBUG msg="word_record not found" user_id=11 word_id=2688
time=2026-06-04T02:23:01.223+08:00 level=DEBUG msg="WordStore.GetRecord called" user_id=11 word_id=2689
time=2026-06-04T02:23:01.224+08:00 level=DEBUG msg="word_record not found" user_id=11 word_id=2689
time=2026-06-04T02:23:01.225+08:00 level=DEBUG msg="WordStore.GetRecord called" user_id=11 word_id=2690
time=2026-06-04T02:23:01.226+08:00 level=DEBUG msg="word_record not found" user_id=11 word_id=2690
time=2026-06-04T02:23:01.227+08:00 level=DEBUG msg="WordStore.GetRecord called" user_id=11 word_id=2691
time=2026-06-04T02:23:01.228+08:00 level=DEBUG msg="word_record not found" user_id=11 word_id=2691
time=2026-06-04T02:23:01.229+08:00 level=DEBUG msg="WordStore.GetRecord called" user_id=11 word_id=2692
time=2026-06-04T02:23:01.230+08:00 level=DEBUG msg="word_record not found" user_id=11 word_id=2692
time=2026-06-04T02:23:01.230+08:00 level=DEBUG msg="WordStore.GetRecord called" user_id=11 word_id=2693
time=2026-06-04T02:23:01.231+08:00 level=DEBUG msg="word_record not found" user_id=11 word_id=2693
time=2026-06-04T02:23:01.232+08:00 level=DEBUG msg="WordStore.GetRecord called" user_id=11 word_id=2694
time=2026-06-04T02:23:01.233+08:00 level=DEBUG msg="word_record not found" user_id=11 word_id=2694
time=2026-06-04T02:23:01.233+08:00 level=DEBUG msg="WordStore.GetRecord called" user_id=11 word_id=2695
time=2026-06-04T02:23:01.234+08:00 level=DEBUG msg="word_record not found" user_id=11 word_id=2695
time=2026-06-04T02:23:01.235+08:00 level=DEBUG msg="WordStore.GetRecord called" user_id=11 word_id=2696
time=2026-06-04T02:23:01.236+08:00 level=DEBUG msg="word_record not found" user_id=11 word_id=2696
time=2026-06-04T02:23:01.237+08:00 level=DEBUG msg="WordStore.GetRecord called" user_id=11 word_id=2697
time=2026-06-04T02:23:01.238+08:00 level=DEBUG msg="word_record not found" user_id=11 word_id=2697
time=2026-06-04T02:23:01.239+08:00 level=DEBUG msg="WordStore.GetRecord called" user_id=11 word_id=2698
time=2026-06-04T02:23:01.240+08:00 level=DEBUG msg="word_record not found" user_id=11 word_id=2698
time=2026-06-04T02:23:01.241+08:00 level=DEBUG msg="WordStore.GetRecord called" user_id=11 word_id=2699
time=2026-06-04T02:23:01.242+08:00 level=DEBUG msg="word_record not found" user_id=11 word_id=2699
time=2026-06-04T02:23:01.243+08:00 level=DEBUG msg="WordStore.GetRecord called" user_id=11 word_id=2700
time=2026-06-04T02:23:01.243+08:00 level=DEBUG msg="word_record not found" user_id=11 word_id=2700
time=2026-06-04T02:23:01.244+08:00 level=DEBUG msg="WordStore.GetRecord called" user_id=11 word_id=4006
time=2026-06-04T02:23:01.245+08:00 level=DEBUG msg="word_record not found" user_id=11 word_id=4006
time=2026-06-04T02:23:01.246+08:00 level=DEBUG msg="WordStore.GetRecord called" user_id=11 word_id=4012
time=2026-06-04T02:23:01.246+08:00 level=DEBUG msg="word_record not found" user_id=11 word_id=4012
time=2026-06-04T02:23:01.248+08:00 level=DEBUG msg="WordStore.GetRecord called" user_id=11 word_id=4048
time=2026-06-04T02:23:01.248+08:00 level=DEBUG msg="word_record not found" user_id=11 word_id=4048
time=2026-06-04T02:23:01.249+08:00 level=DEBUG msg="WordStore.GetRecord called" user_id=11 word_id=4072
time=2026-06-04T02:23:01.249+08:00 level=DEBUG msg="word_record not found" user_id=11 word_id=4072
time=2026-06-04T02:23:01.251+08:00 level=DEBUG msg="WordStore.GetRecord called" user_id=11 word_id=4081
time=2026-06-04T02:23:01.251+08:00 level=DEBUG msg="word_record not found" user_id=11 word_id=4081
time=2026-06-04T02:23:01.251+08:00 level=DEBUG msg="WordStore.GetRecord called" user_id=11 word_id=4134
time=2026-06-04T02:23:01.251+08:00 level=DEBUG msg="word_record not found" user_id=11 word_id=4134
time=2026-06-04T02:23:01.251+08:00 level=DEBUG msg="WordStore.GetRecord called" user_id=11 word_id=4147
time=2026-06-04T02:23:01.254+08:00 level=DEBUG msg="word_record not found" user_id=11 word_id=4147
time=2026-06-04T02:23:01.254+08:00 level=DEBUG msg="WordStore.GetRecord called" user_id=11 word_id=6511
time=2026-06-04T02:23:01.254+08:00 level=DEBUG msg="word_record not found" user_id=11 word_id=6511
time=2026-06-04T02:23:01.254+08:00 level=DEBUG msg="WordStore.GetRecord called" user_id=11 word_id=6519
time=2026-06-04T02:23:01.254+08:00 level=DEBUG msg="word_record not found" user_id=11 word_id=6519
time=2026-06-04T02:23:01.254+08:00 level=DEBUG msg="WordStore.GetRecord called" user_id=11 word_id=6520
time=2026-06-04T02:23:01.259+08:00 level=DEBUG msg="word_record not found" user_id=11 word_id=6520
time=2026-06-04T02:23:01.260+08:00 level=DEBUG msg="WordStore.GetRecord called" user_id=11 word_id=6525
time=2026-06-04T02:23:01.261+08:00 level=DEBUG msg="word_record not found" user_id=11 word_id=6525
time=2026-06-04T02:23:01.262+08:00 level=DEBUG msg="WordStore.GetRecord called" user_id=11 word_id=6526
time=2026-06-04T02:23:01.262+08:00 level=DEBUG msg="word_record not found" user_id=11 word_id=6526
time=2026-06-04T02:23:01.263+08:00 level=DEBUG msg="WordStore.GetRecord called" user_id=11 word_id=6530
time=2026-06-04T02:23:01.264+08:00 level=DEBUG msg="word_record not found" user_id=11 word_id=6530
time=2026-06-04T02:23:01.265+08:00 level=DEBUG msg="WordStore.GetRecord called" user_id=11 word_id=6531
time=2026-06-04T02:23:01.265+08:00 level=DEBUG msg="word_record not found" user_id=11 word_id=6531
time=2026-06-04T02:23:01.266+08:00 level=DEBUG msg="WordStore.GetRecord called" user_id=11 word_id=6532
time=2026-06-04T02:23:01.267+08:00 level=DEBUG msg="word_record not found" user_id=11 word_id=6532
time=2026-06-04T02:23:01.267+08:00 level=DEBUG msg="WordStore.GetRecord called" user_id=11 word_id=6538
time=2026-06-04T02:23:01.268+08:00 level=DEBUG msg="word_record not found" user_id=11 word_id=6538
time=2026-06-04T02:23:01.269+08:00 level=DEBUG msg="WordStore.GetRecord called" user_id=11 word_id=6539
time=2026-06-04T02:23:01.271+08:00 level=DEBUG msg="word_record not found" user_id=11 word_id=6539
time=2026-06-04T02:23:01.271+08:00 level=DEBUG msg="WordStore.GetRecord called" user_id=11 word_id=6541
time=2026-06-04T02:23:01.272+08:00 level=DEBUG msg="word_record not found" user_id=11 word_id=6541
time=2026-06-04T02:23:01.273+08:00 level=DEBUG msg="WordStore.GetRecord called" user_id=11 word_id=6542
time=2026-06-04T02:23:01.273+08:00 level=DEBUG msg="word_record not found" user_id=11 word_id=6542
time=2026-06-04T02:23:01.274+08:00 level=DEBUG msg="WordStore.GetRecord called" user_id=11 word_id=6553
time=2026-06-04T02:23:01.275+08:00 level=DEBUG msg="word_record not found" user_id=11 word_id=6553
time=2026-06-04T02:23:01.276+08:00 level=DEBUG msg="WordStore.GetRecord called" user_id=11 word_id=6554
time=2026-06-04T02:23:01.277+08:00 level=DEBUG msg="word_record not found" user_id=11 word_id=6554
time=2026-06-04T02:23:01.278+08:00 level=DEBUG msg="WordStore.GetRecord called" user_id=11 word_id=6564
time=2026-06-04T02:23:01.278+08:00 level=DEBUG msg="word_record not found" user_id=11 word_id=6564
time=2026-06-04T02:23:01.279+08:00 level=DEBUG msg="WordStore.GetRecord called" user_id=11 word_id=6579
time=2026-06-04T02:23:01.280+08:00 level=DEBUG msg="word_record not found" user_id=11 word_id=6579
time=2026-06-04T02:23:01.281+08:00 level=DEBUG msg="WordStore.GetRecord called" user_id=11 word_id=6584
time=2026-06-04T02:23:01.282+08:00 level=DEBUG msg="word_record not found" user_id=11 word_id=6584
time=2026-06-04T02:23:01.282+08:00 level=DEBUG msg="WordStore.GetRecord called" user_id=11 word_id=6594
time=2026-06-04T02:23:01.284+08:00 level=DEBUG msg="word_record not found" user_id=11 word_id=6594
time=2026-06-04T02:23:01.284+08:00 level=DEBUG msg="WordStore.GetRecord called" user_id=11 word_id=6597
time=2026-06-04T02:23:01.285+08:00 level=DEBUG msg="word_record not found" user_id=11 word_id=6597
time=2026-06-04T02:23:01.286+08:00 level=DEBUG msg="WordStore.GetRecord called" user_id=11 word_id=6598
time=2026-06-04T02:23:01.286+08:00 level=DEBUG msg="word_record not found" user_id=11 word_id=6598
time=2026-06-04T02:23:01.287+08:00 level=DEBUG msg="WordStore.GetRecord called" user_id=11 word_id=6599
time=2026-06-04T02:23:01.288+08:00 level=DEBUG msg="word_record not found" user_id=11 word_id=6599
time=2026-06-04T02:23:01.289+08:00 level=DEBUG msg="WordStore.GetRecord called" user_id=11 word_id=6602
time=2026-06-04T02:23:01.289+08:00 level=DEBUG msg="word_record not found" user_id=11 word_id=6602
time=2026-06-04T02:23:01.290+08:00 level=DEBUG msg="WordStore.GetRecord called" user_id=11 word_id=6603
time=2026-06-04T02:23:01.291+08:00 level=DEBUG msg="word_record not found" user_id=11 word_id=6603
time=2026-06-04T02:23:01.292+08:00 level=DEBUG msg="WordStore.GetRecord called" user_id=11 word_id=6606
time=2026-06-04T02:23:01.294+08:00 level=DEBUG msg="word_record not found" user_id=11 word_id=6606
time=2026-06-04T02:23:01.294+08:00 level=DEBUG msg="WordStore.GetRecord called" user_id=11 word_id=6613
time=2026-06-04T02:23:01.295+08:00 level=DEBUG msg="word_record not found" user_id=11 word_id=6613
time=2026-06-04T02:23:01.296+08:00 level=DEBUG msg="WordStore.GetRecord called" user_id=11 word_id=6622
time=2026-06-04T02:23:01.297+08:00 level=DEBUG msg="word_record not found" user_id=11 word_id=6622
time=2026-06-04T02:23:01.297+08:00 level=DEBUG msg="WordStore.GetRecord called" user_id=11 word_id=6647
time=2026-06-04T02:23:01.298+08:00 level=DEBUG msg="word_record not found" user_id=11 word_id=6647
time=2026-06-04T02:23:01.299+08:00 level=DEBUG msg="WordStore.GetRecord called" user_id=11 word_id=6667
time=2026-06-04T02:23:01.299+08:00 level=DEBUG msg="word_record not found" user_id=11 word_id=6667
time=2026-06-04T02:23:01.300+08:00 level=DEBUG msg="WordStore.GetRecord called" user_id=11 word_id=6672
time=2026-06-04T02:23:01.301+08:00 level=DEBUG msg="word_record not found" user_id=11 word_id=6672
time=2026-06-04T02:23:01.301+08:00 level=DEBUG msg="WordStore.GetRecord called" user_id=11 word_id=6680
time=2026-06-04T02:23:01.304+08:00 level=DEBUG msg="word_record not found" user_id=11 word_id=6680
time=2026-06-04T02:23:01.304+08:00 level=DEBUG msg="WordStore.GetRecord called" user_id=11 word_id=6682
time=2026-06-04T02:23:01.305+08:00 level=DEBUG msg="word_record not found" user_id=11 word_id=6682
time=2026-06-04T02:23:01.306+08:00 level=DEBUG msg="WordStore.GetRecord called" user_id=11 word_id=6686
time=2026-06-04T02:23:01.307+08:00 level=DEBUG msg="word_record not found" user_id=11 word_id=6686
time=2026-06-04T02:23:01.307+08:00 level=DEBUG msg="WordStore.GetRecord called" user_id=11 word_id=6692
time=2026-06-04T02:23:01.308+08:00 level=DEBUG msg="word_record not found" user_id=11 word_id=6692
time=2026-06-04T02:23:01.309+08:00 level=DEBUG msg="WordStore.GetRecord called" user_id=11 word_id=6694
time=2026-06-04T02:23:01.309+08:00 level=DEBUG msg="word_record not found" user_id=11 word_id=6694
time=2026-06-04T02:23:01.310+08:00 level=DEBUG msg="WordStore.GetRecord called" user_id=11 word_id=6697
time=2026-06-04T02:23:01.311+08:00 level=DEBUG msg="word_record not found" user_id=11 word_id=6697
time=2026-06-04T02:23:01.312+08:00 level=DEBUG msg="WordStore.GetRecord called" user_id=11 word_id=6706
time=2026-06-04T02:23:01.312+08:00 level=DEBUG msg="word_record not found" user_id=11 word_id=6706
time=2026-06-04T02:23:01.313+08:00 level=DEBUG msg="WordStore.GetRecord called" user_id=11 word_id=6721
time=2026-06-04T02:23:01.314+08:00 level=DEBUG msg="word_record not found" user_id=11 word_id=6721
time=2026-06-04T02:23:01.314+08:00 level=DEBUG msg="WordStore.GetRecord called" user_id=11 word_id=6730
time=2026-06-04T02:23:01.316+08:00 level=DEBUG msg="word_record not found" user_id=11 word_id=6730
time=2026-06-04T02:23:01.316+08:00 level=DEBUG msg="WordStore.GetRecord called" user_id=11 word_id=6752
time=2026-06-04T02:23:01.316+08:00 level=DEBUG msg="word_record not found" user_id=11 word_id=6752
time=2026-06-04T02:23:01.316+08:00 level=DEBUG msg="WordStore.GetRecord called" user_id=11 word_id=6764
time=2026-06-04T02:23:01.316+08:00 level=DEBUG msg="word_record not found" user_id=11 word_id=6764
time=2026-06-04T02:23:01.316+08:00 level=DEBUG msg="WordStore.GetRecord called" user_id=11 word_id=6771
time=2026-06-04T02:23:01.316+08:00 level=DEBUG msg="word_record not found" user_id=11 word_id=6771
time=2026-06-04T02:23:01.316+08:00 level=DEBUG msg="WordStore.GetRecord called" user_id=11 word_id=6778
time=2026-06-04T02:23:01.322+08:00 level=DEBUG msg="word_record not found" user_id=11 word_id=6778
time=2026-06-04T02:23:01.323+08:00 level=DEBUG msg="WordStore.GetRecord called" user_id=11 word_id=6791
time=2026-06-04T02:23:01.323+08:00 level=DEBUG msg="word_record not found" user_id=11 word_id=6791
time=2026-06-04T02:23:01.324+08:00 level=DEBUG msg="WordStore.GetRecord called" user_id=11 word_id=6803
time=2026-06-04T02:23:01.325+08:00 level=DEBUG msg="word_record not found" user_id=11 word_id=6803
time=2026-06-04T02:23:01.326+08:00 level=DEBUG msg="WordStore.GetRecord called" user_id=11 word_id=6804
time=2026-06-04T02:23:01.327+08:00 level=DEBUG msg="word_record not found" user_id=11 word_id=6804
time=2026-06-04T02:23:01.328+08:00 level=DEBUG msg="WordStore.GetRecord called" user_id=11 word_id=6825
time=2026-06-04T02:23:01.328+08:00 level=DEBUG msg="word_record not found" user_id=11 word_id=6825
time=2026-06-04T02:23:01.329+08:00 level=DEBUG msg="WordService.GetReviewQueue done" user_id=11 count=113
time=2026-06-04T02:23:01.330+08:00 level=DEBUG msg="UserStore.GetDailyGoals called" user_id=11
time=2026-06-04T02:23:01.331+08:00 level=DEBUG msg="UserStore.GetDailyGoals done" user_id=11
time=2026-06-04T02:23:01.334+08:00 level=DEBUG msg="WordService.GetReviewQueue called" user_id=11 level=N5
time=2026-06-04T02:23:01.334+08:00 level=DEBUG msg="WordStoreAdapter.ListDueRecords called" user_id=11
time=2026-06-04T02:23:01.335+08:00 level=DEBUG msg="WordStore.ListDueRecords called" user_id=11 limit=200
time=2026-06-04T02:23:01.337+08:00 level=DEBUG msg="WordStore.ListDueRecords done" user_id=11 count=0
time=2026-06-04T02:23:01.337+08:00 level=DEBUG msg="WordStoreAdapter.ListByLevel called" level=N5
time=2026-06-04T02:23:01.338+08:00 level=DEBUG msg="WordStore.ListByLevel called" level=N5 page=1 size=10000
time=2026-06-04T02:23:01.339+08:00 level=DEBUG msg="WordStore.ListByLevel done" level=N5 count=114 total=114
time=2026-06-04T02:23:01.340+08:00 level=DEBUG msg="WordStore.GetRecord called" user_id=11 word_id=2472
time=2026-06-04T02:23:01.341+08:00 level=DEBUG msg="WordStore.GetRecord called" user_id=11 word_id=2482
time=2026-06-04T02:23:01.342+08:00 level=DEBUG msg="word_record not found" user_id=11 word_id=2482
time=2026-06-04T02:23:01.342+08:00 level=DEBUG msg="WordStore.GetRecord called" user_id=11 word_id=2641
time=2026-06-04T02:23:01.343+08:00 level=DEBUG msg="word_record not found" user_id=11 word_id=2641
time=2026-06-04T02:23:01.344+08:00 level=DEBUG msg="WordStore.GetRecord called" user_id=11 word_id=2642
time=2026-06-04T02:23:01.345+08:00 level=DEBUG msg="word_record not found" user_id=11 word_id=2642
time=2026-06-04T02:23:01.346+08:00 level=DEBUG msg="WordStore.GetRecord called" user_id=11 word_id=2643
time=2026-06-04T02:23:01.347+08:00 level=DEBUG msg="word_record not found" user_id=11 word_id=2643
time=2026-06-04T02:23:01.348+08:00 level=DEBUG msg="WordStore.GetRecord called" user_id=11 word_id=2644
time=2026-06-04T02:23:01.349+08:00 level=DEBUG msg="word_record not found" user_id=11 word_id=2644
time=2026-06-04T02:23:01.349+08:00 level=DEBUG msg="WordStore.GetRecord called" user_id=11 word_id=2645
time=2026-06-04T02:23:01.350+08:00 level=DEBUG msg="word_record not found" user_id=11 word_id=2645
time=2026-06-04T02:23:01.351+08:00 level=DEBUG msg="WordStore.GetRecord called" user_id=11 word_id=2646
time=2026-06-04T02:23:01.351+08:00 level=DEBUG msg="word_record not found" user_id=11 word_id=2646
time=2026-06-04T02:23:01.352+08:00 level=DEBUG msg="WordStore.GetRecord called" user_id=11 word_id=2647
time=2026-06-04T02:23:01.353+08:00 level=DEBUG msg="word_record not found" user_id=11 word_id=2647
time=2026-06-04T02:23:01.354+08:00 level=DEBUG msg="WordStore.GetRecord called" user_id=11 word_id=2648
time=2026-06-04T02:23:01.355+08:00 level=DEBUG msg="word_record not found" user_id=11 word_id=2648
time=2026-06-04T02:23:01.355+08:00 level=DEBUG msg="WordStore.GetRecord called" user_id=11 word_id=2649
time=2026-06-04T02:23:01.356+08:00 level=DEBUG msg="word_record not found" user_id=11 word_id=2649
time=2026-06-04T02:23:01.357+08:00 level=DEBUG msg="WordStore.GetRecord called" user_id=11 word_id=2650
time=2026-06-04T02:23:01.357+08:00 level=DEBUG msg="word_record not found" user_id=11 word_id=2650
time=2026-06-04T02:23:01.359+08:00 level=DEBUG msg="WordStore.GetRecord called" user_id=11 word_id=2651
time=2026-06-04T02:23:01.360+08:00 level=DEBUG msg="word_record not found" user_id=11 word_id=2651
time=2026-06-04T02:23:01.360+08:00 level=DEBUG msg="WordStore.GetRecord called" user_id=11 word_id=2652
time=2026-06-04T02:23:01.361+08:00 level=DEBUG msg="word_record not found" user_id=11 word_id=2652
time=2026-06-04T02:23:01.362+08:00 level=DEBUG msg="WordStore.GetRecord called" user_id=11 word_id=2653
time=2026-06-04T02:23:01.363+08:00 level=DEBUG msg="word_record not found" user_id=11 word_id=2653
time=2026-06-04T02:23:01.364+08:00 level=DEBUG msg="WordStore.GetRecord called" user_id=11 word_id=2654
time=2026-06-04T02:23:01.364+08:00 level=DEBUG msg="word_record not found" user_id=11 word_id=2654
time=2026-06-04T02:23:01.365+08:00 level=DEBUG msg="WordStore.GetRecord called" user_id=11 word_id=2655
time=2026-06-04T02:23:01.366+08:00 level=DEBUG msg="word_record not found" user_id=11 word_id=2655
time=2026-06-04T02:23:01.367+08:00 level=DEBUG msg="WordStore.GetRecord called" user_id=11 word_id=2656
time=2026-06-04T02:23:01.367+08:00 level=DEBUG msg="word_record not found" user_id=11 word_id=2656
time=2026-06-04T02:23:01.368+08:00 level=DEBUG msg="WordStore.GetRecord called" user_id=11 word_id=2657
time=2026-06-04T02:23:01.369+08:00 level=DEBUG msg="word_record not found" user_id=11 word_id=2657
time=2026-06-04T02:23:01.370+08:00 level=DEBUG msg="WordStore.GetRecord called" user_id=11 word_id=2658
time=2026-06-04T02:23:01.371+08:00 level=DEBUG msg="word_record not found" user_id=11 word_id=2658
time=2026-06-04T02:23:01.372+08:00 level=DEBUG msg="WordStore.GetRecord called" user_id=11 word_id=2659
time=2026-06-04T02:23:01.373+08:00 level=DEBUG msg="word_record not found" user_id=11 word_id=2659
time=2026-06-04T02:23:01.373+08:00 level=DEBUG msg="WordStore.GetRecord called" user_id=11 word_id=2660
time=2026-06-04T02:23:01.374+08:00 level=DEBUG msg="word_record not found" user_id=11 word_id=2660
time=2026-06-04T02:23:01.375+08:00 level=DEBUG msg="WordStore.GetRecord called" user_id=11 word_id=2661
time=2026-06-04T02:23:01.376+08:00 level=DEBUG msg="word_record not found" user_id=11 word_id=2661
time=2026-06-04T02:23:01.376+08:00 level=DEBUG msg="WordStore.GetRecord called" user_id=11 word_id=2662
time=2026-06-04T02:23:01.377+08:00 level=DEBUG msg="word_record not found" user_id=11 word_id=2662
time=2026-06-04T02:23:01.378+08:00 level=DEBUG msg="WordStore.GetRecord called" user_id=11 word_id=2663
time=2026-06-04T02:23:01.379+08:00 level=DEBUG msg="word_record not found" user_id=11 word_id=2663
time=2026-06-04T02:23:01.379+08:00 level=DEBUG msg="WordStore.GetRecord called" user_id=11 word_id=2664
time=2026-06-04T02:23:01.380+08:00 level=DEBUG msg="word_record not found" user_id=11 word_id=2664
time=2026-06-04T02:23:01.380+08:00 level=DEBUG msg="WordStore.GetRecord called" user_id=11 word_id=2665
time=2026-06-04T02:23:01.382+08:00 level=DEBUG msg="word_record not found" user_id=11 word_id=2665
time=2026-06-04T02:23:01.383+08:00 level=DEBUG msg="WordStore.GetRecord called" user_id=11 word_id=2666
time=2026-06-04T02:23:01.384+08:00 level=DEBUG msg="word_record not found" user_id=11 word_id=2666
time=2026-06-04T02:23:01.384+08:00 level=DEBUG msg="WordStore.GetRecord called" user_id=11 word_id=2667
time=2026-06-04T02:23:01.385+08:00 level=DEBUG msg="word_record not found" user_id=11 word_id=2667
time=2026-06-04T02:23:01.386+08:00 level=DEBUG msg="WordStore.GetRecord called" user_id=11 word_id=2668
time=2026-06-04T02:23:01.386+08:00 level=DEBUG msg="word_record not found" user_id=11 word_id=2668
time=2026-06-04T02:23:01.387+08:00 level=DEBUG msg="WordStore.GetRecord called" user_id=11 word_id=2669
time=2026-06-04T02:23:01.388+08:00 level=DEBUG msg="word_record not found" user_id=11 word_id=2669
time=2026-06-04T02:23:01.389+08:00 level=DEBUG msg="WordStore.GetRecord called" user_id=11 word_id=2670
time=2026-06-04T02:23:01.390+08:00 level=DEBUG msg="word_record not found" user_id=11 word_id=2670
time=2026-06-04T02:23:01.390+08:00 level=DEBUG msg="WordStore.GetRecord called" user_id=11 word_id=2671
time=2026-06-04T02:23:01.392+08:00 level=DEBUG msg="word_record not found" user_id=11 word_id=2671
time=2026-06-04T02:23:01.393+08:00 level=DEBUG msg="WordStore.GetRecord called" user_id=11 word_id=2672
time=2026-06-04T02:23:01.393+08:00 level=DEBUG msg="word_record not found" user_id=11 word_id=2672
time=2026-06-04T02:23:01.394+08:00 level=DEBUG msg="WordStore.GetRecord called" user_id=11 word_id=2673
time=2026-06-04T02:23:01.395+08:00 level=DEBUG msg="word_record not found" user_id=11 word_id=2673
time=2026-06-04T02:23:01.395+08:00 level=DEBUG msg="WordStore.GetRecord called" user_id=11 word_id=2674
time=2026-06-04T02:23:01.396+08:00 level=DEBUG msg="word_record not found" user_id=11 word_id=2674
time=2026-06-04T02:23:01.397+08:00 level=DEBUG msg="WordStore.GetRecord called" user_id=11 word_id=2675
time=2026-06-04T02:23:01.397+08:00 level=DEBUG msg="word_record not found" user_id=11 word_id=2675
time=2026-06-04T02:23:01.398+08:00 level=DEBUG msg="WordStore.GetRecord called" user_id=11 word_id=2676
time=2026-06-04T02:23:01.399+08:00 level=DEBUG msg="word_record not found" user_id=11 word_id=2676
time=2026-06-04T02:23:01.399+08:00 level=DEBUG msg="WordStore.GetRecord called" user_id=11 word_id=2677
time=2026-06-04T02:23:01.400+08:00 level=DEBUG msg="word_record not found" user_id=11 word_id=2677
time=2026-06-04T02:23:01.401+08:00 level=DEBUG msg="WordStore.GetRecord called" user_id=11 word_id=2678
time=2026-06-04T02:23:01.402+08:00 level=DEBUG msg="word_record not found" user_id=11 word_id=2678
time=2026-06-04T02:23:01.403+08:00 level=DEBUG msg="WordStore.GetRecord called" user_id=11 word_id=2679
time=2026-06-04T02:23:01.404+08:00 level=DEBUG msg="word_record not found" user_id=11 word_id=2679
time=2026-06-04T02:23:01.405+08:00 level=DEBUG msg="WordStore.GetRecord called" user_id=11 word_id=2680
time=2026-06-04T02:23:01.406+08:00 level=DEBUG msg="word_record not found" user_id=11 word_id=2680
time=2026-06-04T02:23:01.406+08:00 level=DEBUG msg="WordStore.GetRecord called" user_id=11 word_id=2681
time=2026-06-04T02:23:01.407+08:00 level=DEBUG msg="word_record not found" user_id=11 word_id=2681
time=2026-06-04T02:23:01.408+08:00 level=DEBUG msg="WordStore.GetRecord called" user_id=11 word_id=2682
time=2026-06-04T02:23:01.409+08:00 level=DEBUG msg="word_record not found" user_id=11 word_id=2682
time=2026-06-04T02:23:01.409+08:00 level=DEBUG msg="WordStore.GetRecord called" user_id=11 word_id=2683
time=2026-06-04T02:23:01.410+08:00 level=DEBUG msg="word_record not found" user_id=11 word_id=2683
time=2026-06-04T02:23:01.411+08:00 level=DEBUG msg="WordStore.GetRecord called" user_id=11 word_id=2684
time=2026-06-04T02:23:01.411+08:00 level=DEBUG msg="word_record not found" user_id=11 word_id=2684
time=2026-06-04T02:23:01.412+08:00 level=DEBUG msg="WordStore.GetRecord called" user_id=11 word_id=2686
time=2026-06-04T02:23:01.413+08:00 level=DEBUG msg="word_record not found" user_id=11 word_id=2686
time=2026-06-04T02:23:01.414+08:00 level=DEBUG msg="WordStore.GetRecord called" user_id=11 word_id=2687
time=2026-06-04T02:23:01.415+08:00 level=DEBUG msg="word_record not found" user_id=11 word_id=2687
time=2026-06-04T02:23:01.416+08:00 level=DEBUG msg="WordStore.GetRecord called" user_id=11 word_id=2688
time=2026-06-04T02:23:01.417+08:00 level=DEBUG msg="word_record not found" user_id=11 word_id=2688
time=2026-06-04T02:23:01.419+08:00 level=DEBUG msg="WordStore.GetRecord called" user_id=11 word_id=2689
time=2026-06-04T02:23:01.419+08:00 level=DEBUG msg="word_record not found" user_id=11 word_id=2689
time=2026-06-04T02:23:01.420+08:00 level=DEBUG msg="WordStore.GetRecord called" user_id=11 word_id=2690
time=2026-06-04T02:23:01.421+08:00 level=DEBUG msg="word_record not found" user_id=11 word_id=2690
time=2026-06-04T02:23:01.421+08:00 level=DEBUG msg="WordStore.GetRecord called" user_id=11 word_id=2691
time=2026-06-04T02:23:01.422+08:00 level=DEBUG msg="word_record not found" user_id=11 word_id=2691
time=2026-06-04T02:23:01.423+08:00 level=DEBUG msg="WordStore.GetRecord called" user_id=11 word_id=2692
time=2026-06-04T02:23:01.423+08:00 level=DEBUG msg="word_record not found" user_id=11 word_id=2692
time=2026-06-04T02:23:01.425+08:00 level=DEBUG msg="WordStore.GetRecord called" user_id=11 word_id=2693
time=2026-06-04T02:23:01.426+08:00 level=DEBUG msg="word_record not found" user_id=11 word_id=2693
time=2026-06-04T02:23:01.426+08:00 level=DEBUG msg="WordStore.GetRecord called" user_id=11 word_id=2694
time=2026-06-04T02:23:01.427+08:00 level=DEBUG msg="word_record not found" user_id=11 word_id=2694
time=2026-06-04T02:23:01.428+08:00 level=DEBUG msg="WordStore.GetRecord called" user_id=11 word_id=2695
time=2026-06-04T02:23:01.428+08:00 level=DEBUG msg="word_record not found" user_id=11 word_id=2695
time=2026-06-04T02:23:01.429+08:00 level=DEBUG msg="WordStore.GetRecord called" user_id=11 word_id=2696
time=2026-06-04T02:23:01.430+08:00 level=DEBUG msg="word_record not found" user_id=11 word_id=2696
time=2026-06-04T02:23:01.430+08:00 level=DEBUG msg="WordStore.GetRecord called" user_id=11 word_id=2697
time=2026-06-04T02:23:01.430+08:00 level=DEBUG msg="word_record not found" user_id=11 word_id=2697
time=2026-06-04T02:23:01.432+08:00 level=DEBUG msg="WordStore.GetRecord called" user_id=11 word_id=2698
time=2026-06-04T02:23:01.432+08:00 level=DEBUG msg="word_record not found" user_id=11 word_id=2698
time=2026-06-04T02:23:01.432+08:00 level=DEBUG msg="WordStore.GetRecord called" user_id=11 word_id=2699
time=2026-06-04T02:23:01.432+08:00 level=DEBUG msg="word_record not found" user_id=11 word_id=2699
time=2026-06-04T02:23:01.432+08:00 level=DEBUG msg="WordStore.GetRecord called" user_id=11 word_id=2700
time=2026-06-04T02:23:01.435+08:00 level=DEBUG msg="word_record not found" user_id=11 word_id=2700
time=2026-06-04T02:23:01.435+08:00 level=DEBUG msg="WordStore.GetRecord called" user_id=11 word_id=4006
time=2026-06-04T02:23:01.435+08:00 level=DEBUG msg="word_record not found" user_id=11 word_id=4006
time=2026-06-04T02:23:01.435+08:00 level=DEBUG msg="WordStore.GetRecord called" user_id=11 word_id=4012
time=2026-06-04T02:23:01.435+08:00 level=DEBUG msg="word_record not found" user_id=11 word_id=4012
time=2026-06-04T02:23:01.435+08:00 level=DEBUG msg="WordStore.GetRecord called" user_id=11 word_id=4048
time=2026-06-04T02:23:01.435+08:00 level=DEBUG msg="word_record not found" user_id=11 word_id=4048
time=2026-06-04T02:23:01.441+08:00 level=DEBUG msg="WordStore.GetRecord called" user_id=11 word_id=4072
time=2026-06-04T02:23:01.442+08:00 level=DEBUG msg="word_record not found" user_id=11 word_id=4072
time=2026-06-04T02:23:01.443+08:00 level=DEBUG msg="WordStore.GetRecord called" user_id=11 word_id=4081
time=2026-06-04T02:23:01.444+08:00 level=DEBUG msg="word_record not found" user_id=11 word_id=4081
time=2026-06-04T02:23:01.444+08:00 level=DEBUG msg="WordStore.GetRecord called" user_id=11 word_id=4134
time=2026-06-04T02:23:01.445+08:00 level=DEBUG msg="word_record not found" user_id=11 word_id=4134
time=2026-06-04T02:23:01.446+08:00 level=DEBUG msg="WordStore.GetRecord called" user_id=11 word_id=4147
time=2026-06-04T02:23:01.446+08:00 level=DEBUG msg="word_record not found" user_id=11 word_id=4147
time=2026-06-04T02:23:01.447+08:00 level=DEBUG msg="WordStore.GetRecord called" user_id=11 word_id=6511
time=2026-06-04T02:23:01.448+08:00 level=DEBUG msg="word_record not found" user_id=11 word_id=6511
time=2026-06-04T02:23:01.448+08:00 level=DEBUG msg="WordStore.GetRecord called" user_id=11 word_id=6519
time=2026-06-04T02:23:01.449+08:00 level=DEBUG msg="word_record not found" user_id=11 word_id=6519
time=2026-06-04T02:23:01.450+08:00 level=DEBUG msg="WordStore.GetRecord called" user_id=11 word_id=6520
time=2026-06-04T02:23:01.451+08:00 level=DEBUG msg="word_record not found" user_id=11 word_id=6520
time=2026-06-04T02:23:01.452+08:00 level=DEBUG msg="WordStore.GetRecord called" user_id=11 word_id=6525
time=2026-06-04T02:23:01.453+08:00 level=DEBUG msg="word_record not found" user_id=11 word_id=6525
time=2026-06-04T02:23:01.453+08:00 level=DEBUG msg="WordStore.GetRecord called" user_id=11 word_id=6526
time=2026-06-04T02:23:01.454+08:00 level=DEBUG msg="word_record not found" user_id=11 word_id=6526
time=2026-06-04T02:23:01.455+08:00 level=DEBUG msg="WordStore.GetRecord called" user_id=11 word_id=6530
time=2026-06-04T02:23:01.456+08:00 level=DEBUG msg="word_record not found" user_id=11 word_id=6530
time=2026-06-04T02:23:01.456+08:00 level=DEBUG msg="WordStore.GetRecord called" user_id=11 word_id=6531
time=2026-06-04T02:23:01.457+08:00 level=DEBUG msg="word_record not found" user_id=11 word_id=6531
time=2026-06-04T02:23:01.458+08:00 level=DEBUG msg="WordStore.GetRecord called" user_id=11 word_id=6532
time=2026-06-04T02:23:01.459+08:00 level=DEBUG msg="word_record not found" user_id=11 word_id=6532
time=2026-06-04T02:23:01.460+08:00 level=DEBUG msg="WordStore.GetRecord called" user_id=11 word_id=6538
time=2026-06-04T02:23:01.460+08:00 level=DEBUG msg="word_record not found" user_id=11 word_id=6538
time=2026-06-04T02:23:01.461+08:00 level=DEBUG msg="WordStore.GetRecord called" user_id=11 word_id=6539
time=2026-06-04T02:23:01.463+08:00 level=DEBUG msg="word_record not found" user_id=11 word_id=6539
time=2026-06-04T02:23:01.463+08:00 level=DEBUG msg="WordStore.GetRecord called" user_id=11 word_id=6541
time=2026-06-04T02:23:01.464+08:00 level=DEBUG msg="word_record not found" user_id=11 word_id=6541
time=2026-06-04T02:23:01.464+08:00 level=DEBUG msg="WordStore.GetRecord called" user_id=11 word_id=6542
time=2026-06-04T02:23:01.465+08:00 level=DEBUG msg="word_record not found" user_id=11 word_id=6542
time=2026-06-04T02:23:01.466+08:00 level=DEBUG msg="WordStore.GetRecord called" user_id=11 word_id=6553
time=2026-06-04T02:23:01.467+08:00 level=DEBUG msg="word_record not found" user_id=11 word_id=6553
time=2026-06-04T02:23:01.467+08:00 level=DEBUG msg="WordStore.GetRecord called" user_id=11 word_id=6554
time=2026-06-04T02:23:01.468+08:00 level=DEBUG msg="word_record not found" user_id=11 word_id=6554
time=2026-06-04T02:23:01.469+08:00 level=DEBUG msg="WordStore.GetRecord called" user_id=11 word_id=6564
time=2026-06-04T02:23:01.470+08:00 level=DEBUG msg="word_record not found" user_id=11 word_id=6564
time=2026-06-04T02:23:01.471+08:00 level=DEBUG msg="WordStore.GetRecord called" user_id=11 word_id=6579
time=2026-06-04T02:23:01.471+08:00 level=DEBUG msg="word_record not found" user_id=11 word_id=6579
time=2026-06-04T02:23:01.472+08:00 level=DEBUG msg="WordStore.GetRecord called" user_id=11 word_id=6584
time=2026-06-04T02:23:01.474+08:00 level=DEBUG msg="word_record not found" user_id=11 word_id=6584
time=2026-06-04T02:23:01.474+08:00 level=DEBUG msg="WordStore.GetRecord called" user_id=11 word_id=6594
time=2026-06-04T02:23:01.475+08:00 level=DEBUG msg="word_record not found" user_id=11 word_id=6594
time=2026-06-04T02:23:01.476+08:00 level=DEBUG msg="WordStore.GetRecord called" user_id=11 word_id=6597
time=2026-06-04T02:23:01.476+08:00 level=DEBUG msg="word_record not found" user_id=11 word_id=6597
time=2026-06-04T02:23:01.477+08:00 level=DEBUG msg="WordStore.GetRecord called" user_id=11 word_id=6598
time=2026-06-04T02:23:01.478+08:00 level=DEBUG msg="word_record not found" user_id=11 word_id=6598
time=2026-06-04T02:23:01.478+08:00 level=DEBUG msg="WordStore.GetRecord called" user_id=11 word_id=6599
time=2026-06-04T02:23:01.479+08:00 level=DEBUG msg="word_record not found" user_id=11 word_id=6599
time=2026-06-04T02:23:01.480+08:00 level=DEBUG msg="WordStore.GetRecord called" user_id=11 word_id=6602
time=2026-06-04T02:23:01.481+08:00 level=DEBUG msg="word_record not found" user_id=11 word_id=6602
time=2026-06-04T02:23:01.482+08:00 level=DEBUG msg="WordStore.GetRecord called" user_id=11 word_id=6603
time=2026-06-04T02:23:01.483+08:00 level=DEBUG msg="word_record not found" user_id=11 word_id=6603
time=2026-06-04T02:23:01.484+08:00 level=DEBUG msg="WordStore.GetRecord called" user_id=11 word_id=6606
time=2026-06-04T02:23:01.486+08:00 level=DEBUG msg="word_record not found" user_id=11 word_id=6606
time=2026-06-04T02:23:01.487+08:00 level=DEBUG msg="WordStore.GetRecord called" user_id=11 word_id=6613
time=2026-06-04T02:23:01.487+08:00 level=DEBUG msg="word_record not found" user_id=11 word_id=6613
time=2026-06-04T02:23:01.488+08:00 level=DEBUG msg="WordStore.GetRecord called" user_id=11 word_id=6622
time=2026-06-04T02:23:01.489+08:00 level=DEBUG msg="word_record not found" user_id=11 word_id=6622
time=2026-06-04T02:23:01.490+08:00 level=DEBUG msg="WordStore.GetRecord called" user_id=11 word_id=6647
time=2026-06-04T02:23:01.492+08:00 level=DEBUG msg="word_record not found" user_id=11 word_id=6647
time=2026-06-04T02:23:01.492+08:00 level=DEBUG msg="WordStore.GetRecord called" user_id=11 word_id=6667
time=2026-06-04T02:23:01.493+08:00 level=DEBUG msg="word_record not found" user_id=11 word_id=6667
time=2026-06-04T02:23:01.494+08:00 level=DEBUG msg="WordStore.GetRecord called" user_id=11 word_id=6672
time=2026-06-04T02:23:01.494+08:00 level=DEBUG msg="word_record not found" user_id=11 word_id=6672
time=2026-06-04T02:23:01.495+08:00 level=DEBUG msg="WordStore.GetRecord called" user_id=11 word_id=6680
time=2026-06-04T02:23:01.496+08:00 level=DEBUG msg="word_record not found" user_id=11 word_id=6680
time=2026-06-04T02:23:01.496+08:00 level=DEBUG msg="WordStore.GetRecord called" user_id=11 word_id=6682
time=2026-06-04T02:23:01.497+08:00 level=DEBUG msg="word_record not found" user_id=11 word_id=6682
time=2026-06-04T02:23:01.498+08:00 level=DEBUG msg="WordStore.GetRecord called" user_id=11 word_id=6686
time=2026-06-04T02:23:01.499+08:00 level=DEBUG msg="word_record not found" user_id=11 word_id=6686
time=2026-06-04T02:23:01.499+08:00 level=DEBUG msg="WordStore.GetRecord called" user_id=11 word_id=6692
time=2026-06-04T02:23:01.500+08:00 level=DEBUG msg="word_record not found" user_id=11 word_id=6692
time=2026-06-04T02:23:01.502+08:00 level=DEBUG msg="WordStore.GetRecord called" user_id=11 word_id=6694
time=2026-06-04T02:23:01.503+08:00 level=DEBUG msg="word_record not found" user_id=11 word_id=6694
time=2026-06-04T02:23:01.503+08:00 level=DEBUG msg="WordStore.GetRecord called" user_id=11 word_id=6697
time=2026-06-04T02:23:01.504+08:00 level=DEBUG msg="word_record not found" user_id=11 word_id=6697
time=2026-06-04T02:23:01.505+08:00 level=DEBUG msg="WordStore.GetRecord called" user_id=11 word_id=6706
time=2026-06-04T02:23:01.506+08:00 level=DEBUG msg="word_record not found" user_id=11 word_id=6706
time=2026-06-04T02:23:01.506+08:00 level=DEBUG msg="WordStore.GetRecord called" user_id=11 word_id=6721
time=2026-06-04T02:23:01.507+08:00 level=DEBUG msg="word_record not found" user_id=11 word_id=6721
time=2026-06-04T02:23:01.507+08:00 level=DEBUG msg="WordStore.GetRecord called" user_id=11 word_id=6730
time=2026-06-04T02:23:01.507+08:00 level=DEBUG msg="word_record not found" user_id=11 word_id=6730
time=2026-06-04T02:23:01.507+08:00 level=DEBUG msg="WordStore.GetRecord called" user_id=11 word_id=6752
time=2026-06-04T02:23:01.510+08:00 level=DEBUG msg="word_record not found" user_id=11 word_id=6752
time=2026-06-04T02:23:01.510+08:00 level=DEBUG msg="WordStore.GetRecord called" user_id=11 word_id=6764
time=2026-06-04T02:23:01.510+08:00 level=DEBUG msg="word_record not found" user_id=11 word_id=6764
time=2026-06-04T02:23:01.513+08:00 level=DEBUG msg="WordStore.GetRecord called" user_id=11 word_id=6771
time=2026-06-04T02:23:01.513+08:00 level=DEBUG msg="word_record not found" user_id=11 word_id=6771
time=2026-06-04T02:23:01.513+08:00 level=DEBUG msg="WordStore.GetRecord called" user_id=11 word_id=6778
time=2026-06-04T02:23:01.513+08:00 level=DEBUG msg="word_record not found" user_id=11 word_id=6778
time=2026-06-04T02:23:01.516+08:00 level=DEBUG msg="WordStore.GetRecord called" user_id=11 word_id=6791
time=2026-06-04T02:23:01.517+08:00 level=DEBUG msg="word_record not found" user_id=11 word_id=6791
time=2026-06-04T02:23:01.518+08:00 level=DEBUG msg="WordStore.GetRecord called" user_id=11 word_id=6803
time=2026-06-04T02:23:01.518+08:00 level=DEBUG msg="word_record not found" user_id=11 word_id=6803
time=2026-06-04T02:23:01.519+08:00 level=DEBUG msg="WordStore.GetRecord called" user_id=11 word_id=6804
time=2026-06-04T02:23:01.520+08:00 level=DEBUG msg="word_record not found" user_id=11 word_id=6804
time=2026-06-04T02:23:01.521+08:00 level=DEBUG msg="WordStore.GetRecord called" user_id=11 word_id=6825
time=2026-06-04T02:23:01.521+08:00 level=DEBUG msg="word_record not found" user_id=11 word_id=6825
time=2026-06-04T02:23:01.522+08:00 level=DEBUG msg="WordService.GetReviewQueue done" user_id=11 count=113
time=2026-06-04T02:23:01.523+08:00 level=DEBUG msg="UserStore.GetDailyGoals called" user_id=11
time=2026-06-04T02:23:01.524+08:00 level=DEBUG msg="UserStore.GetDailyGoals done" user_id=11
time=2026-06-04T02:23:02.069+08:00 level=DEBUG msg="UserService.GetStats called" user_id=11
time=2026-06-04T02:23:02.070+08:00 level=DEBUG msg="UserStore.GetStats called" user_id=11
time=2026-06-04T02:23:02.072+08:00 level=DEBUG msg="UserStore.GetStats done" user_id=11
time=2026-06-04T02:23:02.075+08:00 level=DEBUG msg="UserService.GetStats called" user_id=11
time=2026-06-04T02:23:02.075+08:00 level=DEBUG msg="UserStore.GetStats called" user_id=11
time=2026-06-04T02:23:02.077+08:00 level=DEBUG msg="UserStore.GetStats done" user_id=11
time=2026-06-04T02:23:38.569+08:00 level=DEBUG msg="UserService.GetStats called" user_id=11
time=2026-06-04T02:23:39.582+08:00 level=DEBUG msg="UserStore.GetStats called" user_id=11
time=2026-06-04T02:23:39.583+08:00 level=DEBUG msg="UserStore.GetStats done" user_id=11
time=2026-06-04T02:23:39.587+08:00 level=DEBUG msg="UserService.GetStats called" user_id=11
time=2026-06-04T02:23:39.588+08:00 level=DEBUG msg="UserStore.GetStats called" user_id=11
time=2026-06-04T02:23:39.589+08:00 level=DEBUG msg="UserStore.GetStats done" user_id=11
time=2026-06-04T09:02:12.706+08:00 level=DEBUG msg="UserService.Login called" email=hujinrunliyanjing@gmail.com
time=2026-06-04T09:02:12.776+08:00 level=DEBUG msg="UserStoreAdapter.GetUserByEmail called" email=hujinrunliyanjing@gmail.com
time=2026-06-04T09:02:12.778+08:00 level=DEBUG msg="UserStore.GetByEmail called" email=hujinrunliyanjing@gmail.com
time=2026-06-04T09:02:12.787+08:00 level=DEBUG msg="UserStore.GetByEmail done" user_id=2 email=hujinrunliyanjing@gmail.com
time=2026-06-04T09:02:12.788+08:00 level=DEBUG msg="UserStore.GetPasswordHash called" email=hujinrunliyanjing@gmail.com
time=2026-06-04T09:02:12.789+08:00 level=DEBUG msg="UserStore.GetPasswordHash done" email=hujinrunliyanjing@gmail.com
time=2026-06-04T09:02:12.789+08:00 level=ERROR msg="UserService.Login: wrong password" email=hujinrunliyanjing@gmail.com
time=2026-06-04T09:02:12.790+08:00 level=ERROR msg="handleLogin failed" err="user.UserService.Login: invalid credentials" email=hujinrunliyanjing@gmail.com
time=2026-06-04T09:02:28.891+08:00 level=DEBUG msg="UserService.Login called" email=hujinrunliyanjing@gmail.com
time=2026-06-04T09:02:28.892+08:00 level=DEBUG msg="UserStoreAdapter.GetUserByEmail called" email=hujinrunliyanjing@gmail.com
time=2026-06-04T09:02:28.893+08:00 level=DEBUG msg="UserStore.GetByEmail called" email=hujinrunliyanjing@gmail.com
time=2026-06-04T09:02:28.894+08:00 level=DEBUG msg="UserStore.GetByEmail done" user_id=2 email=hujinrunliyanjing@gmail.com
time=2026-06-04T09:02:28.894+08:00 level=DEBUG msg="UserStore.GetPasswordHash called" email=hujinrunliyanjing@gmail.com
time=2026-06-04T09:02:28.895+08:00 level=DEBUG msg="UserStore.GetPasswordHash done" email=hujinrunliyanjing@gmail.com
time=2026-06-04T09:02:28.896+08:00 level=ERROR msg="UserService.Login: wrong password" email=hujinrunliyanjing@gmail.com
time=2026-06-04T09:02:28.897+08:00 level=ERROR msg="handleLogin failed" err="user.UserService.Login: invalid credentials" email=hujinrunliyanjing@gmail.com
time=2026-06-04T09:02:38.157+08:00 level=DEBUG msg="UserService.Login called" email=hujinrunliyanjing@gmail.com
time=2026-06-04T09:02:38.218+08:00 level=DEBUG msg="UserStoreAdapter.GetUserByEmail called" email=hujinrunliyanjing@gmail.com
time=2026-06-04T09:02:38.262+08:00 level=DEBUG msg="UserStore.GetByEmail called" email=hujinrunliyanjing@gmail.com
time=2026-06-04T09:02:38.301+08:00 level=DEBUG msg="UserStore.GetByEmail done" user_id=2 email=hujinrunliyanjing@gmail.com
time=2026-06-04T09:02:38.338+08:00 level=DEBUG msg="UserStore.GetPasswordHash called" email=hujinrunliyanjing@gmail.com
time=2026-06-04T09:02:38.381+08:00 level=DEBUG msg="UserStore.GetPasswordHash done" email=hujinrunliyanjing@gmail.com
time=2026-06-04T09:02:38.400+08:00 level=ERROR msg="UserService.Login: wrong password" email=hujinrunliyanjing@gmail.com
time=2026-06-04T09:02:38.446+08:00 level=ERROR msg="handleLogin failed" err="user.UserService.Login: invalid credentials" email=hujinrunliyanjing@gmail.com
time=2026-06-04T09:02:49.282+08:00 level=DEBUG msg="handleForgotPassword called" email=hujinrunliyanjing@gmail.com
time=2026-06-04T09:02:49.333+08:00 level=DEBUG msg="UserService.ForgotPassword called" email=hujinrunliyanjing@gmail.com
time=2026-06-04T09:02:49.683+08:00 level=DEBUG msg="UserStoreAdapter.GetUserIDByEmail called" email=hujinrunliyanjing@gmail.com
time=2026-06-04T09:02:49.700+08:00 level=DEBUG msg="UserStore.GetByEmail called" email=hujinrunliyanjing@gmail.com
time=2026-06-04T09:02:49.710+08:00 level=DEBUG msg="UserStore.GetByEmail done" user_id=2 email=hujinrunliyanjing@gmail.com
time=2026-06-04T09:02:49.718+08:00 level=DEBUG msg="UserStore.CreateResetToken called" user_id=2
time=2026-06-04T09:02:50.280+08:00 level=DEBUG msg="UserStore.CreateResetToken done" user_id=2
time=2026-06-04T09:02:50.286+08:00 level=INFO msg="StubMailer: (no email sent) password reset URL" to=hujinrunliyanjing@gmail.com reset_url="http://localhost:5173/reset-password?token=bc5c88937bae4ca68729dfc431ae0399ed597b86b3f97c31d3a23c3a14d51e5c"
time=2026-06-04T09:02:50.290+08:00 level=INFO msg="UserService.ForgotPassword done" user_id=2
time=2026-06-04T09:03:48.572+08:00 level=DEBUG msg="UserService.Login called" email=hujinrunliyanjing@gmail.com
time=2026-06-04T09:03:48.675+08:00 level=DEBUG msg="UserStoreAdapter.GetUserByEmail called" email=hujinrunliyanjing@gmail.com
time=2026-06-04T09:03:48.686+08:00 level=DEBUG msg="UserStore.GetByEmail called" email=hujinrunliyanjing@gmail.com
time=2026-06-04T09:03:48.693+08:00 level=DEBUG msg="UserStore.GetByEmail done" user_id=2 email=hujinrunliyanjing@gmail.com
time=2026-06-04T09:03:48.694+08:00 level=DEBUG msg="UserStore.GetPasswordHash called" email=hujinrunliyanjing@gmail.com
time=2026-06-04T09:03:48.695+08:00 level=DEBUG msg="UserStore.GetPasswordHash done" email=hujinrunliyanjing@gmail.com
time=2026-06-04T09:03:48.697+08:00 level=ERROR msg="UserService.Login: wrong password" email=hujinrunliyanjing@gmail.com
time=2026-06-04T09:03:48.698+08:00 level=ERROR msg="handleLogin failed" err="user.UserService.Login: invalid credentials" email=hujinrunliyanjing@gmail.com
time=2026-06-04T09:12:54.423+08:00 level=DEBUG msg="UserService.Register called" email=codex-reset-7ba7985ea02c4d0b93535d57d44e0566@example.com
time=2026-06-04T09:12:54.491+08:00 level=DEBUG msg="UserStoreAdapter.CreateUser called" email=codex-reset-7ba7985ea02c4d0b93535d57d44e0566@example.com
time=2026-06-04T09:12:54.548+08:00 level=DEBUG msg="UserStore.Create called" email=codex-reset-7ba7985ea02c4d0b93535d57d44e0566@example.com name="Codex Reset Test"
time=2026-06-04T09:12:55.097+08:00 level=DEBUG msg="UserStore.GetByID called" user_id=12
time=2026-06-04T09:12:55.104+08:00 level=DEBUG msg="UserStore.GetByID done" user_id=12
time=2026-06-04T09:12:55.110+08:00 level=DEBUG msg="UserStore.Create done" user_id=12 email=codex-reset-7ba7985ea02c4d0b93535d57d44e0566@example.com
time=2026-06-04T09:12:55.118+08:00 level=DEBUG msg="UserService.Register done" user_id=12
time=2026-06-04T09:12:55.174+08:00 level=DEBUG msg="handleForgotPassword called" email=codex-reset-7ba7985ea02c4d0b93535d57d44e0566@example.com
time=2026-06-04T09:12:55.218+08:00 level=DEBUG msg="UserService.ForgotPassword called" email=codex-reset-7ba7985ea02c4d0b93535d57d44e0566@example.com
time=2026-06-04T09:12:55.290+08:00 level=DEBUG msg="UserStoreAdapter.GetUserIDByEmail called" email=codex-reset-7ba7985ea02c4d0b93535d57d44e0566@example.com
time=2026-06-04T09:12:55.743+08:00 level=DEBUG msg="UserStore.GetByEmail called" email=codex-reset-7ba7985ea02c4d0b93535d57d44e0566@example.com
time=2026-06-04T09:12:55.753+08:00 level=DEBUG msg="UserStore.GetByEmail done" user_id=12 email=codex-reset-7ba7985ea02c4d0b93535d57d44e0566@example.com
time=2026-06-04T09:12:55.764+08:00 level=DEBUG msg="UserStore.CreateResetToken called" user_id=12
time=2026-06-04T09:12:56.188+08:00 level=DEBUG msg="UserStore.CreateResetToken done" user_id=12
time=2026-06-04T09:12:56.198+08:00 level=INFO msg="StubMailer: (no email sent) password reset URL" to=codex-reset-7ba7985ea02c4d0b93535d57d44e0566@example.com reset_url="http://localhost:5173/reset-password?token=91dfe9c94c44bc1a4c9f7353ef79a18fb25e41f4052c56f360b20899e45890a1"
time=2026-06-04T09:12:56.359+08:00 level=INFO msg="UserService.ForgotPassword done" user_id=12
time=2026-06-04T09:12:56.920+08:00 level=DEBUG msg="handleResetPassword called"
time=2026-06-04T09:12:56.921+08:00 level=DEBUG msg="UserService.ResetPassword called"
time=2026-06-04T09:12:56.922+08:00 level=DEBUG msg="UserStore.GetResetToken called" token=91dfe9c94c44bc1a4c9f7353ef79a18fb25e41f4052c56f360b20899e45890a1
time=2026-06-04T09:12:56.922+08:00 level=DEBUG msg="UserStore.GetResetToken done" user_id=12
time=2026-06-04T09:12:56.923+08:00 level=DEBUG msg="UserStore.UpdatePassword called" user_id=12
time=2026-06-04T09:12:56.947+08:00 level=DEBUG msg="UserStore.UpdatePassword done" user_id=12
time=2026-06-04T09:12:56.947+08:00 level=DEBUG msg="UserStore.MarkTokenUsed called" token=91dfe9c94c44bc1a4c9f7353ef79a18fb25e41f4052c56f360b20899e45890a1
time=2026-06-04T09:12:56.972+08:00 level=DEBUG msg="UserStore.MarkTokenUsed done"
time=2026-06-04T09:12:56.972+08:00 level=INFO msg="UserService.ResetPassword done" user_id=12
time=2026-06-04T09:12:56.974+08:00 level=DEBUG msg="UserService.Login called" email=codex-reset-7ba7985ea02c4d0b93535d57d44e0566@example.com
time=2026-06-04T09:12:56.975+08:00 level=DEBUG msg="UserStoreAdapter.GetUserByEmail called" email=codex-reset-7ba7985ea02c4d0b93535d57d44e0566@example.com
time=2026-06-04T09:12:56.975+08:00 level=DEBUG msg="UserStore.GetByEmail called" email=codex-reset-7ba7985ea02c4d0b93535d57d44e0566@example.com
time=2026-06-04T09:12:56.976+08:00 level=DEBUG msg="UserStore.GetByEmail done" user_id=12 email=codex-reset-7ba7985ea02c4d0b93535d57d44e0566@example.com
time=2026-06-04T09:12:56.977+08:00 level=DEBUG msg="UserStore.GetPasswordHash called" email=codex-reset-7ba7985ea02c4d0b93535d57d44e0566@example.com
time=2026-06-04T09:12:56.977+08:00 level=DEBUG msg="UserStore.GetPasswordHash done" email=codex-reset-7ba7985ea02c4d0b93535d57d44e0566@example.com
time=2026-06-04T09:12:56.979+08:00 level=DEBUG msg="UserService.Login done" user_id=12
time=2026-06-04T12:05:34.055+08:00 level=DEBUG msg="UserService.Login called" email=hujinrunliyanjing@gmail.com
time=2026-06-04T12:05:36.490+08:00 level=DEBUG msg="UserStoreAdapter.GetUserByEmail called" email=hujinrunliyanjing@gmail.com
time=2026-06-04T12:05:36.490+08:00 level=DEBUG msg="UserStore.GetByEmail called" email=hujinrunliyanjing@gmail.com
time=2026-06-04T12:05:36.491+08:00 level=DEBUG msg="UserStore.GetByEmail done" user_id=2 email=hujinrunliyanjing@gmail.com
time=2026-06-04T12:05:36.492+08:00 level=DEBUG msg="UserStore.GetPasswordHash called" email=hujinrunliyanjing@gmail.com
time=2026-06-04T12:05:36.493+08:00 level=DEBUG msg="UserStore.GetPasswordHash done" email=hujinrunliyanjing@gmail.com
time=2026-06-04T12:05:36.494+08:00 level=ERROR msg="UserService.Login: wrong password" email=hujinrunliyanjing@gmail.com
time=2026-06-04T12:05:36.495+08:00 level=ERROR msg="handleLogin failed" err="user.UserService.Login: invalid credentials" email=hujinrunliyanjing@gmail.com
time=2026-06-04T12:05:51.277+08:00 level=DEBUG msg="UserService.Register called" email=2508733566@qq.com
time=2026-06-04T12:05:51.282+08:00 level=DEBUG msg="UserStoreAdapter.CreateUser called" email=2508733566@qq.com
time=2026-06-04T12:05:51.282+08:00 level=DEBUG msg="UserStore.Create called" email=2508733566@qq.com name=tylerhu
time=2026-06-04T12:05:51.285+08:00 level=ERROR msg="failed to insert user" err="constraint failed: UNIQUE constraint failed: users.email (2067)" email=2508733566@qq.com
time=2026-06-04T12:05:51.287+08:00 level=ERROR msg="UserService.Register: CreateUser failed" err="UserStoreAdapter.CreateUser: data.UserStore.Create: email already registered" email=2508733566@qq.com
time=2026-06-04T12:05:51.288+08:00 level=ERROR msg="handleRegister failed" err="user.UserService.Register CreateUser: UserStoreAdapter.CreateUser: data.UserStore.Create: email already registered"
time=2026-06-04T12:05:57.107+08:00 level=DEBUG msg="UserService.Login called" email=2508733566@qq.com
time=2026-06-04T12:05:57.142+08:00 level=DEBUG msg="UserStoreAdapter.GetUserByEmail called" email=2508733566@qq.com
time=2026-06-04T12:05:57.146+08:00 level=DEBUG msg="UserStore.GetByEmail called" email=2508733566@qq.com
time=2026-06-04T12:05:57.147+08:00 level=DEBUG msg="UserStore.GetByEmail done" user_id=8 email=2508733566@qq.com
time=2026-06-04T12:05:57.148+08:00 level=DEBUG msg="UserStore.GetPasswordHash called" email=2508733566@qq.com
time=2026-06-04T12:05:57.149+08:00 level=DEBUG msg="UserStore.GetPasswordHash done" email=2508733566@qq.com
time=2026-06-04T12:05:57.150+08:00 level=ERROR msg="UserService.Login: wrong password" email=2508733566@qq.com
time=2026-06-04T12:05:57.152+08:00 level=ERROR msg="handleLogin failed" err="user.UserService.Login: invalid credentials" email=2508733566@qq.com
time=2026-06-04T12:06:05.965+08:00 level=DEBUG msg="UserService.Login called" email=hujinrunliyanjing@gmail.com
time=2026-06-04T12:06:05.987+08:00 level=DEBUG msg="UserStoreAdapter.GetUserByEmail called" email=hujinrunliyanjing@gmail.com
time=2026-06-04T12:06:06.041+08:00 level=DEBUG msg="UserStore.GetByEmail called" email=hujinrunliyanjing@gmail.com
time=2026-06-04T12:06:06.082+08:00 level=DEBUG msg="UserStore.GetByEmail done" user_id=2 email=hujinrunliyanjing@gmail.com
time=2026-06-04T12:06:06.114+08:00 level=DEBUG msg="UserStore.GetPasswordHash called" email=hujinrunliyanjing@gmail.com
time=2026-06-04T12:06:06.156+08:00 level=DEBUG msg="UserStore.GetPasswordHash done" email=hujinrunliyanjing@gmail.com
time=2026-06-04T12:06:06.191+08:00 level=ERROR msg="UserService.Login: wrong password" email=hujinrunliyanjing@gmail.com
time=2026-06-04T12:06:06.220+08:00 level=ERROR msg="handleLogin failed" err="user.UserService.Login: invalid credentials" email=hujinrunliyanjing@gmail.com
time=2026-06-04T23:33:31.371+08:00 level=DEBUG msg="handleForgotPassword called" email=hujinrunliyanjing@gmail.com
time=2026-06-04T23:33:31.372+08:00 level=DEBUG msg="UserService.ForgotPassword called" email=hujinrunliyanjing@gmail.com
time=2026-06-04T23:33:31.372+08:00 level=DEBUG msg="UserStoreAdapter.GetUserIDByEmail called" email=hujinrunliyanjing@gmail.com
time=2026-06-04T23:33:31.373+08:00 level=DEBUG msg="UserStore.GetByEmail called" email=hujinrunliyanjing@gmail.com
time=2026-06-04T23:33:31.374+08:00 level=DEBUG msg="UserStore.GetByEmail done" user_id=2 email=hujinrunliyanjing@gmail.com
time=2026-06-04T23:33:31.375+08:00 level=DEBUG msg="UserStore.CreateResetToken called" user_id=2
time=2026-06-04T23:33:31.409+08:00 level=DEBUG msg="UserStore.CreateResetToken done" user_id=2
time=2026-06-04T23:33:31.409+08:00 level=INFO msg="StubMailer: (no email sent) password reset URL" to=hujinrunliyanjing@gmail.com reset_url="http://localhost:5173/reset-password?token=2d7ebf2d1464a17877326aeddf6c2384ed7f70db581a994cdb90fbab59dced7f"
time=2026-06-04T23:33:31.410+08:00 level=INFO msg="UserService.ForgotPassword done" user_id=2
time=2026-06-04T23:36:02.856+08:00 level=DEBUG msg="UserService.Register called" email=codex-reset-browser-1780587345205@example.com
time=2026-06-04T23:36:02.957+08:00 level=DEBUG msg="UserStoreAdapter.CreateUser called" email=codex-reset-browser-1780587345205@example.com
time=2026-06-04T23:36:02.962+08:00 level=DEBUG msg="UserStore.Create called" email=codex-reset-browser-1780587345205@example.com name="Codex Reset Browser QA"
time=2026-06-04T23:36:03.269+08:00 level=DEBUG msg="UserStore.GetByID called" user_id=13
time=2026-06-04T23:36:03.278+08:00 level=DEBUG msg="UserStore.GetByID done" user_id=13
time=2026-06-04T23:36:03.288+08:00 level=DEBUG msg="UserStore.Create done" user_id=13 email=codex-reset-browser-1780587345205@example.com
time=2026-06-04T23:36:03.296+08:00 level=DEBUG msg="UserService.Register done" user_id=13
time=2026-06-04T23:36:32.906+08:00 level=DEBUG msg="handleForgotPassword called" email=codex-reset-browser-1780587345205@example.com
time=2026-06-04T23:36:32.922+08:00 level=DEBUG msg="UserService.ForgotPassword called" email=codex-reset-browser-1780587345205@example.com
time=2026-06-04T23:36:32.940+08:00 level=DEBUG msg="UserStoreAdapter.GetUserIDByEmail called" email=codex-reset-browser-1780587345205@example.com
time=2026-06-04T23:36:32.949+08:00 level=DEBUG msg="UserStore.GetByEmail called" email=codex-reset-browser-1780587345205@example.com
time=2026-06-04T23:36:32.959+08:00 level=DEBUG msg="UserStore.GetByEmail done" user_id=13 email=codex-reset-browser-1780587345205@example.com
time=2026-06-04T23:36:32.965+08:00 level=DEBUG msg="UserStore.CreateResetToken called" user_id=13
time=2026-06-04T23:36:33.490+08:00 level=DEBUG msg="UserStore.CreateResetToken done" user_id=13
time=2026-06-04T23:36:33.497+08:00 level=INFO msg="StubMailer: (no email sent) password reset URL" to=codex-reset-browser-1780587345205@example.com reset_url="http://localhost:5173/reset-password?token=e399adfd4946cfc18637a1d5eb8ba3496589f20222e2d39f00ae3b85c6b8f4e1"
time=2026-06-04T23:36:33.503+08:00 level=INFO msg="UserService.ForgotPassword done" user_id=13
time=2026-06-04T23:37:01.741+08:00 level=DEBUG msg="handleResetPassword called"
time=2026-06-04T23:37:01.742+08:00 level=DEBUG msg="UserService.ResetPassword called"
time=2026-06-04T23:37:01.742+08:00 level=DEBUG msg="UserStore.GetResetToken called" token=e399adfd4946cfc18637a1d5eb8ba3496589f20222e2d39f00ae3b85c6b8f4e1
time=2026-06-04T23:37:01.743+08:00 level=DEBUG msg="UserStore.GetResetToken done" user_id=13
time=2026-06-04T23:37:01.744+08:00 level=DEBUG msg="UserStore.UpdatePassword called" user_id=13
time=2026-06-04T23:37:01.769+08:00 level=DEBUG msg="UserStore.UpdatePassword done" user_id=13
time=2026-06-04T23:37:01.770+08:00 level=DEBUG msg="UserStore.MarkTokenUsed called" token=e399adfd4946cfc18637a1d5eb8ba3496589f20222e2d39f00ae3b85c6b8f4e1
time=2026-06-04T23:37:01.793+08:00 level=DEBUG msg="UserStore.MarkTokenUsed done"
time=2026-06-04T23:37:01.795+08:00 level=INFO msg="UserService.ResetPassword done" user_id=13
time=2026-06-04T23:37:30.659+08:00 level=DEBUG msg="UserService.Login called" email=codex-reset-browser-1780587345205@example.com
time=2026-06-04T23:37:30.660+08:00 level=DEBUG msg="UserStoreAdapter.GetUserByEmail called" email=codex-reset-browser-1780587345205@example.com
time=2026-06-04T23:37:30.661+08:00 level=DEBUG msg="UserStore.GetByEmail called" email=codex-reset-browser-1780587345205@example.com
time=2026-06-04T23:37:30.661+08:00 level=DEBUG msg="UserStore.GetByEmail done" user_id=13 email=codex-reset-browser-1780587345205@example.com
time=2026-06-04T23:37:30.662+08:00 level=DEBUG msg="UserStore.GetPasswordHash called" email=codex-reset-browser-1780587345205@example.com
time=2026-06-04T23:37:30.663+08:00 level=DEBUG msg="UserStore.GetPasswordHash done" email=codex-reset-browser-1780587345205@example.com
time=2026-06-04T23:37:30.663+08:00 level=DEBUG msg="UserService.Login done" user_id=13
time=2026-06-04T23:37:30.877+08:00 level=DEBUG msg="UserService.GetStats called" user_id=13
time=2026-06-04T23:37:30.878+08:00 level=DEBUG msg="UserStore.GetStats called" user_id=13
time=2026-06-04T23:37:30.881+08:00 level=DEBUG msg="UserStore.GetStats done" user_id=13
time=2026-06-04T23:37:30.884+08:00 level=DEBUG msg="UserService.GetStats called" user_id=13
time=2026-06-04T23:37:30.884+08:00 level=DEBUG msg="UserStore.GetStats called" user_id=13
time=2026-06-04T23:37:30.885+08:00 level=DEBUG msg="UserStore.GetStats done" user_id=13
time=2026-06-04T23:50:47.973+08:00 level=DEBUG msg="UserService.GetStats called" user_id=13
time=2026-06-04T23:50:48.010+08:00 level=DEBUG msg="UserStore.GetStats called" user_id=13
time=2026-06-04T23:50:48.046+08:00 level=DEBUG msg="UserStore.GetStats done" user_id=13
time=2026-06-04T23:50:48.238+08:00 level=DEBUG msg="UserService.GetStats called" user_id=13
time=2026-06-04T23:50:48.305+08:00 level=DEBUG msg="UserStore.GetStats called" user_id=13
time=2026-06-04T23:50:48.371+08:00 level=DEBUG msg="UserStore.GetStats done" user_id=13
time=2026-06-04T23:50:55.121+08:00 level=DEBUG msg="LessonService.ListSummaries called" level=N5
time=2026-06-04T23:50:55.190+08:00 level=DEBUG msg="LessonStore.ListSummaries called" level=N5 tag=""
time=2026-06-04T23:50:55.740+08:00 level=DEBUG msg="LessonStore.ListSummaries done" level=N5 tag="" count=10
time=2026-06-04T23:50:55.783+08:00 level=DEBUG msg="LessonService.ListSummaries done" level=N5 count=10
time=2026-06-04T23:50:56.140+08:00 level=DEBUG msg="LessonService.ListSummaries called" level=N5
time=2026-06-04T23:50:56.189+08:00 level=DEBUG msg="LessonStore.ListSummaries called" level=N5 tag=""
time=2026-06-04T23:50:56.240+08:00 level=DEBUG msg="LessonStore.ListSummaries done" level=N5 tag="" count=10
time=2026-06-04T23:50:56.290+08:00 level=DEBUG msg="LessonService.ListSummaries done" level=N5 count=10
time=2026-06-04T23:50:58.059+08:00 level=DEBUG msg="UserService.GetStats called" user_id=13
time=2026-06-04T23:50:58.095+08:00 level=DEBUG msg="UserStore.GetStats called" user_id=13
time=2026-06-04T23:50:58.100+08:00 level=DEBUG msg="UserStore.GetStats done" user_id=13
time=2026-06-04T23:50:58.424+08:00 level=DEBUG msg="UserService.GetStats called" user_id=13
time=2026-06-04T23:50:58.432+08:00 level=DEBUG msg="UserStore.GetStats called" user_id=13
time=2026-06-04T23:50:58.434+08:00 level=DEBUG msg="UserStore.GetStats done" user_id=13
time=2026-06-04T23:51:02.072+08:00 level=DEBUG msg="WordService.GetReviewQueue called" user_id=13 level=N5
time=2026-06-04T23:51:02.948+08:00 level=DEBUG msg="WordStoreAdapter.ListDueRecords called" user_id=13
time=2026-06-04T23:51:02.949+08:00 level=DEBUG msg="WordStore.ListDueRecords called" user_id=13 limit=200
time=2026-06-04T23:51:02.953+08:00 level=DEBUG msg="WordStore.ListDueRecords done" user_id=13 count=0
time=2026-06-04T23:51:02.955+08:00 level=DEBUG msg="WordStoreAdapter.ListByLevel called" level=N5
time=2026-06-04T23:51:02.956+08:00 level=DEBUG msg="WordStore.ListByLevel called" level=N5 page=1 size=10000
time=2026-06-04T23:51:02.961+08:00 level=DEBUG msg="WordStore.ListByLevel done" level=N5 count=114 total=114
time=2026-06-04T23:51:02.962+08:00 level=DEBUG msg="WordStore.GetRecord called" user_id=13 word_id=2472
time=2026-06-04T23:51:02.964+08:00 level=DEBUG msg="word_record not found" user_id=13 word_id=2472
time=2026-06-04T23:51:02.964+08:00 level=DEBUG msg="WordStore.GetRecord called" user_id=13 word_id=2482
time=2026-06-04T23:51:02.965+08:00 level=DEBUG msg="word_record not found" user_id=13 word_id=2482
time=2026-06-04T23:51:02.966+08:00 level=DEBUG msg="WordStore.GetRecord called" user_id=13 word_id=2641
time=2026-06-04T23:51:02.967+08:00 level=DEBUG msg="word_record not found" user_id=13 word_id=2641
time=2026-06-04T23:51:02.968+08:00 level=DEBUG msg="WordStore.GetRecord called" user_id=13 word_id=2642
time=2026-06-04T23:51:02.968+08:00 level=DEBUG msg="word_record not found" user_id=13 word_id=2642
time=2026-06-04T23:51:02.969+08:00 level=DEBUG msg="WordStore.GetRecord called" user_id=13 word_id=2643
time=2026-06-04T23:51:02.970+08:00 level=DEBUG msg="word_record not found" user_id=13 word_id=2643
time=2026-06-04T23:51:02.971+08:00 level=DEBUG msg="WordStore.GetRecord called" user_id=13 word_id=2644
time=2026-06-04T23:51:02.972+08:00 level=DEBUG msg="word_record not found" user_id=13 word_id=2644
time=2026-06-04T23:51:02.973+08:00 level=DEBUG msg="WordStore.GetRecord called" user_id=13 word_id=2645
time=2026-06-04T23:51:02.974+08:00 level=DEBUG msg="word_record not found" user_id=13 word_id=2645
time=2026-06-04T23:51:02.974+08:00 level=DEBUG msg="WordStore.GetRecord called" user_id=13 word_id=2646
time=2026-06-04T23:51:02.975+08:00 level=DEBUG msg="word_record not found" user_id=13 word_id=2646
time=2026-06-04T23:51:02.976+08:00 level=DEBUG msg="WordStore.GetRecord called" user_id=13 word_id=2647
time=2026-06-04T23:51:02.977+08:00 level=DEBUG msg="word_record not found" user_id=13 word_id=2647
time=2026-06-04T23:51:02.977+08:00 level=DEBUG msg="WordStore.GetRecord called" user_id=13 word_id=2648
time=2026-06-04T23:51:02.978+08:00 level=DEBUG msg="word_record not found" user_id=13 word_id=2648
time=2026-06-04T23:51:02.979+08:00 level=DEBUG msg="WordStore.GetRecord called" user_id=13 word_id=2649
time=2026-06-04T23:51:02.980+08:00 level=DEBUG msg="word_record not found" user_id=13 word_id=2649
time=2026-06-04T23:51:02.980+08:00 level=DEBUG msg="WordStore.GetRecord called" user_id=13 word_id=2650
time=2026-06-04T23:51:02.982+08:00 level=DEBUG msg="word_record not found" user_id=13 word_id=2650
time=2026-06-04T23:51:02.982+08:00 level=DEBUG msg="WordStore.GetRecord called" user_id=13 word_id=2651
time=2026-06-04T23:51:02.983+08:00 level=DEBUG msg="word_record not found" user_id=13 word_id=2651
time=2026-06-04T23:51:02.984+08:00 level=DEBUG msg="WordStore.GetRecord called" user_id=13 word_id=2652
time=2026-06-04T23:51:02.985+08:00 level=DEBUG msg="word_record not found" user_id=13 word_id=2652
time=2026-06-04T23:51:02.986+08:00 level=DEBUG msg="WordStore.GetRecord called" user_id=13 word_id=2653
time=2026-06-04T23:51:02.986+08:00 level=DEBUG msg="word_record not found" user_id=13 word_id=2653
time=2026-06-04T23:51:02.987+08:00 level=DEBUG msg="WordStore.GetRecord called" user_id=13 word_id=2654
time=2026-06-04T23:51:02.988+08:00 level=DEBUG msg="word_record not found" user_id=13 word_id=2654
time=2026-06-04T23:51:02.989+08:00 level=DEBUG msg="WordStore.GetRecord called" user_id=13 word_id=2655
time=2026-06-04T23:51:02.989+08:00 level=DEBUG msg="word_record not found" user_id=13 word_id=2655
time=2026-06-04T23:51:02.990+08:00 level=DEBUG msg="WordStore.GetRecord called" user_id=13 word_id=2656
time=2026-06-04T23:51:02.990+08:00 level=DEBUG msg="word_record not found" user_id=13 word_id=2656
time=2026-06-04T23:51:02.991+08:00 level=DEBUG msg="WordStore.GetRecord called" user_id=13 word_id=2657
time=2026-06-04T23:51:02.993+08:00 level=DEBUG msg="word_record not found" user_id=13 word_id=2657
time=2026-06-04T23:51:02.993+08:00 level=DEBUG msg="WordStore.GetRecord called" user_id=13 word_id=2658
time=2026-06-04T23:51:02.994+08:00 level=DEBUG msg="word_record not found" user_id=13 word_id=2658
time=2026-06-04T23:51:02.995+08:00 level=DEBUG msg="WordStore.GetRecord called" user_id=13 word_id=2659
time=2026-06-04T23:51:02.996+08:00 level=DEBUG msg="word_record not found" user_id=13 word_id=2659
time=2026-06-04T23:51:02.996+08:00 level=DEBUG msg="WordStore.GetRecord called" user_id=13 word_id=2660
time=2026-06-04T23:51:02.997+08:00 level=DEBUG msg="word_record not found" user_id=13 word_id=2660
time=2026-06-04T23:51:02.998+08:00 level=DEBUG msg="WordStore.GetRecord called" user_id=13 word_id=2661
time=2026-06-04T23:51:02.999+08:00 level=DEBUG msg="word_record not found" user_id=13 word_id=2661
time=2026-06-04T23:51:02.999+08:00 level=DEBUG msg="WordStore.GetRecord called" user_id=13 word_id=2662
time=2026-06-04T23:51:03.000+08:00 level=DEBUG msg="word_record not found" user_id=13 word_id=2662
time=2026-06-04T23:51:03.001+08:00 level=DEBUG msg="WordStore.GetRecord called" user_id=13 word_id=2663
time=2026-06-04T23:51:03.002+08:00 level=DEBUG msg="word_record not found" user_id=13 word_id=2663
time=2026-06-04T23:51:03.002+08:00 level=DEBUG msg="WordStore.GetRecord called" user_id=13 word_id=2664
time=2026-06-04T23:51:03.003+08:00 level=DEBUG msg="word_record not found" user_id=13 word_id=2664
time=2026-06-04T23:51:03.004+08:00 level=DEBUG msg="WordStore.GetRecord called" user_id=13 word_id=2665
time=2026-06-04T23:51:03.006+08:00 level=DEBUG msg="word_record not found" user_id=13 word_id=2665
time=2026-06-04T23:51:03.007+08:00 level=DEBUG msg="WordStore.GetRecord called" user_id=13 word_id=2666
time=2026-06-04T23:51:03.007+08:00 level=DEBUG msg="word_record not found" user_id=13 word_id=2666
time=2026-06-04T23:51:03.008+08:00 level=DEBUG msg="WordStore.GetRecord called" user_id=13 word_id=2667
time=2026-06-04T23:51:03.009+08:00 level=DEBUG msg="word_record not found" user_id=13 word_id=2667
time=2026-06-04T23:51:03.010+08:00 level=DEBUG msg="WordStore.GetRecord called" user_id=13 word_id=2668
time=2026-06-04T23:51:03.011+08:00 level=DEBUG msg="word_record not found" user_id=13 word_id=2668
time=2026-06-04T23:51:03.011+08:00 level=DEBUG msg="WordStore.GetRecord called" user_id=13 word_id=2669
time=2026-06-04T23:51:03.013+08:00 level=DEBUG msg="word_record not found" user_id=13 word_id=2669
time=2026-06-04T23:51:03.014+08:00 level=DEBUG msg="WordStore.GetRecord called" user_id=13 word_id=2670
time=2026-06-04T23:51:03.015+08:00 level=DEBUG msg="word_record not found" user_id=13 word_id=2670
time=2026-06-04T23:51:03.016+08:00 level=DEBUG msg="WordStore.GetRecord called" user_id=13 word_id=2671
time=2026-06-04T23:51:03.017+08:00 level=DEBUG msg="word_record not found" user_id=13 word_id=2671
time=2026-06-04T23:51:03.017+08:00 level=DEBUG msg="WordStore.GetRecord called" user_id=13 word_id=2672
time=2026-06-04T23:51:03.018+08:00 level=DEBUG msg="word_record not found" user_id=13 word_id=2672
time=2026-06-04T23:51:03.020+08:00 level=DEBUG msg="WordStore.GetRecord called" user_id=13 word_id=2673
time=2026-06-04T23:51:03.021+08:00 level=DEBUG msg="word_record not found" user_id=13 word_id=2673
time=2026-06-04T23:51:03.022+08:00 level=DEBUG msg="WordStore.GetRecord called" user_id=13 word_id=2674
time=2026-06-04T23:51:03.023+08:00 level=DEBUG msg="word_record not found" user_id=13 word_id=2674
time=2026-06-04T23:51:03.024+08:00 level=DEBUG msg="WordStore.GetRecord called" user_id=13 word_id=2675
time=2026-06-04T23:51:03.025+08:00 level=DEBUG msg="word_record not found" user_id=13 word_id=2675
time=2026-06-04T23:51:03.026+08:00 level=DEBUG msg="WordStore.GetRecord called" user_id=13 word_id=2676
time=2026-06-04T23:51:03.027+08:00 level=DEBUG msg="word_record not found" user_id=13 word_id=2676
time=2026-06-04T23:51:03.027+08:00 level=DEBUG msg="WordStore.GetRecord called" user_id=13 word_id=2677
time=2026-06-04T23:51:03.029+08:00 level=DEBUG msg="word_record not found" user_id=13 word_id=2677
time=2026-06-04T23:51:03.031+08:00 level=DEBUG msg="WordStore.GetRecord called" user_id=13 word_id=2678
time=2026-06-04T23:51:03.032+08:00 level=DEBUG msg="word_record not found" user_id=13 word_id=2678
time=2026-06-04T23:51:03.033+08:00 level=DEBUG msg="WordStore.GetRecord called" user_id=13 word_id=2679
time=2026-06-04T23:51:03.033+08:00 level=DEBUG msg="word_record not found" user_id=13 word_id=2679
time=2026-06-04T23:51:03.035+08:00 level=DEBUG msg="WordStore.GetRecord called" user_id=13 word_id=2680
time=2026-06-04T23:51:03.037+08:00 level=DEBUG msg="word_record not found" user_id=13 word_id=2680
time=2026-06-04T23:51:03.038+08:00 level=DEBUG msg="WordStore.GetRecord called" user_id=13 word_id=2681
time=2026-06-04T23:51:03.039+08:00 level=DEBUG msg="word_record not found" user_id=13 word_id=2681
time=2026-06-04T23:51:03.040+08:00 level=DEBUG msg="WordStore.GetRecord called" user_id=13 word_id=2682
time=2026-06-04T23:51:03.041+08:00 level=DEBUG msg="word_record not found" user_id=13 word_id=2682
time=2026-06-04T23:51:03.042+08:00 level=DEBUG msg="WordStore.GetRecord called" user_id=13 word_id=2683
time=2026-06-04T23:51:03.043+08:00 level=DEBUG msg="word_record not found" user_id=13 word_id=2683
time=2026-06-04T23:51:03.044+08:00 level=DEBUG msg="WordStore.GetRecord called" user_id=13 word_id=2684
time=2026-06-04T23:51:03.045+08:00 level=DEBUG msg="word_record not found" user_id=13 word_id=2684
time=2026-06-04T23:51:03.046+08:00 level=DEBUG msg="WordStore.GetRecord called" user_id=13 word_id=2686
time=2026-06-04T23:51:03.047+08:00 level=DEBUG msg="word_record not found" user_id=13 word_id=2686
time=2026-06-04T23:51:03.048+08:00 level=DEBUG msg="WordStore.GetRecord called" user_id=13 word_id=2687
time=2026-06-04T23:51:03.050+08:00 level=DEBUG msg="word_record not found" user_id=13 word_id=2687
time=2026-06-04T23:51:03.050+08:00 level=DEBUG msg="WordStore.GetRecord called" user_id=13 word_id=2688
time=2026-06-04T23:51:03.051+08:00 level=DEBUG msg="word_record not found" user_id=13 word_id=2688
time=2026-06-04T23:51:03.052+08:00 level=DEBUG msg="WordStore.GetRecord called" user_id=13 word_id=2689
time=2026-06-04T23:51:03.053+08:00 level=DEBUG msg="word_record not found" user_id=13 word_id=2689
time=2026-06-04T23:51:03.054+08:00 level=DEBUG msg="WordStore.GetRecord called" user_id=13 word_id=2690
time=2026-06-04T23:51:03.056+08:00 level=DEBUG msg="word_record not found" user_id=13 word_id=2690
time=2026-06-04T23:51:03.057+08:00 level=DEBUG msg="WordStore.GetRecord called" user_id=13 word_id=2691
time=2026-06-04T23:51:03.058+08:00 level=DEBUG msg="word_record not found" user_id=13 word_id=2691
time=2026-06-04T23:51:03.059+08:00 level=DEBUG msg="WordStore.GetRecord called" user_id=13 word_id=2692
time=2026-06-04T23:51:03.060+08:00 level=DEBUG msg="word_record not found" user_id=13 word_id=2692
time=2026-06-04T23:51:03.061+08:00 level=DEBUG msg="WordStore.GetRecord called" user_id=13 word_id=2693
time=2026-06-04T23:51:03.063+08:00 level=DEBUG msg="word_record not found" user_id=13 word_id=2693
time=2026-06-04T23:51:03.064+08:00 level=DEBUG msg="WordStore.GetRecord called" user_id=13 word_id=2694
time=2026-06-04T23:51:03.065+08:00 level=DEBUG msg="word_record not found" user_id=13 word_id=2694
time=2026-06-04T23:51:03.065+08:00 level=DEBUG msg="WordStore.GetRecord called" user_id=13 word_id=2695
time=2026-06-04T23:51:03.066+08:00 level=DEBUG msg="word_record not found" user_id=13 word_id=2695
time=2026-06-04T23:51:03.067+08:00 level=DEBUG msg="WordStore.GetRecord called" user_id=13 word_id=2696
time=2026-06-04T23:51:03.068+08:00 level=DEBUG msg="word_record not found" user_id=13 word_id=2696
time=2026-06-04T23:51:03.070+08:00 level=DEBUG msg="WordStore.GetRecord called" user_id=13 word_id=2697
time=2026-06-04T23:51:03.071+08:00 level=DEBUG msg="word_record not found" user_id=13 word_id=2697
time=2026-06-04T23:51:03.072+08:00 level=DEBUG msg="WordStore.GetRecord called" user_id=13 word_id=2698
time=2026-06-04T23:51:03.073+08:00 level=DEBUG msg="word_record not found" user_id=13 word_id=2698
time=2026-06-04T23:51:03.074+08:00 level=DEBUG msg="WordStore.GetRecord called" user_id=13 word_id=2699
time=2026-06-04T23:51:03.075+08:00 level=DEBUG msg="word_record not found" user_id=13 word_id=2699
time=2026-06-04T23:51:03.076+08:00 level=DEBUG msg="WordStore.GetRecord called" user_id=13 word_id=2700
time=2026-06-04T23:51:03.077+08:00 level=DEBUG msg="word_record not found" user_id=13 word_id=2700
time=2026-06-04T23:51:03.078+08:00 level=DEBUG msg="WordStore.GetRecord called" user_id=13 word_id=4006
time=2026-06-04T23:51:03.079+08:00 level=DEBUG msg="word_record not found" user_id=13 word_id=4006
time=2026-06-04T23:51:03.081+08:00 level=DEBUG msg="WordStore.GetRecord called" user_id=13 word_id=4012
time=2026-06-04T23:51:03.082+08:00 level=DEBUG msg="word_record not found" user_id=13 word_id=4012
time=2026-06-04T23:51:03.083+08:00 level=DEBUG msg="WordStore.GetRecord called" user_id=13 word_id=4048
time=2026-06-04T23:51:03.084+08:00 level=DEBUG msg="word_record not found" user_id=13 word_id=4048
time=2026-06-04T23:51:03.085+08:00 level=DEBUG msg="WordStore.GetRecord called" user_id=13 word_id=4072
time=2026-06-04T23:51:03.086+08:00 level=DEBUG msg="word_record not found" user_id=13 word_id=4072
time=2026-06-04T23:51:03.087+08:00 level=DEBUG msg="WordStore.GetRecord called" user_id=13 word_id=4081
time=2026-06-04T23:51:03.088+08:00 level=DEBUG msg="word_record not found" user_id=13 word_id=4081
time=2026-06-04T23:51:03.089+08:00 level=DEBUG msg="WordStore.GetRecord called" user_id=13 word_id=4134
time=2026-06-04T23:51:03.089+08:00 level=DEBUG msg="word_record not found" user_id=13 word_id=4134
time=2026-06-04T23:51:03.090+08:00 level=DEBUG msg="WordStore.GetRecord called" user_id=13 word_id=4147
time=2026-06-04T23:51:03.092+08:00 level=DEBUG msg="word_record not found" user_id=13 word_id=4147
time=2026-06-04T23:51:03.093+08:00 level=DEBUG msg="WordStore.GetRecord called" user_id=13 word_id=6511
time=2026-06-04T23:51:03.094+08:00 level=DEBUG msg="word_record not found" user_id=13 word_id=6511
time=2026-06-04T23:51:03.095+08:00 level=DEBUG msg="WordStore.GetRecord called" user_id=13 word_id=6519
time=2026-06-04T23:51:03.096+08:00 level=DEBUG msg="word_record not found" user_id=13 word_id=6519
time=2026-06-04T23:51:03.097+08:00 level=DEBUG msg="WordStore.GetRecord called" user_id=13 word_id=6520
time=2026-06-04T23:51:03.098+08:00 level=DEBUG msg="word_record not found" user_id=13 word_id=6520
time=2026-06-04T23:51:03.098+08:00 level=DEBUG msg="WordStore.GetRecord called" user_id=13 word_id=6525
time=2026-06-04T23:51:03.099+08:00 level=DEBUG msg="word_record not found" user_id=13 word_id=6525
time=2026-06-04T23:51:03.100+08:00 level=DEBUG msg="WordStore.GetRecord called" user_id=13 word_id=6526
time=2026-06-04T23:51:03.101+08:00 level=DEBUG msg="word_record not found" user_id=13 word_id=6526
time=2026-06-04T23:51:03.103+08:00 level=DEBUG msg="WordStore.GetRecord called" user_id=13 word_id=6530
time=2026-06-04T23:51:03.104+08:00 level=DEBUG msg="word_record not found" user_id=13 word_id=6530
time=2026-06-04T23:51:03.104+08:00 level=DEBUG msg="WordStore.GetRecord called" user_id=13 word_id=6531
time=2026-06-04T23:51:03.105+08:00 level=DEBUG msg="word_record not found" user_id=13 word_id=6531
time=2026-06-04T23:51:03.106+08:00 level=DEBUG msg="WordStore.GetRecord called" user_id=13 word_id=6532
time=2026-06-04T23:51:03.106+08:00 level=DEBUG msg="word_record not found" user_id=13 word_id=6532
time=2026-06-04T23:51:03.106+08:00 level=DEBUG msg="WordStore.GetRecord called" user_id=13 word_id=6538
time=2026-06-04T23:51:03.106+08:00 level=DEBUG msg="word_record not found" user_id=13 word_id=6538
time=2026-06-04T23:51:03.109+08:00 level=DEBUG msg="WordStore.GetRecord called" user_id=13 word_id=6539
time=2026-06-04T23:51:03.109+08:00 level=DEBUG msg="word_record not found" user_id=13 word_id=6539
time=2026-06-04T23:51:03.109+08:00 level=DEBUG msg="WordStore.GetRecord called" user_id=13 word_id=6541
time=2026-06-04T23:51:03.109+08:00 level=DEBUG msg="word_record not found" user_id=13 word_id=6541
time=2026-06-04T23:51:03.109+08:00 level=DEBUG msg="WordStore.GetRecord called" user_id=13 word_id=6542
time=2026-06-04T23:51:03.115+08:00 level=DEBUG msg="word_record not found" user_id=13 word_id=6542
time=2026-06-04T23:51:03.115+08:00 level=DEBUG msg="WordStore.GetRecord called" user_id=13 word_id=6553
time=2026-06-04T23:51:03.115+08:00 level=DEBUG msg="word_record not found" user_id=13 word_id=6553
time=2026-06-04T23:51:03.115+08:00 level=DEBUG msg="WordStore.GetRecord called" user_id=13 word_id=6554
time=2026-06-04T23:51:03.115+08:00 level=DEBUG msg="word_record not found" user_id=13 word_id=6554
time=2026-06-04T23:51:03.115+08:00 level=DEBUG msg="WordStore.GetRecord called" user_id=13 word_id=6564
time=2026-06-04T23:51:03.115+08:00 level=DEBUG msg="word_record not found" user_id=13 word_id=6564
time=2026-06-04T23:51:03.115+08:00 level=DEBUG msg="WordStore.GetRecord called" user_id=13 word_id=6579
time=2026-06-04T23:51:03.122+08:00 level=DEBUG msg="word_record not found" user_id=13 word_id=6579
time=2026-06-04T23:51:03.123+08:00 level=DEBUG msg="WordStore.GetRecord called" user_id=13 word_id=6584
time=2026-06-04T23:51:03.123+08:00 level=DEBUG msg="word_record not found" user_id=13 word_id=6584
time=2026-06-04T23:51:03.126+08:00 level=DEBUG msg="WordStore.GetRecord called" user_id=13 word_id=6594
time=2026-06-04T23:51:03.127+08:00 level=DEBUG msg="word_record not found" user_id=13 word_id=6594
time=2026-06-04T23:51:03.129+08:00 level=DEBUG msg="WordStore.GetRecord called" user_id=13 word_id=6597
time=2026-06-04T23:51:03.130+08:00 level=DEBUG msg="word_record not found" user_id=13 word_id=6597
time=2026-06-04T23:51:03.130+08:00 level=DEBUG msg="WordStore.GetRecord called" user_id=13 word_id=6598
time=2026-06-04T23:51:03.131+08:00 level=DEBUG msg="word_record not found" user_id=13 word_id=6598
time=2026-06-04T23:51:03.132+08:00 level=DEBUG msg="WordStore.GetRecord called" user_id=13 word_id=6599
time=2026-06-04T23:51:03.133+08:00 level=DEBUG msg="word_record not found" user_id=13 word_id=6599
time=2026-06-04T23:51:03.134+08:00 level=DEBUG msg="WordStore.GetRecord called" user_id=13 word_id=6602
time=2026-06-04T23:51:03.136+08:00 level=DEBUG msg="word_record not found" user_id=13 word_id=6602
time=2026-06-04T23:51:03.137+08:00 level=DEBUG msg="WordStore.GetRecord called" user_id=13 word_id=6603
time=2026-06-04T23:51:03.138+08:00 level=DEBUG msg="word_record not found" user_id=13 word_id=6603
time=2026-06-04T23:51:03.139+08:00 level=DEBUG msg="WordStore.GetRecord called" user_id=13 word_id=6606
time=2026-06-04T23:51:03.140+08:00 level=DEBUG msg="word_record not found" user_id=13 word_id=6606
time=2026-06-04T23:51:03.141+08:00 level=DEBUG msg="WordStore.GetRecord called" user_id=13 word_id=6613
time=2026-06-04T23:51:03.142+08:00 level=DEBUG msg="word_record not found" user_id=13 word_id=6613
time=2026-06-04T23:51:03.143+08:00 level=DEBUG msg="WordStore.GetRecord called" user_id=13 word_id=6622
time=2026-06-04T23:51:03.143+08:00 level=DEBUG msg="word_record not found" user_id=13 word_id=6622
time=2026-06-04T23:51:03.145+08:00 level=DEBUG msg="WordStore.GetRecord called" user_id=13 word_id=6647
time=2026-06-04T23:51:03.146+08:00 level=DEBUG msg="word_record not found" user_id=13 word_id=6647
time=2026-06-04T23:51:03.148+08:00 level=DEBUG msg="WordStore.GetRecord called" user_id=13 word_id=6667
time=2026-06-04T23:51:03.149+08:00 level=DEBUG msg="word_record not found" user_id=13 word_id=6667
time=2026-06-04T23:51:03.150+08:00 level=DEBUG msg="WordStore.GetRecord called" user_id=13 word_id=6672
time=2026-06-04T23:51:03.151+08:00 level=DEBUG msg="word_record not found" user_id=13 word_id=6672
time=2026-06-04T23:51:03.152+08:00 level=DEBUG msg="WordStore.GetRecord called" user_id=13 word_id=6680
time=2026-06-04T23:51:03.153+08:00 level=DEBUG msg="word_record not found" user_id=13 word_id=6680
time=2026-06-04T23:51:03.154+08:00 level=DEBUG msg="WordStore.GetRecord called" user_id=13 word_id=6682
time=2026-06-04T23:51:03.155+08:00 level=DEBUG msg="word_record not found" user_id=13 word_id=6682
time=2026-06-04T23:51:03.156+08:00 level=DEBUG msg="WordStore.GetRecord called" user_id=13 word_id=6686
time=2026-06-04T23:51:03.157+08:00 level=DEBUG msg="word_record not found" user_id=13 word_id=6686
time=2026-06-04T23:51:03.158+08:00 level=DEBUG msg="WordStore.GetRecord called" user_id=13 word_id=6692
time=2026-06-04T23:51:03.160+08:00 level=DEBUG msg="word_record not found" user_id=13 word_id=6692
time=2026-06-04T23:51:03.161+08:00 level=DEBUG msg="WordStore.GetRecord called" user_id=13 word_id=6694
time=2026-06-04T23:51:03.162+08:00 level=DEBUG msg="word_record not found" user_id=13 word_id=6694
time=2026-06-04T23:51:03.162+08:00 level=DEBUG msg="WordStore.GetRecord called" user_id=13 word_id=6697
time=2026-06-04T23:51:03.162+08:00 level=DEBUG msg="word_record not found" user_id=13 word_id=6697
time=2026-06-04T23:51:03.162+08:00 level=DEBUG msg="WordStore.GetRecord called" user_id=13 word_id=6706
time=2026-06-04T23:51:03.166+08:00 level=DEBUG msg="word_record not found" user_id=13 word_id=6706
time=2026-06-04T23:51:03.167+08:00 level=DEBUG msg="WordStore.GetRecord called" user_id=13 word_id=6721
time=2026-06-04T23:51:03.168+08:00 level=DEBUG msg="word_record not found" user_id=13 word_id=6721
time=2026-06-04T23:51:03.169+08:00 level=DEBUG msg="WordStore.GetRecord called" user_id=13 word_id=6730
time=2026-06-04T23:51:03.170+08:00 level=DEBUG msg="word_record not found" user_id=13 word_id=6730
time=2026-06-04T23:51:03.171+08:00 level=DEBUG msg="WordStore.GetRecord called" user_id=13 word_id=6752
time=2026-06-04T23:51:03.173+08:00 level=DEBUG msg="word_record not found" user_id=13 word_id=6752
time=2026-06-04T23:51:03.173+08:00 level=DEBUG msg="WordStore.GetRecord called" user_id=13 word_id=6764
time=2026-06-04T23:51:03.174+08:00 level=DEBUG msg="word_record not found" user_id=13 word_id=6764
time=2026-06-04T23:51:03.175+08:00 level=DEBUG msg="WordStore.GetRecord called" user_id=13 word_id=6771
time=2026-06-04T23:51:03.176+08:00 level=DEBUG msg="word_record not found" user_id=13 word_id=6771
time=2026-06-04T23:51:03.177+08:00 level=DEBUG msg="WordStore.GetRecord called" user_id=13 word_id=6778
time=2026-06-04T23:51:03.178+08:00 level=DEBUG msg="word_record not found" user_id=13 word_id=6778
time=2026-06-04T23:51:03.178+08:00 level=DEBUG msg="WordStore.GetRecord called" user_id=13 word_id=6791
time=2026-06-04T23:51:03.181+08:00 level=DEBUG msg="word_record not found" user_id=13 word_id=6791
time=2026-06-04T23:51:03.182+08:00 level=DEBUG msg="WordStore.GetRecord called" user_id=13 word_id=6803
time=2026-06-04T23:51:03.183+08:00 level=DEBUG msg="word_record not found" user_id=13 word_id=6803
time=2026-06-04T23:51:03.184+08:00 level=DEBUG msg="WordStore.GetRecord called" user_id=13 word_id=6804
time=2026-06-04T23:51:03.185+08:00 level=DEBUG msg="word_record not found" user_id=13 word_id=6804
time=2026-06-04T23:51:03.186+08:00 level=DEBUG msg="WordStore.GetRecord called" user_id=13 word_id=6825
time=2026-06-04T23:51:03.187+08:00 level=DEBUG msg="word_record not found" user_id=13 word_id=6825
time=2026-06-04T23:51:03.188+08:00 level=DEBUG msg="WordService.GetReviewQueue done" user_id=13 count=114
time=2026-06-04T23:51:03.189+08:00 level=DEBUG msg="UserStore.GetDailyGoals called" user_id=13
time=2026-06-04T23:51:03.190+08:00 level=DEBUG msg="UserStore.GetDailyGoals done" user_id=13
time=2026-06-04T23:51:03.522+08:00 level=DEBUG msg="WordService.GetReviewQueue called" user_id=13 level=N5
time=2026-06-04T23:51:03.790+08:00 level=DEBUG msg="WordStoreAdapter.ListDueRecords called" user_id=13
time=2026-06-04T23:51:03.796+08:00 level=DEBUG msg="WordStore.ListDueRecords called" user_id=13 limit=200
time=2026-06-04T23:51:03.804+08:00 level=DEBUG msg="WordStore.ListDueRecords done" user_id=13 count=0
time=2026-06-04T23:51:03.811+08:00 level=DEBUG msg="WordStoreAdapter.ListByLevel called" level=N5
time=2026-06-04T23:51:03.817+08:00 level=DEBUG msg="WordStore.ListByLevel called" level=N5 page=1 size=10000
time=2026-06-04T23:51:03.865+08:00 level=DEBUG msg="WordStore.ListByLevel done" level=N5 count=114 total=114
time=2026-06-04T23:51:03.896+08:00 level=DEBUG msg="WordStore.GetRecord called" user_id=13 word_id=2472
time=2026-06-04T23:51:03.935+08:00 level=DEBUG msg="word_record not found" user_id=13 word_id=2472
time=2026-06-04T23:51:03.968+08:00 level=DEBUG msg="WordStore.GetRecord called" user_id=13 word_id=2482
time=2026-06-04T23:51:04.004+08:00 level=DEBUG msg="word_record not found" user_id=13 word_id=2482
time=2026-06-04T23:51:04.023+08:00 level=DEBUG msg="WordStore.GetRecord called" user_id=13 word_id=2641
time=2026-06-04T23:51:04.062+08:00 level=DEBUG msg="word_record not found" user_id=13 word_id=2641
time=2026-06-04T23:51:04.092+08:00 level=DEBUG msg="WordStore.GetRecord called" user_id=13 word_id=2642
time=2026-06-04T23:51:04.123+08:00 level=DEBUG msg="word_record not found" user_id=13 word_id=2642
time=2026-06-04T23:51:04.142+08:00 level=DEBUG msg="WordStore.GetRecord called" user_id=13 word_id=2643
time=2026-06-04T23:51:04.165+08:00 level=DEBUG msg="word_record not found" user_id=13 word_id=2643
time=2026-06-04T23:51:04.186+08:00 level=DEBUG msg="WordStore.GetRecord called" user_id=13 word_id=2644
time=2026-06-04T23:51:04.507+08:00 level=DEBUG msg="UserService.GetStats called" user_id=13
time=2026-06-04T23:51:04.578+08:00 level=DEBUG msg="UserStore.GetStats called" user_id=13
time=2026-06-04T23:51:04.571+08:00 level=DEBUG msg="word_record not found" user_id=13 word_id=2644
time=2026-06-04T23:51:04.583+08:00 level=DEBUG msg="UserStore.GetStats done" user_id=13
time=2026-06-04T23:51:04.587+08:00 level=DEBUG msg="WordStore.GetRecord called" user_id=13 word_id=2645
time=2026-06-04T23:51:04.596+08:00 level=DEBUG msg="word_record not found" user_id=13 word_id=2645
time=2026-06-04T23:51:04.600+08:00 level=DEBUG msg="WordStore.GetRecord called" user_id=13 word_id=2646
time=2026-06-04T23:51:04.606+08:00 level=DEBUG msg="word_record not found" user_id=13 word_id=2646
time=2026-06-04T23:51:04.610+08:00 level=DEBUG msg="WordStore.GetRecord called" user_id=13 word_id=2647
time=2026-06-04T23:51:04.615+08:00 level=DEBUG msg="word_record not found" user_id=13 word_id=2647
time=2026-06-04T23:51:04.616+08:00 level=DEBUG msg="WordStore.GetRecord called" user_id=13 word_id=2648
time=2026-06-04T23:51:04.623+08:00 level=DEBUG msg="word_record not found" user_id=13 word_id=2648
time=2026-06-04T23:51:04.623+08:00 level=DEBUG msg="WordStore.GetRecord called" user_id=13 word_id=2649
time=2026-06-04T23:51:04.628+08:00 level=DEBUG msg="word_record not found" user_id=13 word_id=2649
time=2026-06-04T23:51:04.630+08:00 level=DEBUG msg="WordStore.GetRecord called" user_id=13 word_id=2650
time=2026-06-04T23:51:04.632+08:00 level=DEBUG msg="word_record not found" user_id=13 word_id=2650
time=2026-06-04T23:51:04.635+08:00 level=DEBUG msg="WordStore.GetRecord called" user_id=13 word_id=2651
time=2026-06-04T23:51:04.636+08:00 level=DEBUG msg="word_record not found" user_id=13 word_id=2651
time=2026-06-04T23:51:04.637+08:00 level=DEBUG msg="WordStore.GetRecord called" user_id=13 word_id=2652
time=2026-06-04T23:51:04.638+08:00 level=DEBUG msg="word_record not found" user_id=13 word_id=2652
time=2026-06-04T23:51:04.641+08:00 level=DEBUG msg="WordStore.GetRecord called" user_id=13 word_id=2653
time=2026-06-04T23:51:04.642+08:00 level=DEBUG msg="word_record not found" user_id=13 word_id=2653
time=2026-06-04T23:51:04.643+08:00 level=DEBUG msg="WordStore.GetRecord called" user_id=13 word_id=2654
time=2026-06-04T23:51:04.644+08:00 level=DEBUG msg="word_record not found" user_id=13 word_id=2654
time=2026-06-04T23:51:04.646+08:00 level=DEBUG msg="WordStore.GetRecord called" user_id=13 word_id=2655
time=2026-06-04T23:51:04.648+08:00 level=DEBUG msg="word_record not found" user_id=13 word_id=2655
time=2026-06-04T23:51:04.651+08:00 level=DEBUG msg="WordStore.GetRecord called" user_id=13 word_id=2656
time=2026-06-04T23:51:04.653+08:00 level=DEBUG msg="word_record not found" user_id=13 word_id=2656
time=2026-06-04T23:51:04.655+08:00 level=DEBUG msg="WordStore.GetRecord called" user_id=13 word_id=2657
time=2026-06-04T23:51:04.657+08:00 level=DEBUG msg="word_record not found" user_id=13 word_id=2657
time=2026-06-04T23:51:04.660+08:00 level=DEBUG msg="WordStore.GetRecord called" user_id=13 word_id=2658
time=2026-06-04T23:51:04.661+08:00 level=DEBUG msg="word_record not found" user_id=13 word_id=2658
time=2026-06-04T23:51:04.663+08:00 level=DEBUG msg="WordStore.GetRecord called" user_id=13 word_id=2659
time=2026-06-04T23:51:04.664+08:00 level=DEBUG msg="word_record not found" user_id=13 word_id=2659
time=2026-06-04T23:51:04.666+08:00 level=DEBUG msg="WordStore.GetRecord called" user_id=13 word_id=2660
time=2026-06-04T23:51:04.667+08:00 level=DEBUG msg="word_record not found" user_id=13 word_id=2660
time=2026-06-04T23:51:04.669+08:00 level=DEBUG msg="WordStore.GetRecord called" user_id=13 word_id=2661
time=2026-06-04T23:51:04.671+08:00 level=DEBUG msg="word_record not found" user_id=13 word_id=2661
time=2026-06-04T23:51:04.674+08:00 level=DEBUG msg="WordStore.GetRecord called" user_id=13 word_id=2662
time=2026-06-04T23:51:04.675+08:00 level=DEBUG msg="word_record not found" user_id=13 word_id=2662
time=2026-06-04T23:51:04.677+08:00 level=DEBUG msg="WordStore.GetRecord called" user_id=13 word_id=2663
time=2026-06-04T23:51:04.679+08:00 level=DEBUG msg="word_record not found" user_id=13 word_id=2663
time=2026-06-04T23:51:04.680+08:00 level=DEBUG msg="WordStore.GetRecord called" user_id=13 word_id=2664
time=2026-06-04T23:51:04.682+08:00 level=DEBUG msg="word_record not found" user_id=13 word_id=2664
time=2026-06-04T23:51:04.683+08:00 level=DEBUG msg="WordStore.GetRecord called" user_id=13 word_id=2665
time=2026-06-04T23:51:04.685+08:00 level=DEBUG msg="word_record not found" user_id=13 word_id=2665
time=2026-06-04T23:51:04.686+08:00 level=DEBUG msg="WordStore.GetRecord called" user_id=13 word_id=2666
time=2026-06-04T23:51:04.688+08:00 level=DEBUG msg="word_record not found" user_id=13 word_id=2666
time=2026-06-04T23:51:04.690+08:00 level=DEBUG msg="WordStore.GetRecord called" user_id=13 word_id=2667
time=2026-06-04T23:51:04.692+08:00 level=DEBUG msg="word_record not found" user_id=13 word_id=2667
time=2026-06-04T23:51:04.693+08:00 level=DEBUG msg="WordStore.GetRecord called" user_id=13 word_id=2668
time=2026-06-04T23:51:04.695+08:00 level=DEBUG msg="word_record not found" user_id=13 word_id=2668
time=2026-06-04T23:51:04.696+08:00 level=DEBUG msg="WordStore.GetRecord called" user_id=13 word_id=2669
time=2026-06-04T23:51:04.696+08:00 level=DEBUG msg="word_record not found" user_id=13 word_id=2669
time=2026-06-04T23:51:04.698+08:00 level=DEBUG msg="WordStore.GetRecord called" user_id=13 word_id=2670
time=2026-06-04T23:51:04.698+08:00 level=DEBUG msg="word_record not found" user_id=13 word_id=2670
time=2026-06-04T23:51:04.698+08:00 level=DEBUG msg="WordStore.GetRecord called" user_id=13 word_id=2671
time=2026-06-04T23:51:04.701+08:00 level=DEBUG msg="word_record not found" user_id=13 word_id=2671
time=2026-06-04T23:51:04.701+08:00 level=DEBUG msg="WordStore.GetRecord called" user_id=13 word_id=2672
time=2026-06-04T23:51:04.701+08:00 level=DEBUG msg="word_record not found" user_id=13 word_id=2672
time=2026-06-04T23:51:04.705+08:00 level=DEBUG msg="WordStore.GetRecord called" user_id=13 word_id=2673
time=2026-06-04T23:51:04.708+08:00 level=DEBUG msg="word_record not found" user_id=13 word_id=2673
time=2026-06-04T23:51:04.708+08:00 level=DEBUG msg="WordStore.GetRecord called" user_id=13 word_id=2674
time=2026-06-04T23:51:04.710+08:00 level=DEBUG msg="word_record not found" user_id=13 word_id=2674
time=2026-06-04T23:51:04.710+08:00 level=DEBUG msg="WordStore.GetRecord called" user_id=13 word_id=2675
time=2026-06-04T23:51:04.711+08:00 level=DEBUG msg="word_record not found" user_id=13 word_id=2675
time=2026-06-04T23:51:04.712+08:00 level=DEBUG msg="WordStore.GetRecord called" user_id=13 word_id=2676
time=2026-06-04T23:51:04.713+08:00 level=DEBUG msg="word_record not found" user_id=13 word_id=2676
time=2026-06-04T23:51:04.714+08:00 level=DEBUG msg="WordStore.GetRecord called" user_id=13 word_id=2677
time=2026-06-04T23:51:04.715+08:00 level=DEBUG msg="word_record not found" user_id=13 word_id=2677
time=2026-06-04T23:51:04.715+08:00 level=DEBUG msg="WordStore.GetRecord called" user_id=13 word_id=2678
time=2026-06-04T23:51:04.718+08:00 level=DEBUG msg="word_record not found" user_id=13 word_id=2678
time=2026-06-04T23:51:04.718+08:00 level=DEBUG msg="WordStore.GetRecord called" user_id=13 word_id=2679
time=2026-06-04T23:51:04.719+08:00 level=DEBUG msg="word_record not found" user_id=13 word_id=2679
time=2026-06-04T23:51:04.721+08:00 level=DEBUG msg="WordStore.GetRecord called" user_id=13 word_id=2680
time=2026-06-04T23:51:04.723+08:00 level=DEBUG msg="word_record not found" user_id=13 word_id=2680
time=2026-06-04T23:51:04.907+08:00 level=DEBUG msg="UserService.GetStats called" user_id=13
time=2026-06-04T23:51:04.972+08:00 level=DEBUG msg="WordStore.GetRecord called" user_id=13 word_id=2681
time=2026-06-04T23:51:04.978+08:00 level=DEBUG msg="UserStore.GetStats called" user_id=13
time=2026-06-04T23:51:04.988+08:00 level=DEBUG msg="word_record not found" user_id=13 word_id=2681
time=2026-06-04T23:51:04.993+08:00 level=DEBUG msg="UserStore.GetStats done" user_id=13
time=2026-06-04T23:51:04.999+08:00 level=DEBUG msg="WordStore.GetRecord called" user_id=13 word_id=2682
time=2026-06-04T23:51:05.023+08:00 level=DEBUG msg="word_record not found" user_id=13 word_id=2682
time=2026-06-04T23:51:05.041+08:00 level=DEBUG msg="WordStore.GetRecord called" user_id=13 word_id=2683
time=2026-06-04T23:51:05.068+08:00 level=DEBUG msg="word_record not found" user_id=13 word_id=2683
time=2026-06-04T23:51:05.089+08:00 level=DEBUG msg="WordStore.GetRecord called" user_id=13 word_id=2684
time=2026-06-04T23:51:05.107+08:00 level=DEBUG msg="word_record not found" user_id=13 word_id=2684
time=2026-06-04T23:51:05.126+08:00 level=DEBUG msg="WordStore.GetRecord called" user_id=13 word_id=2686
time=2026-06-04T23:51:05.147+08:00 level=DEBUG msg="word_record not found" user_id=13 word_id=2686
time=2026-06-04T23:51:05.161+08:00 level=DEBUG msg="WordStore.GetRecord called" user_id=13 word_id=2687
time=2026-06-04T23:51:05.195+08:00 level=DEBUG msg="word_record not found" user_id=13 word_id=2687
time=2026-06-04T23:51:05.223+08:00 level=DEBUG msg="WordStore.GetRecord called" user_id=13 word_id=2688
time=2026-06-04T23:51:05.257+08:00 level=DEBUG msg="word_record not found" user_id=13 word_id=2688
time=2026-06-04T23:51:05.278+08:00 level=DEBUG msg="WordStore.GetRecord called" user_id=13 word_id=2689
time=2026-06-04T23:51:05.300+08:00 level=DEBUG msg="word_record not found" user_id=13 word_id=2689
time=2026-06-04T23:51:05.327+08:00 level=DEBUG msg="WordStore.GetRecord called" user_id=13 word_id=2690
time=2026-06-04T23:51:05.353+08:00 level=DEBUG msg="word_record not found" user_id=13 word_id=2690
time=2026-06-04T23:51:05.381+08:00 level=DEBUG msg="WordStore.GetRecord called" user_id=13 word_id=2691
time=2026-06-04T23:51:05.398+08:00 level=DEBUG msg="word_record not found" user_id=13 word_id=2691
time=2026-06-04T23:51:05.410+08:00 level=DEBUG msg="WordStore.GetRecord called" user_id=13 word_id=2692
time=2026-06-04T23:51:05.453+08:00 level=DEBUG msg="word_record not found" user_id=13 word_id=2692
time=2026-06-04T23:51:05.482+08:00 level=DEBUG msg="WordStore.GetRecord called" user_id=13 word_id=2693
time=2026-06-04T23:51:05.495+08:00 level=DEBUG msg="word_record not found" user_id=13 word_id=2693
time=2026-06-04T23:51:05.496+08:00 level=DEBUG msg="WordStore.GetRecord called" user_id=13 word_id=2694
time=2026-06-04T23:51:05.498+08:00 level=DEBUG msg="word_record not found" user_id=13 word_id=2694
time=2026-06-04T23:51:05.500+08:00 level=DEBUG msg="WordStore.GetRecord called" user_id=13 word_id=2695
time=2026-06-04T23:51:05.503+08:00 level=DEBUG msg="word_record not found" user_id=13 word_id=2695
time=2026-06-04T23:51:05.506+08:00 level=DEBUG msg="WordStore.GetRecord called" user_id=13 word_id=2696
time=2026-06-04T23:51:05.507+08:00 level=DEBUG msg="word_record not found" user_id=13 word_id=2696
time=2026-06-04T23:51:05.508+08:00 level=DEBUG msg="WordStore.GetRecord called" user_id=13 word_id=2697
time=2026-06-04T23:51:05.511+08:00 level=DEBUG msg="word_record not found" user_id=13 word_id=2697
time=2026-06-04T23:51:05.512+08:00 level=DEBUG msg="WordStore.GetRecord called" user_id=13 word_id=2698
time=2026-06-04T23:51:05.513+08:00 level=DEBUG msg="word_record not found" user_id=13 word_id=2698
time=2026-06-04T23:51:05.516+08:00 level=DEBUG msg="WordStore.GetRecord called" user_id=13 word_id=2699
time=2026-06-04T23:51:05.519+08:00 level=DEBUG msg="word_record not found" user_id=13 word_id=2699
time=2026-06-04T23:51:05.521+08:00 level=DEBUG msg="WordStore.GetRecord called" user_id=13 word_id=2700
time=2026-06-04T23:51:05.523+08:00 level=DEBUG msg="word_record not found" user_id=13 word_id=2700
time=2026-06-04T23:51:05.525+08:00 level=DEBUG msg="WordStore.GetRecord called" user_id=13 word_id=4006
time=2026-06-04T23:51:05.527+08:00 level=DEBUG msg="word_record not found" user_id=13 word_id=4006
time=2026-06-04T23:51:05.529+08:00 level=DEBUG msg="WordStore.GetRecord called" user_id=13 word_id=4012
time=2026-06-04T23:51:05.531+08:00 level=DEBUG msg="word_record not found" user_id=13 word_id=4012
time=2026-06-04T23:51:05.533+08:00 level=DEBUG msg="WordStore.GetRecord called" user_id=13 word_id=4048
time=2026-06-04T23:51:05.534+08:00 level=DEBUG msg="word_record not found" user_id=13 word_id=4048
time=2026-06-04T23:51:05.536+08:00 level=DEBUG msg="WordStore.GetRecord called" user_id=13 word_id=4072
time=2026-06-04T23:51:05.538+08:00 level=DEBUG msg="word_record not found" user_id=13 word_id=4072
time=2026-06-04T23:51:05.541+08:00 level=DEBUG msg="WordStore.GetRecord called" user_id=13 word_id=4081
time=2026-06-04T23:51:05.542+08:00 level=DEBUG msg="word_record not found" user_id=13 word_id=4081
time=2026-06-04T23:51:05.543+08:00 level=DEBUG msg="WordStore.GetRecord called" user_id=13 word_id=4134
time=2026-06-04T23:51:05.544+08:00 level=DEBUG msg="word_record not found" user_id=13 word_id=4134
time=2026-06-04T23:51:05.545+08:00 level=DEBUG msg="WordStore.GetRecord called" user_id=13 word_id=4147
time=2026-06-04T23:51:05.546+08:00 level=DEBUG msg="word_record not found" user_id=13 word_id=4147
time=2026-06-04T23:51:05.547+08:00 level=DEBUG msg="WordStore.GetRecord called" user_id=13 word_id=6511
time=2026-06-04T23:51:05.549+08:00 level=DEBUG msg="word_record not found" user_id=13 word_id=6511
time=2026-06-04T23:51:05.550+08:00 level=DEBUG msg="WordStore.GetRecord called" user_id=13 word_id=6519
time=2026-06-04T23:51:05.551+08:00 level=DEBUG msg="word_record not found" user_id=13 word_id=6519
time=2026-06-04T23:51:05.552+08:00 level=DEBUG msg="WordStore.GetRecord called" user_id=13 word_id=6520
time=2026-06-04T23:51:05.553+08:00 level=DEBUG msg="word_record not found" user_id=13 word_id=6520
time=2026-06-04T23:51:05.554+08:00 level=DEBUG msg="WordStore.GetRecord called" user_id=13 word_id=6525
time=2026-06-04T23:51:05.556+08:00 level=DEBUG msg="word_record not found" user_id=13 word_id=6525
time=2026-06-04T23:51:05.557+08:00 level=DEBUG msg="WordStore.GetRecord called" user_id=13 word_id=6526
time=2026-06-04T23:51:05.558+08:00 level=DEBUG msg="word_record not found" user_id=13 word_id=6526
time=2026-06-04T23:51:05.559+08:00 level=DEBUG msg="WordStore.GetRecord called" user_id=13 word_id=6530
time=2026-06-04T23:51:05.561+08:00 level=DEBUG msg="word_record not found" user_id=13 word_id=6530
time=2026-06-04T23:51:05.564+08:00 level=DEBUG msg="WordStore.GetRecord called" user_id=13 word_id=6531
time=2026-06-04T23:51:05.564+08:00 level=DEBUG msg="word_record not found" user_id=13 word_id=6531
time=2026-06-04T23:51:05.567+08:00 level=DEBUG msg="WordStore.GetRecord called" user_id=13 word_id=6532
time=2026-06-04T23:51:05.569+08:00 level=DEBUG msg="word_record not found" user_id=13 word_id=6532
time=2026-06-04T23:51:05.571+08:00 level=DEBUG msg="WordStore.GetRecord called" user_id=13 word_id=6538
time=2026-06-04T23:51:05.573+08:00 level=DEBUG msg="word_record not found" user_id=13 word_id=6538
time=2026-06-04T23:51:05.574+08:00 level=DEBUG msg="WordStore.GetRecord called" user_id=13 word_id=6539
time=2026-06-04T23:51:05.576+08:00 level=DEBUG msg="word_record not found" user_id=13 word_id=6539
time=2026-06-04T23:51:05.579+08:00 level=DEBUG msg="WordStore.GetRecord called" user_id=13 word_id=6541
time=2026-06-04T23:51:05.579+08:00 level=DEBUG msg="word_record not found" user_id=13 word_id=6541
time=2026-06-04T23:51:05.580+08:00 level=DEBUG msg="WordStore.GetRecord called" user_id=13 word_id=6542
time=2026-06-04T23:51:05.580+08:00 level=DEBUG msg="word_record not found" user_id=13 word_id=6542
time=2026-06-04T23:51:05.583+08:00 level=DEBUG msg="WordStore.GetRecord called" user_id=13 word_id=6553
time=2026-06-04T23:51:05.584+08:00 level=DEBUG msg="word_record not found" user_id=13 word_id=6553
time=2026-06-04T23:51:05.585+08:00 level=DEBUG msg="WordStore.GetRecord called" user_id=13 word_id=6554
time=2026-06-04T23:51:05.586+08:00 level=DEBUG msg="word_record not found" user_id=13 word_id=6554
time=2026-06-04T23:51:05.588+08:00 level=DEBUG msg="WordStore.GetRecord called" user_id=13 word_id=6564
time=2026-06-04T23:51:05.590+08:00 level=DEBUG msg="word_record not found" user_id=13 word_id=6564
time=2026-06-04T23:51:05.591+08:00 level=DEBUG msg="WordStore.GetRecord called" user_id=13 word_id=6579
time=2026-06-04T23:51:05.592+08:00 level=DEBUG msg="word_record not found" user_id=13 word_id=6579
time=2026-06-04T23:51:05.594+08:00 level=DEBUG msg="WordStore.GetRecord called" user_id=13 word_id=6584
time=2026-06-04T23:51:05.595+08:00 level=DEBUG msg="word_record not found" user_id=13 word_id=6584
time=2026-06-04T23:51:05.597+08:00 level=DEBUG msg="WordStore.GetRecord called" user_id=13 word_id=6594
time=2026-06-04T23:51:05.599+08:00 level=DEBUG msg="word_record not found" user_id=13 word_id=6594
time=2026-06-04T23:51:05.600+08:00 level=DEBUG msg="WordStore.GetRecord called" user_id=13 word_id=6597
time=2026-06-04T23:51:05.603+08:00 level=DEBUG msg="word_record not found" user_id=13 word_id=6597
time=2026-06-04T23:51:05.604+08:00 level=DEBUG msg="WordStore.GetRecord called" user_id=13 word_id=6598
time=2026-06-04T23:51:05.605+08:00 level=DEBUG msg="word_record not found" user_id=13 word_id=6598
time=2026-06-04T23:51:05.606+08:00 level=DEBUG msg="WordStore.GetRecord called" user_id=13 word_id=6599
time=2026-06-04T23:51:05.607+08:00 level=DEBUG msg="word_record not found" user_id=13 word_id=6599
time=2026-06-04T23:51:05.607+08:00 level=DEBUG msg="WordStore.GetRecord called" user_id=13 word_id=6602
time=2026-06-04T23:51:05.609+08:00 level=DEBUG msg="word_record not found" user_id=13 word_id=6602
time=2026-06-04T23:51:05.609+08:00 level=DEBUG msg="WordStore.GetRecord called" user_id=13 word_id=6603
time=2026-06-04T23:51:05.610+08:00 level=DEBUG msg="word_record not found" user_id=13 word_id=6603
time=2026-06-04T23:51:05.611+08:00 level=DEBUG msg="WordStore.GetRecord called" user_id=13 word_id=6606
time=2026-06-04T23:51:05.612+08:00 level=DEBUG msg="word_record not found" user_id=13 word_id=6606
time=2026-06-04T23:51:05.613+08:00 level=DEBUG msg="WordStore.GetRecord called" user_id=13 word_id=6613
time=2026-06-04T23:51:05.614+08:00 level=DEBUG msg="word_record not found" user_id=13 word_id=6613
time=2026-06-04T23:51:05.616+08:00 level=DEBUG msg="WordStore.GetRecord called" user_id=13 word_id=6622
time=2026-06-04T23:51:05.617+08:00 level=DEBUG msg="word_record not found" user_id=13 word_id=6622
time=2026-06-04T23:51:05.618+08:00 level=DEBUG msg="WordStore.GetRecord called" user_id=13 word_id=6647
time=2026-06-04T23:51:05.619+08:00 level=DEBUG msg="word_record not found" user_id=13 word_id=6647
time=2026-06-04T23:51:05.620+08:00 level=DEBUG msg="WordStore.GetRecord called" user_id=13 word_id=6667
time=2026-06-04T23:51:05.621+08:00 level=DEBUG msg="word_record not found" user_id=13 word_id=6667
time=2026-06-04T23:51:05.622+08:00 level=DEBUG msg="WordStore.GetRecord called" user_id=13 word_id=6672
time=2026-06-04T23:51:05.623+08:00 level=DEBUG msg="word_record not found" user_id=13 word_id=6672
time=2026-06-04T23:51:05.624+08:00 level=DEBUG msg="WordStore.GetRecord called" user_id=13 word_id=6680
time=2026-06-04T23:51:05.625+08:00 level=DEBUG msg="word_record not found" user_id=13 word_id=6680
time=2026-06-04T23:51:05.626+08:00 level=DEBUG msg="WordStore.GetRecord called" user_id=13 word_id=6682
time=2026-06-04T23:51:05.627+08:00 level=DEBUG msg="word_record not found" user_id=13 word_id=6682
time=2026-06-04T23:51:05.628+08:00 level=DEBUG msg="WordStore.GetRecord called" user_id=13 word_id=6686
time=2026-06-04T23:51:05.629+08:00 level=DEBUG msg="word_record not found" user_id=13 word_id=6686
time=2026-06-04T23:51:05.630+08:00 level=DEBUG msg="WordStore.GetRecord called" user_id=13 word_id=6692
time=2026-06-04T23:51:05.631+08:00 level=DEBUG msg="word_record not found" user_id=13 word_id=6692
time=2026-06-04T23:51:05.633+08:00 level=DEBUG msg="WordStore.GetRecord called" user_id=13 word_id=6694
time=2026-06-04T23:51:05.633+08:00 level=DEBUG msg="word_record not found" user_id=13 word_id=6694
time=2026-06-04T23:51:05.633+08:00 level=DEBUG msg="WordStore.GetRecord called" user_id=13 word_id=6697
time=2026-06-04T23:51:05.636+08:00 level=DEBUG msg="word_record not found" user_id=13 word_id=6697
time=2026-06-04T23:51:05.636+08:00 level=DEBUG msg="WordStore.GetRecord called" user_id=13 word_id=6706
time=2026-06-04T23:51:05.636+08:00 level=DEBUG msg="word_record not found" user_id=13 word_id=6706
time=2026-06-04T23:51:05.639+08:00 level=DEBUG msg="WordStore.GetRecord called" user_id=13 word_id=6721
time=2026-06-04T23:51:05.640+08:00 level=DEBUG msg="word_record not found" user_id=13 word_id=6721
time=2026-06-04T23:51:05.641+08:00 level=DEBUG msg="WordStore.GetRecord called" user_id=13 word_id=6730
time=2026-06-04T23:51:05.642+08:00 level=DEBUG msg="word_record not found" user_id=13 word_id=6730
time=2026-06-04T23:51:05.644+08:00 level=DEBUG msg="WordStore.GetRecord called" user_id=13 word_id=6752
time=2026-06-04T23:51:05.645+08:00 level=DEBUG msg="word_record not found" user_id=13 word_id=6752
time=2026-06-04T23:51:05.645+08:00 level=DEBUG msg="WordStore.GetRecord called" user_id=13 word_id=6764
time=2026-06-04T23:51:05.647+08:00 level=DEBUG msg="word_record not found" user_id=13 word_id=6764
time=2026-06-04T23:51:05.647+08:00 level=DEBUG msg="WordStore.GetRecord called" user_id=13 word_id=6771
time=2026-06-04T23:51:05.648+08:00 level=DEBUG msg="word_record not found" user_id=13 word_id=6771
time=2026-06-04T23:51:05.649+08:00 level=DEBUG msg="WordStore.GetRecord called" user_id=13 word_id=6778
time=2026-06-04T23:51:05.650+08:00 level=DEBUG msg="word_record not found" user_id=13 word_id=6778
time=2026-06-04T23:51:05.651+08:00 level=DEBUG msg="WordStore.GetRecord called" user_id=13 word_id=6791
time=2026-06-04T23:51:05.652+08:00 level=DEBUG msg="word_record not found" user_id=13 word_id=6791
time=2026-06-04T23:51:05.653+08:00 level=DEBUG msg="WordStore.GetRecord called" user_id=13 word_id=6803
time=2026-06-04T23:51:05.655+08:00 level=DEBUG msg="word_record not found" user_id=13 word_id=6803
time=2026-06-04T23:51:05.657+08:00 level=DEBUG msg="WordStore.GetRecord called" user_id=13 word_id=6804
time=2026-06-04T23:51:05.657+08:00 level=DEBUG msg="word_record not found" user_id=13 word_id=6804
time=2026-06-04T23:51:05.658+08:00 level=DEBUG msg="WordStore.GetRecord called" user_id=13 word_id=6825
time=2026-06-04T23:51:05.659+08:00 level=DEBUG msg="word_record not found" user_id=13 word_id=6825
time=2026-06-04T23:51:05.661+08:00 level=DEBUG msg="WordService.GetReviewQueue done" user_id=13 count=114
time=2026-06-04T23:51:05.662+08:00 level=DEBUG msg="UserStore.GetDailyGoals called" user_id=13
time=2026-06-04T23:51:05.663+08:00 level=DEBUG msg="UserStore.GetDailyGoals done" user_id=13
time=2026-06-04T23:51:07.007+08:00 level=DEBUG msg="LessonService.ListSummaries called" level=N5
time=2026-06-04T23:51:07.356+08:00 level=DEBUG msg="LessonStore.ListSummaries called" level=N5 tag=""
time=2026-06-04T23:51:07.365+08:00 level=DEBUG msg="LessonStore.ListSummaries done" level=N5 tag="" count=10
time=2026-06-04T23:51:07.367+08:00 level=DEBUG msg="LessonService.ListSummaries done" level=N5 count=10
time=2026-06-04T23:51:07.373+08:00 level=DEBUG msg="LessonService.ListSummaries called" level=N5
time=2026-06-04T23:51:07.376+08:00 level=DEBUG msg="LessonStore.ListSummaries called" level=N5 tag=""
time=2026-06-04T23:51:07.379+08:00 level=DEBUG msg="LessonStore.ListSummaries done" level=N5 tag="" count=10
time=2026-06-04T23:51:07.381+08:00 level=DEBUG msg="LessonService.ListSummaries done" level=N5 count=10
time=2026-06-04T23:51:08.931+08:00 level=DEBUG msg="LessonService.GetDetail called" lesson_id=1
time=2026-06-04T23:51:10.315+08:00 level=DEBUG msg="LessonStore.GetDetail called" lesson_id=1
time=2026-06-04T23:51:10.317+08:00 level=DEBUG msg="LessonStore.GetDetail done" lesson_id=1 sentences=6
time=2026-06-04T23:51:10.318+08:00 level=DEBUG msg="LessonService.GetDetail done" lesson_id=1
time=2026-06-04T23:51:10.321+08:00 level=DEBUG msg="LessonService.GetDetail called" lesson_id=1
time=2026-06-04T23:51:10.323+08:00 level=DEBUG msg="LessonStore.GetDetail called" lesson_id=1
time=2026-06-04T23:51:10.325+08:00 level=DEBUG msg="LessonStore.GetDetail done" lesson_id=1 sentences=6
time=2026-06-04T23:51:10.325+08:00 level=DEBUG msg="LessonService.GetDetail done" lesson_id=1
time=2026-06-04T23:51:12.274+08:00 level=DEBUG msg="UserService.GetStats called" user_id=13
time=2026-06-04T23:51:12.316+08:00 level=DEBUG msg="UserStore.GetStats called" user_id=13
time=2026-06-04T23:51:12.357+08:00 level=DEBUG msg="UserStore.GetStats done" user_id=13
time=2026-06-04T23:51:12.527+08:00 level=DEBUG msg="UserService.GetStats called" user_id=13
time=2026-06-04T23:51:12.556+08:00 level=DEBUG msg="UserStore.GetStats called" user_id=13
time=2026-06-04T23:51:12.592+08:00 level=DEBUG msg="UserStore.GetStats done" user_id=13
time=2026-06-04T23:51:18.298+08:00 level=DEBUG msg="WordService.GetReviewQueue called" user_id=13 level=N5
time=2026-06-04T23:51:18.325+08:00 level=DEBUG msg="WordStoreAdapter.ListDueRecords called" user_id=13
time=2026-06-04T23:51:18.326+08:00 level=DEBUG msg="WordStore.ListDueRecords called" user_id=13 limit=200
time=2026-06-04T23:51:18.331+08:00 level=DEBUG msg="WordStore.ListDueRecords done" user_id=13 count=0
time=2026-06-04T23:51:18.333+08:00 level=DEBUG msg="WordStoreAdapter.ListByLevel called" level=N5
time=2026-06-04T23:51:18.333+08:00 level=DEBUG msg="WordStore.ListByLevel called" level=N5 page=1 size=10000
time=2026-06-04T23:51:18.336+08:00 level=DEBUG msg="WordStore.ListByLevel done" level=N5 count=114 total=114
time=2026-06-04T23:51:18.338+08:00 level=DEBUG msg="WordStore.GetRecord called" user_id=13 word_id=2472
time=2026-06-04T23:51:18.338+08:00 level=DEBUG msg="word_record not found" user_id=13 word_id=2472
time=2026-06-04T23:51:18.339+08:00 level=DEBUG msg="WordStore.GetRecord called" user_id=13 word_id=2482
time=2026-06-04T23:51:18.340+08:00 level=DEBUG msg="word_record not found" user_id=13 word_id=2482
time=2026-06-04T23:51:18.342+08:00 level=DEBUG msg="WordStore.GetRecord called" user_id=13 word_id=2641
time=2026-06-04T23:51:18.343+08:00 level=DEBUG msg="word_record not found" user_id=13 word_id=2641
time=2026-06-04T23:51:18.344+08:00 level=DEBUG msg="WordStore.GetRecord called" user_id=13 word_id=2642
time=2026-06-04T23:51:18.345+08:00 level=DEBUG msg="word_record not found" user_id=13 word_id=2642
time=2026-06-04T23:51:18.345+08:00 level=DEBUG msg="WordStore.GetRecord called" user_id=13 word_id=2643
time=2026-06-04T23:51:18.347+08:00 level=DEBUG msg="word_record not found" user_id=13 word_id=2643
time=2026-06-04T23:51:18.347+08:00 level=DEBUG msg="WordStore.GetRecord called" user_id=13 word_id=2644
time=2026-06-04T23:51:18.348+08:00 level=DEBUG msg="word_record not found" user_id=13 word_id=2644
time=2026-06-04T23:51:18.349+08:00 level=DEBUG msg="WordStore.GetRecord called" user_id=13 word_id=2645
time=2026-06-04T23:51:18.350+08:00 level=DEBUG msg="word_record not found" user_id=13 word_id=2645
time=2026-06-04T23:51:18.351+08:00 level=DEBUG msg="WordStore.GetRecord called" user_id=13 word_id=2646
time=2026-06-04T23:51:18.352+08:00 level=DEBUG msg="word_record not found" user_id=13 word_id=2646
time=2026-06-04T23:51:18.353+08:00 level=DEBUG msg="WordStore.GetRecord called" user_id=13 word_id=2647
time=2026-06-04T23:51:18.353+08:00 level=DEBUG msg="word_record not found" user_id=13 word_id=2647
time=2026-06-04T23:51:18.354+08:00 level=DEBUG msg="WordStore.GetRecord called" user_id=13 word_id=2648
time=2026-06-04T23:51:18.356+08:00 level=DEBUG msg="word_record not found" user_id=13 word_id=2648
time=2026-06-04T23:51:18.356+08:00 level=DEBUG msg="WordStore.GetRecord called" user_id=13 word_id=2649
time=2026-06-04T23:51:18.357+08:00 level=DEBUG msg="word_record not found" user_id=13 word_id=2649
time=2026-06-04T23:51:18.358+08:00 level=DEBUG msg="WordStore.GetRecord called" user_id=13 word_id=2650
time=2026-06-04T23:51:18.359+08:00 level=DEBUG msg="word_record not found" user_id=13 word_id=2650
time=2026-06-04T23:51:18.360+08:00 level=DEBUG msg="WordStore.GetRecord called" user_id=13 word_id=2651
time=2026-06-04T23:51:18.360+08:00 level=DEBUG msg="word_record not found" user_id=13 word_id=2651
time=2026-06-04T23:51:18.360+08:00 level=DEBUG msg="WordStore.GetRecord called" user_id=13 word_id=2652
time=2026-06-04T23:51:18.360+08:00 level=DEBUG msg="word_record not found" user_id=13 word_id=2652
time=2026-06-04T23:51:18.360+08:00 level=DEBUG msg="WordStore.GetRecord called" user_id=13 word_id=2653
time=2026-06-04T23:51:18.360+08:00 level=DEBUG msg="word_record not found" user_id=13 word_id=2653
time=2026-06-04T23:51:18.366+08:00 level=DEBUG msg="WordStore.GetRecord called" user_id=13 word_id=2654
time=2026-06-04T23:51:18.366+08:00 level=DEBUG msg="word_record not found" user_id=13 word_id=2654
time=2026-06-04T23:51:18.366+08:00 level=DEBUG msg="WordStore.GetRecord called" user_id=13 word_id=2655
time=2026-06-04T23:51:18.366+08:00 level=DEBUG msg="word_record not found" user_id=13 word_id=2655
time=2026-06-04T23:51:18.366+08:00 level=DEBUG msg="WordStore.GetRecord called" user_id=13 word_id=2656
time=2026-06-04T23:51:18.366+08:00 level=DEBUG msg="word_record not found" user_id=13 word_id=2656
time=2026-06-04T23:51:18.366+08:00 level=DEBUG msg="WordStore.GetRecord called" user_id=13 word_id=2657
time=2026-06-04T23:51:18.366+08:00 level=DEBUG msg="word_record not found" user_id=13 word_id=2657
time=2026-06-04T23:51:18.373+08:00 level=DEBUG msg="WordStore.GetRecord called" user_id=13 word_id=2658
time=2026-06-04T23:51:18.375+08:00 level=DEBUG msg="word_record not found" user_id=13 word_id=2658
time=2026-06-04T23:51:18.376+08:00 level=DEBUG msg="WordStore.GetRecord called" user_id=13 word_id=2659
time=2026-06-04T23:51:18.377+08:00 level=DEBUG msg="word_record not found" user_id=13 word_id=2659
time=2026-06-04T23:51:18.377+08:00 level=DEBUG msg="WordStore.GetRecord called" user_id=13 word_id=2660
time=2026-06-04T23:51:18.379+08:00 level=DEBUG msg="word_record not found" user_id=13 word_id=2660
time=2026-06-04T23:51:18.379+08:00 level=DEBUG msg="WordStore.GetRecord called" user_id=13 word_id=2661
time=2026-06-04T23:51:18.381+08:00 level=DEBUG msg="word_record not found" user_id=13 word_id=2661
time=2026-06-04T23:51:18.381+08:00 level=DEBUG msg="WordStore.GetRecord called" user_id=13 word_id=2662
time=2026-06-04T23:51:18.384+08:00 level=DEBUG msg="word_record not found" user_id=13 word_id=2662
time=2026-06-04T23:51:18.385+08:00 level=DEBUG msg="WordStore.GetRecord called" user_id=13 word_id=2663
time=2026-06-04T23:51:18.386+08:00 level=DEBUG msg="word_record not found" user_id=13 word_id=2663
time=2026-06-04T23:51:18.387+08:00 level=DEBUG msg="WordStore.GetRecord called" user_id=13 word_id=2664
time=2026-06-04T23:51:18.388+08:00 level=DEBUG msg="word_record not found" user_id=13 word_id=2664
time=2026-06-04T23:51:18.389+08:00 level=DEBUG msg="WordStore.GetRecord called" user_id=13 word_id=2665
time=2026-06-04T23:51:18.390+08:00 level=DEBUG msg="word_record not found" user_id=13 word_id=2665
time=2026-06-04T23:51:18.391+08:00 level=DEBUG msg="WordStore.GetRecord called" user_id=13 word_id=2666
time=2026-06-04T23:51:18.393+08:00 level=DEBUG msg="word_record not found" user_id=13 word_id=2666
time=2026-06-04T23:51:18.394+08:00 level=DEBUG msg="WordStore.GetRecord called" user_id=13 word_id=2667
time=2026-06-04T23:51:18.395+08:00 level=DEBUG msg="word_record not found" user_id=13 word_id=2667
time=2026-06-04T23:51:18.396+08:00 level=DEBUG msg="WordStore.GetRecord called" user_id=13 word_id=2668
time=2026-06-04T23:51:18.397+08:00 level=DEBUG msg="word_record not found" user_id=13 word_id=2668
time=2026-06-04T23:51:18.398+08:00 level=DEBUG msg="WordStore.GetRecord called" user_id=13 word_id=2669
time=2026-06-04T23:51:18.399+08:00 level=DEBUG msg="word_record not found" user_id=13 word_id=2669
time=2026-06-04T23:51:18.400+08:00 level=DEBUG msg="WordStore.GetRecord called" user_id=13 word_id=2670
time=2026-06-04T23:51:18.401+08:00 level=DEBUG msg="word_record not found" user_id=13 word_id=2670
time=2026-06-04T23:51:18.402+08:00 level=DEBUG msg="WordStore.GetRecord called" user_id=13 word_id=2671
time=2026-06-04T23:51:18.404+08:00 level=DEBUG msg="word_record not found" user_id=13 word_id=2671
time=2026-06-04T23:51:18.405+08:00 level=DEBUG msg="WordStore.GetRecord called" user_id=13 word_id=2672
time=2026-06-04T23:51:18.406+08:00 level=DEBUG msg="word_record not found" user_id=13 word_id=2672
time=2026-06-04T23:51:18.406+08:00 level=DEBUG msg="WordStore.GetRecord called" user_id=13 word_id=2673
time=2026-06-04T23:51:18.408+08:00 level=DEBUG msg="word_record not found" user_id=13 word_id=2673
time=2026-06-04T23:51:18.408+08:00 level=DEBUG msg="WordStore.GetRecord called" user_id=13 word_id=2674
time=2026-06-04T23:51:18.410+08:00 level=DEBUG msg="word_record not found" user_id=13 word_id=2674
time=2026-06-04T23:51:18.410+08:00 level=DEBUG msg="WordStore.GetRecord called" user_id=13 word_id=2675
time=2026-06-04T23:51:18.410+08:00 level=DEBUG msg="word_record not found" user_id=13 word_id=2675
time=2026-06-04T23:51:18.410+08:00 level=DEBUG msg="WordStore.GetRecord called" user_id=13 word_id=2676
time=2026-06-04T23:51:18.410+08:00 level=DEBUG msg="word_record not found" user_id=13 word_id=2676
time=2026-06-04T23:51:18.410+08:00 level=DEBUG msg="WordStore.GetRecord called" user_id=13 word_id=2677
time=2026-06-04T23:51:18.416+08:00 level=DEBUG msg="word_record not found" user_id=13 word_id=2677
time=2026-06-04T23:51:18.416+08:00 level=DEBUG msg="WordStore.GetRecord called" user_id=13 word_id=2678
time=2026-06-04T23:51:18.416+08:00 level=DEBUG msg="word_record not found" user_id=13 word_id=2678
time=2026-06-04T23:51:18.416+08:00 level=DEBUG msg="WordStore.GetRecord called" user_id=13 word_id=2679
time=2026-06-04T23:51:18.416+08:00 level=DEBUG msg="word_record not found" user_id=13 word_id=2679
time=2026-06-04T23:51:18.416+08:00 level=DEBUG msg="WordStore.GetRecord called" user_id=13 word_id=2680
time=2026-06-04T23:51:18.423+08:00 level=DEBUG msg="word_record not found" user_id=13 word_id=2680
time=2026-06-04T23:51:18.424+08:00 level=DEBUG msg="WordStore.GetRecord called" user_id=13 word_id=2681
time=2026-06-04T23:51:18.425+08:00 level=DEBUG msg="word_record not found" user_id=13 word_id=2681
time=2026-06-04T23:51:18.427+08:00 level=DEBUG msg="WordStore.GetRecord called" user_id=13 word_id=2682
time=2026-06-04T23:51:18.427+08:00 level=DEBUG msg="word_record not found" user_id=13 word_id=2682
time=2026-06-04T23:51:18.429+08:00 level=DEBUG msg="WordStore.GetRecord called" user_id=13 word_id=2683
time=2026-06-04T23:51:18.431+08:00 level=DEBUG msg="word_record not found" user_id=13 word_id=2683
time=2026-06-04T23:51:18.432+08:00 level=DEBUG msg="WordStore.GetRecord called" user_id=13 word_id=2684
time=2026-06-04T23:51:18.433+08:00 level=DEBUG msg="word_record not found" user_id=13 word_id=2684
time=2026-06-04T23:51:18.433+08:00 level=DEBUG msg="WordStore.GetRecord called" user_id=13 word_id=2686
time=2026-06-04T23:51:18.435+08:00 level=DEBUG msg="word_record not found" user_id=13 word_id=2686
time=2026-06-04T23:51:18.435+08:00 level=DEBUG msg="WordStore.GetRecord called" user_id=13 word_id=2687
time=2026-06-04T23:51:18.436+08:00 level=DEBUG msg="word_record not found" user_id=13 word_id=2687
time=2026-06-04T23:51:18.438+08:00 level=DEBUG msg="WordStore.GetRecord called" user_id=13 word_id=2688
time=2026-06-04T23:51:18.440+08:00 level=DEBUG msg="word_record not found" user_id=13 word_id=2688
time=2026-06-04T23:51:18.441+08:00 level=DEBUG msg="WordStore.GetRecord called" user_id=13 word_id=2689
time=2026-06-04T23:51:18.442+08:00 level=DEBUG msg="word_record not found" user_id=13 word_id=2689
time=2026-06-04T23:51:18.444+08:00 level=DEBUG msg="WordStore.GetRecord called" user_id=13 word_id=2690
time=2026-06-04T23:51:18.445+08:00 level=DEBUG msg="word_record not found" user_id=13 word_id=2690
time=2026-06-04T23:51:18.446+08:00 level=DEBUG msg="WordStore.GetRecord called" user_id=13 word_id=2691
time=2026-06-04T23:51:18.448+08:00 level=DEBUG msg="word_record not found" user_id=13 word_id=2691
time=2026-06-04T23:51:18.448+08:00 level=DEBUG msg="WordStore.GetRecord called" user_id=13 word_id=2692
time=2026-06-04T23:51:18.451+08:00 level=DEBUG msg="word_record not found" user_id=13 word_id=2692
time=2026-06-04T23:51:18.452+08:00 level=DEBUG msg="WordStore.GetRecord called" user_id=13 word_id=2693
time=2026-06-04T23:51:18.453+08:00 level=DEBUG msg="word_record not found" user_id=13 word_id=2693
time=2026-06-04T23:51:18.454+08:00 level=DEBUG msg="WordStore.GetRecord called" user_id=13 word_id=2694
time=2026-06-04T23:51:18.455+08:00 level=DEBUG msg="word_record not found" user_id=13 word_id=2694
time=2026-06-04T23:51:18.456+08:00 level=DEBUG msg="WordStore.GetRecord called" user_id=13 word_id=2695
time=2026-06-04T23:51:18.457+08:00 level=DEBUG msg="word_record not found" user_id=13 word_id=2695
time=2026-06-04T23:51:18.458+08:00 level=DEBUG msg="WordStore.GetRecord called" user_id=13 word_id=2696
time=2026-06-04T23:51:18.459+08:00 level=DEBUG msg="word_record not found" user_id=13 word_id=2696
time=2026-06-04T23:51:18.461+08:00 level=DEBUG msg="WordStore.GetRecord called" user_id=13 word_id=2697
time=2026-06-04T23:51:18.462+08:00 level=DEBUG msg="word_record not found" user_id=13 word_id=2697
time=2026-06-04T23:51:18.463+08:00 level=DEBUG msg="WordStore.GetRecord called" user_id=13 word_id=2698
time=2026-06-04T23:51:18.464+08:00 level=DEBUG msg="word_record not found" user_id=13 word_id=2698
time=2026-06-04T23:51:18.465+08:00 level=DEBUG msg="WordStore.GetRecord called" user_id=13 word_id=2699
time=2026-06-04T23:51:18.467+08:00 level=DEBUG msg="word_record not found" user_id=13 word_id=2699
time=2026-06-04T23:51:18.469+08:00 level=DEBUG msg="WordStore.GetRecord called" user_id=13 word_id=2700
time=2026-06-04T23:51:18.469+08:00 level=DEBUG msg="word_record not found" user_id=13 word_id=2700
time=2026-06-04T23:51:18.472+08:00 level=DEBUG msg="WordStore.GetRecord called" user_id=13 word_id=4006
time=2026-06-04T23:51:18.473+08:00 level=DEBUG msg="word_record not found" user_id=13 word_id=4006
time=2026-06-04T23:51:18.475+08:00 level=DEBUG msg="WordStore.GetRecord called" user_id=13 word_id=4012
time=2026-06-04T23:51:18.476+08:00 level=DEBUG msg="word_record not found" user_id=13 word_id=4012
time=2026-06-04T23:51:18.477+08:00 level=DEBUG msg="WordStore.GetRecord called" user_id=13 word_id=4048
time=2026-06-04T23:51:18.478+08:00 level=DEBUG msg="word_record not found" user_id=13 word_id=4048
time=2026-06-04T23:51:18.479+08:00 level=DEBUG msg="WordStore.GetRecord called" user_id=13 word_id=4072
time=2026-06-04T23:51:18.480+08:00 level=DEBUG msg="word_record not found" user_id=13 word_id=4072
time=2026-06-04T23:51:18.482+08:00 level=DEBUG msg="WordStore.GetRecord called" user_id=13 word_id=4081
time=2026-06-04T23:51:18.483+08:00 level=DEBUG msg="word_record not found" user_id=13 word_id=4081
time=2026-06-04T23:51:18.485+08:00 level=DEBUG msg="WordStore.GetRecord called" user_id=13 word_id=4134
time=2026-06-04T23:51:18.485+08:00 level=DEBUG msg="word_record not found" user_id=13 word_id=4134
time=2026-06-04T23:51:18.486+08:00 level=DEBUG msg="WordStore.GetRecord called" user_id=13 word_id=4147
time=2026-06-04T23:51:18.488+08:00 level=DEBUG msg="word_record not found" user_id=13 word_id=4147
time=2026-06-04T23:51:18.488+08:00 level=DEBUG msg="WordStore.GetRecord called" user_id=13 word_id=6511
time=2026-06-04T23:51:18.490+08:00 level=DEBUG msg="word_record not found" user_id=13 word_id=6511
time=2026-06-04T23:51:18.491+08:00 level=DEBUG msg="WordStore.GetRecord called" user_id=13 word_id=6519
time=2026-06-04T23:51:18.493+08:00 level=DEBUG msg="word_record not found" user_id=13 word_id=6519
time=2026-06-04T23:51:18.494+08:00 level=DEBUG msg="WordStore.GetRecord called" user_id=13 word_id=6520
time=2026-06-04T23:51:18.495+08:00 level=DEBUG msg="word_record not found" user_id=13 word_id=6520
time=2026-06-04T23:51:18.496+08:00 level=DEBUG msg="WordStore.GetRecord called" user_id=13 word_id=6525
time=2026-06-04T23:51:18.497+08:00 level=DEBUG msg="word_record not found" user_id=13 word_id=6525
time=2026-06-04T23:51:18.497+08:00 level=DEBUG msg="WordStore.GetRecord called" user_id=13 word_id=6526
time=2026-06-04T23:51:18.499+08:00 level=DEBUG msg="word_record not found" user_id=13 word_id=6526
time=2026-06-04T23:51:18.499+08:00 level=DEBUG msg="WordStore.GetRecord called" user_id=13 word_id=6530
time=2026-06-04T23:51:18.499+08:00 level=DEBUG msg="word_record not found" user_id=13 word_id=6530
time=2026-06-04T23:51:18.502+08:00 level=DEBUG msg="WordStore.GetRecord called" user_id=13 word_id=6531
time=2026-06-04T23:51:18.504+08:00 level=DEBUG msg="word_record not found" user_id=13 word_id=6531
time=2026-06-04T23:51:18.505+08:00 level=DEBUG msg="WordStore.GetRecord called" user_id=13 word_id=6532
time=2026-06-04T23:51:18.507+08:00 level=DEBUG msg="word_record not found" user_id=13 word_id=6532
time=2026-06-04T23:51:18.507+08:00 level=DEBUG msg="WordStore.GetRecord called" user_id=13 word_id=6538
time=2026-06-04T23:51:18.509+08:00 level=DEBUG msg="word_record not found" user_id=13 word_id=6538
time=2026-06-04T23:51:18.509+08:00 level=DEBUG msg="WordStore.GetRecord called" user_id=13 word_id=6539
time=2026-06-04T23:51:18.511+08:00 level=DEBUG msg="word_record not found" user_id=13 word_id=6539
time=2026-06-04T23:51:18.511+08:00 level=DEBUG msg="WordStore.GetRecord called" user_id=13 word_id=6541
time=2026-06-04T23:51:18.512+08:00 level=DEBUG msg="word_record not found" user_id=13 word_id=6541
time=2026-06-04T23:51:18.513+08:00 level=DEBUG msg="WordStore.GetRecord called" user_id=13 word_id=6542
time=2026-06-04T23:51:18.514+08:00 level=DEBUG msg="word_record not found" user_id=13 word_id=6542
time=2026-06-04T23:51:18.515+08:00 level=DEBUG msg="WordStore.GetRecord called" user_id=13 word_id=6553
time=2026-06-04T23:51:18.516+08:00 level=DEBUG msg="word_record not found" user_id=13 word_id=6553
time=2026-06-04T23:51:18.519+08:00 level=DEBUG msg="WordStore.GetRecord called" user_id=13 word_id=6554
time=2026-06-04T23:51:18.520+08:00 level=DEBUG msg="word_record not found" user_id=13 word_id=6554
time=2026-06-04T23:51:18.521+08:00 level=DEBUG msg="WordStore.GetRecord called" user_id=13 word_id=6564
time=2026-06-04T23:51:18.522+08:00 level=DEBUG msg="word_record not found" user_id=13 word_id=6564
time=2026-06-04T23:51:18.523+08:00 level=DEBUG msg="WordStore.GetRecord called" user_id=13 word_id=6579
time=2026-06-04T23:51:18.524+08:00 level=DEBUG msg="word_record not found" user_id=13 word_id=6579
time=2026-06-04T23:51:18.524+08:00 level=DEBUG msg="WordStore.GetRecord called" user_id=13 word_id=6584
time=2026-06-04T23:51:18.526+08:00 level=DEBUG msg="word_record not found" user_id=13 word_id=6584
time=2026-06-04T23:51:18.527+08:00 level=DEBUG msg="WordStore.GetRecord called" user_id=13 word_id=6594
time=2026-06-04T23:51:18.529+08:00 level=DEBUG msg="word_record not found" user_id=13 word_id=6594
time=2026-06-04T23:51:18.529+08:00 level=DEBUG msg="WordStore.GetRecord called" user_id=13 word_id=6597
time=2026-06-04T23:51:18.530+08:00 level=DEBUG msg="word_record not found" user_id=13 word_id=6597
time=2026-06-04T23:51:18.532+08:00 level=DEBUG msg="WordStore.GetRecord called" user_id=13 word_id=6598
time=2026-06-04T23:51:18.533+08:00 level=DEBUG msg="word_record not found" user_id=13 word_id=6598
time=2026-06-04T23:51:18.534+08:00 level=DEBUG msg="WordStore.GetRecord called" user_id=13 word_id=6599
time=2026-06-04T23:51:18.535+08:00 level=DEBUG msg="word_record not found" user_id=13 word_id=6599
time=2026-06-04T23:51:18.536+08:00 level=DEBUG msg="WordStore.GetRecord called" user_id=13 word_id=6602
time=2026-06-04T23:51:18.537+08:00 level=DEBUG msg="word_record not found" user_id=13 word_id=6602
time=2026-06-04T23:51:18.539+08:00 level=DEBUG msg="WordStore.GetRecord called" user_id=13 word_id=6603
time=2026-06-04T23:51:18.540+08:00 level=DEBUG msg="word_record not found" user_id=13 word_id=6603
time=2026-06-04T23:51:18.541+08:00 level=DEBUG msg="WordStore.GetRecord called" user_id=13 word_id=6606
time=2026-06-04T23:51:18.542+08:00 level=DEBUG msg="word_record not found" user_id=13 word_id=6606
time=2026-06-04T23:51:18.544+08:00 level=DEBUG msg="WordStore.GetRecord called" user_id=13 word_id=6613
time=2026-06-04T23:51:18.545+08:00 level=DEBUG msg="word_record not found" user_id=13 word_id=6613
time=2026-06-04T23:51:18.546+08:00 level=DEBUG msg="WordStore.GetRecord called" user_id=13 word_id=6622
time=2026-06-04T23:51:18.548+08:00 level=DEBUG msg="word_record not found" user_id=13 word_id=6622
time=2026-06-04T23:51:18.549+08:00 level=DEBUG msg="WordStore.GetRecord called" user_id=13 word_id=6647
time=2026-06-04T23:51:18.551+08:00 level=DEBUG msg="word_record not found" user_id=13 word_id=6647
time=2026-06-04T23:51:18.552+08:00 level=DEBUG msg="WordStore.GetRecord called" user_id=13 word_id=6667
time=2026-06-04T23:51:18.553+08:00 level=DEBUG msg="word_record not found" user_id=13 word_id=6667
time=2026-06-04T23:51:18.554+08:00 level=DEBUG msg="WordStore.GetRecord called" user_id=13 word_id=6672
time=2026-06-04T23:51:18.555+08:00 level=DEBUG msg="word_record not found" user_id=13 word_id=6672
time=2026-06-04T23:51:18.556+08:00 level=DEBUG msg="WordStore.GetRecord called" user_id=13 word_id=6680
time=2026-06-04T23:51:18.557+08:00 level=DEBUG msg="word_record not found" user_id=13 word_id=6680
time=2026-06-04T23:51:18.558+08:00 level=DEBUG msg="WordStore.GetRecord called" user_id=13 word_id=6682
time=2026-06-04T23:51:18.559+08:00 level=DEBUG msg="word_record not found" user_id=13 word_id=6682
time=2026-06-04T23:51:18.561+08:00 level=DEBUG msg="WordStore.GetRecord called" user_id=13 word_id=6686
time=2026-06-04T23:51:18.562+08:00 level=DEBUG msg="word_record not found" user_id=13 word_id=6686
time=2026-06-04T23:51:18.563+08:00 level=DEBUG msg="WordStore.GetRecord called" user_id=13 word_id=6692
time=2026-06-04T23:51:18.564+08:00 level=DEBUG msg="word_record not found" user_id=13 word_id=6692
time=2026-06-04T23:51:18.565+08:00 level=DEBUG msg="WordStore.GetRecord called" user_id=13 word_id=6694
time=2026-06-04T23:51:18.566+08:00 level=DEBUG msg="word_record not found" user_id=13 word_id=6694
time=2026-06-04T23:51:18.567+08:00 level=DEBUG msg="WordStore.GetRecord called" user_id=13 word_id=6697
time=2026-06-04T23:51:18.569+08:00 level=DEBUG msg="word_record not found" user_id=13 word_id=6697
time=2026-06-04T23:51:18.570+08:00 level=DEBUG msg="WordStore.GetRecord called" user_id=13 word_id=6706
time=2026-06-04T23:51:18.573+08:00 level=DEBUG msg="word_record not found" user_id=13 word_id=6706
time=2026-06-04T23:51:18.573+08:00 level=DEBUG msg="WordStore.GetRecord called" user_id=13 word_id=6721
time=2026-06-04T23:51:18.574+08:00 level=DEBUG msg="word_record not found" user_id=13 word_id=6721
time=2026-06-04T23:51:18.576+08:00 level=DEBUG msg="WordStore.GetRecord called" user_id=13 word_id=6730
time=2026-06-04T23:51:18.577+08:00 level=DEBUG msg="word_record not found" user_id=13 word_id=6730
time=2026-06-04T23:51:18.578+08:00 level=DEBUG msg="WordStore.GetRecord called" user_id=13 word_id=6752
time=2026-06-04T23:51:18.579+08:00 level=DEBUG msg="word_record not found" user_id=13 word_id=6752
time=2026-06-04T23:51:18.581+08:00 level=DEBUG msg="WordStore.GetRecord called" user_id=13 word_id=6764
time=2026-06-04T23:51:18.582+08:00 level=DEBUG msg="word_record not found" user_id=13 word_id=6764
time=2026-06-04T23:51:18.583+08:00 level=DEBUG msg="WordStore.GetRecord called" user_id=13 word_id=6771
time=2026-06-04T23:51:18.584+08:00 level=DEBUG msg="word_record not found" user_id=13 word_id=6771
time=2026-06-04T23:51:18.585+08:00 level=DEBUG msg="WordStore.GetRecord called" user_id=13 word_id=6778
time=2026-06-04T23:51:18.586+08:00 level=DEBUG msg="word_record not found" user_id=13 word_id=6778
time=2026-06-04T23:51:18.587+08:00 level=DEBUG msg="WordStore.GetRecord called" user_id=13 word_id=6791
time=2026-06-04T23:51:18.588+08:00 level=DEBUG msg="word_record not found" user_id=13 word_id=6791
time=2026-06-04T23:51:18.589+08:00 level=DEBUG msg="WordStore.GetRecord called" user_id=13 word_id=6803
time=2026-06-04T23:51:18.590+08:00 level=DEBUG msg="word_record not found" user_id=13 word_id=6803
time=2026-06-04T23:51:18.591+08:00 level=DEBUG msg="WordStore.GetRecord called" user_id=13 word_id=6804
time=2026-06-04T23:51:18.593+08:00 level=DEBUG msg="word_record not found" user_id=13 word_id=6804
time=2026-06-04T23:51:18.594+08:00 level=DEBUG msg="WordStore.GetRecord called" user_id=13 word_id=6825
time=2026-06-04T23:51:18.595+08:00 level=DEBUG msg="word_record not found" user_id=13 word_id=6825
time=2026-06-04T23:51:18.596+08:00 level=DEBUG msg="WordService.GetReviewQueue done" user_id=13 count=114
time=2026-06-04T23:51:18.597+08:00 level=DEBUG msg="UserStore.GetDailyGoals called" user_id=13
time=2026-06-04T23:51:18.598+08:00 level=DEBUG msg="UserStore.GetDailyGoals done" user_id=13
time=2026-06-04T23:51:18.909+08:00 level=DEBUG msg="WordService.GetReviewQueue called" user_id=13 level=N5
time=2026-06-04T23:51:18.941+08:00 level=DEBUG msg="WordStoreAdapter.ListDueRecords called" user_id=13
time=2026-06-04T23:51:18.958+08:00 level=DEBUG msg="WordStore.ListDueRecords called" user_id=13 limit=200
time=2026-06-04T23:51:18.961+08:00 level=DEBUG msg="WordStore.ListDueRecords done" user_id=13 count=0
time=2026-06-04T23:51:18.962+08:00 level=DEBUG msg="WordStoreAdapter.ListByLevel called" level=N5
time=2026-06-04T23:51:18.963+08:00 level=DEBUG msg="WordStore.ListByLevel called" level=N5 page=1 size=10000
time=2026-06-04T23:51:18.966+08:00 level=DEBUG msg="WordStore.ListByLevel done" level=N5 count=114 total=114
time=2026-06-04T23:51:18.967+08:00 level=DEBUG msg="WordStore.GetRecord called" user_id=13 word_id=2472
time=2026-06-04T23:51:18.969+08:00 level=DEBUG msg="word_record not found" user_id=13 word_id=2472
time=2026-06-04T23:51:18.970+08:00 level=DEBUG msg="WordStore.GetRecord called" user_id=13 word_id=2482
time=2026-06-04T23:51:18.971+08:00 level=DEBUG msg="word_record not found" user_id=13 word_id=2482
time=2026-06-04T23:51:18.973+08:00 level=DEBUG msg="WordStore.GetRecord called" user_id=13 word_id=2641
time=2026-06-04T23:51:18.974+08:00 level=DEBUG msg="word_record not found" user_id=13 word_id=2641
time=2026-06-04T23:51:18.975+08:00 level=DEBUG msg="WordStore.GetRecord called" user_id=13 word_id=2642
time=2026-06-04T23:51:18.976+08:00 level=DEBUG msg="word_record not found" user_id=13 word_id=2642
time=2026-06-04T23:51:18.976+08:00 level=DEBUG msg="WordStore.GetRecord called" user_id=13 word_id=2643
time=2026-06-04T23:51:18.978+08:00 level=DEBUG msg="word_record not found" user_id=13 word_id=2643
time=2026-06-04T23:51:18.979+08:00 level=DEBUG msg="WordStore.GetRecord called" user_id=13 word_id=2644
time=2026-06-04T23:51:18.981+08:00 level=DEBUG msg="word_record not found" user_id=13 word_id=2644
time=2026-06-04T23:51:18.982+08:00 level=DEBUG msg="WordStore.GetRecord called" user_id=13 word_id=2645
time=2026-06-04T23:51:18.983+08:00 level=DEBUG msg="word_record not found" user_id=13 word_id=2645
time=2026-06-04T23:51:18.984+08:00 level=DEBUG msg="WordStore.GetRecord called" user_id=13 word_id=2646
time=2026-06-04T23:51:18.985+08:00 level=DEBUG msg="word_record not found" user_id=13 word_id=2646
time=2026-06-04T23:51:18.986+08:00 level=DEBUG msg="WordStore.GetRecord called" user_id=13 word_id=2647
time=2026-06-04T23:51:18.987+08:00 level=DEBUG msg="word_record not found" user_id=13 word_id=2647
time=2026-06-04T23:51:18.989+08:00 level=DEBUG msg="WordStore.GetRecord called" user_id=13 word_id=2648
time=2026-06-04T23:51:18.990+08:00 level=DEBUG msg="word_record not found" user_id=13 word_id=2648
time=2026-06-04T23:51:18.991+08:00 level=DEBUG msg="WordStore.GetRecord called" user_id=13 word_id=2649
time=2026-06-04T23:51:18.993+08:00 level=DEBUG msg="word_record not found" user_id=13 word_id=2649
time=2026-06-04T23:51:18.993+08:00 level=DEBUG msg="WordStore.GetRecord called" user_id=13 word_id=2650
time=2026-06-04T23:51:18.994+08:00 level=DEBUG msg="word_record not found" user_id=13 word_id=2650
time=2026-06-04T23:51:18.996+08:00 level=DEBUG msg="WordStore.GetRecord called" user_id=13 word_id=2651
time=2026-06-04T23:51:18.997+08:00 level=DEBUG msg="word_record not found" user_id=13 word_id=2651
time=2026-06-04T23:51:18.998+08:00 level=DEBUG msg="WordStore.GetRecord called" user_id=13 word_id=2652
time=2026-06-04T23:51:18.999+08:00 level=DEBUG msg="word_record not found" user_id=13 word_id=2652
time=2026-06-04T23:51:19.000+08:00 level=DEBUG msg="WordStore.GetRecord called" user_id=13 word_id=2653
time=2026-06-04T23:51:19.001+08:00 level=DEBUG msg="word_record not found" user_id=13 word_id=2653
time=2026-06-04T23:51:19.002+08:00 level=DEBUG msg="WordStore.GetRecord called" user_id=13 word_id=2654
time=2026-06-04T23:51:19.003+08:00 level=DEBUG msg="word_record not found" user_id=13 word_id=2654
time=2026-06-04T23:51:19.004+08:00 level=DEBUG msg="WordStore.GetRecord called" user_id=13 word_id=2655
time=2026-06-04T23:51:19.005+08:00 level=DEBUG msg="word_record not found" user_id=13 word_id=2655
time=2026-06-04T23:51:19.006+08:00 level=DEBUG msg="WordStore.GetRecord called" user_id=13 word_id=2656
time=2026-06-04T23:51:19.008+08:00 level=DEBUG msg="word_record not found" user_id=13 word_id=2656
time=2026-06-04T23:51:19.009+08:00 level=DEBUG msg="WordStore.GetRecord called" user_id=13 word_id=2657
time=2026-06-04T23:51:19.009+08:00 level=DEBUG msg="word_record not found" user_id=13 word_id=2657
time=2026-06-04T23:51:19.011+08:00 level=DEBUG msg="WordStore.GetRecord called" user_id=13 word_id=2658
time=2026-06-04T23:51:19.011+08:00 level=DEBUG msg="word_record not found" user_id=13 word_id=2658
time=2026-06-04T23:51:19.011+08:00 level=DEBUG msg="WordStore.GetRecord called" user_id=13 word_id=2659
time=2026-06-04T23:51:19.014+08:00 level=DEBUG msg="word_record not found" user_id=13 word_id=2659
time=2026-06-04T23:51:19.014+08:00 level=DEBUG msg="WordStore.GetRecord called" user_id=13 word_id=2660
time=2026-06-04T23:51:19.014+08:00 level=DEBUG msg="word_record not found" user_id=13 word_id=2660
time=2026-06-04T23:51:19.014+08:00 level=DEBUG msg="WordStore.GetRecord called" user_id=13 word_id=2661
time=2026-06-04T23:51:19.014+08:00 level=DEBUG msg="word_record not found" user_id=13 word_id=2661
time=2026-06-04T23:51:19.014+08:00 level=DEBUG msg="WordStore.GetRecord called" user_id=13 word_id=2662
time=2026-06-04T23:51:19.020+08:00 level=DEBUG msg="word_record not found" user_id=13 word_id=2662
time=2026-06-04T23:51:19.021+08:00 level=DEBUG msg="WordStore.GetRecord called" user_id=13 word_id=2663
time=2026-06-04T23:51:19.022+08:00 level=DEBUG msg="word_record not found" user_id=13 word_id=2663
time=2026-06-04T23:51:19.023+08:00 level=DEBUG msg="WordStore.GetRecord called" user_id=13 word_id=2664
time=2026-06-04T23:51:19.025+08:00 level=DEBUG msg="word_record not found" user_id=13 word_id=2664
time=2026-06-04T23:51:19.025+08:00 level=DEBUG msg="WordStore.GetRecord called" user_id=13 word_id=2665
time=2026-06-04T23:51:19.027+08:00 level=DEBUG msg="word_record not found" user_id=13 word_id=2665
time=2026-06-04T23:51:19.028+08:00 level=DEBUG msg="WordStore.GetRecord called" user_id=13 word_id=2666
time=2026-06-04T23:51:19.029+08:00 level=DEBUG msg="word_record not found" user_id=13 word_id=2666
time=2026-06-04T23:51:19.029+08:00 level=DEBUG msg="WordStore.GetRecord called" user_id=13 word_id=2667
time=2026-06-04T23:51:19.031+08:00 level=DEBUG msg="word_record not found" user_id=13 word_id=2667
time=2026-06-04T23:51:19.031+08:00 level=DEBUG msg="WordStore.GetRecord called" user_id=13 word_id=2668
time=2026-06-04T23:51:19.032+08:00 level=DEBUG msg="word_record not found" user_id=13 word_id=2668
time=2026-06-04T23:51:19.033+08:00 level=DEBUG msg="WordStore.GetRecord called" user_id=13 word_id=2669
time=2026-06-04T23:51:19.034+08:00 level=DEBUG msg="word_record not found" user_id=13 word_id=2669
time=2026-06-04T23:51:19.036+08:00 level=DEBUG msg="WordStore.GetRecord called" user_id=13 word_id=2670
time=2026-06-04T23:51:19.037+08:00 level=DEBUG msg="word_record not found" user_id=13 word_id=2670
time=2026-06-04T23:51:19.038+08:00 level=DEBUG msg="WordStore.GetRecord called" user_id=13 word_id=2671
time=2026-06-04T23:51:19.040+08:00 level=DEBUG msg="word_record not found" user_id=13 word_id=2671
time=2026-06-04T23:51:19.041+08:00 level=DEBUG msg="WordStore.GetRecord called" user_id=13 word_id=2672
time=2026-06-04T23:51:19.042+08:00 level=DEBUG msg="word_record not found" user_id=13 word_id=2672
time=2026-06-04T23:51:19.043+08:00 level=DEBUG msg="WordStore.GetRecord called" user_id=13 word_id=2673
time=2026-06-04T23:51:19.043+08:00 level=DEBUG msg="word_record not found" user_id=13 word_id=2673
time=2026-06-04T23:51:19.044+08:00 level=DEBUG msg="WordStore.GetRecord called" user_id=13 word_id=2674
time=2026-06-04T23:51:19.045+08:00 level=DEBUG msg="word_record not found" user_id=13 word_id=2674
time=2026-06-04T23:51:19.047+08:00 level=DEBUG msg="WordStore.GetRecord called" user_id=13 word_id=2675
time=2026-06-04T23:51:19.047+08:00 level=DEBUG msg="word_record not found" user_id=13 word_id=2675
time=2026-06-04T23:51:19.048+08:00 level=DEBUG msg="WordStore.GetRecord called" user_id=13 word_id=2676
time=2026-06-04T23:51:19.049+08:00 level=DEBUG msg="word_record not found" user_id=13 word_id=2676
time=2026-06-04T23:51:19.050+08:00 level=DEBUG msg="WordStore.GetRecord called" user_id=13 word_id=2677
time=2026-06-04T23:51:19.051+08:00 level=DEBUG msg="word_record not found" user_id=13 word_id=2677
time=2026-06-04T23:51:19.052+08:00 level=DEBUG msg="WordStore.GetRecord called" user_id=13 word_id=2678
time=2026-06-04T23:51:19.053+08:00 level=DEBUG msg="word_record not found" user_id=13 word_id=2678
time=2026-06-04T23:51:19.054+08:00 level=DEBUG msg="WordStore.GetRecord called" user_id=13 word_id=2679
time=2026-06-04T23:51:19.055+08:00 level=DEBUG msg="word_record not found" user_id=13 word_id=2679
time=2026-06-04T23:51:19.055+08:00 level=DEBUG msg="WordStore.GetRecord called" user_id=13 word_id=2680
time=2026-06-04T23:51:19.058+08:00 level=DEBUG msg="word_record not found" user_id=13 word_id=2680
time=2026-06-04T23:51:19.059+08:00 level=DEBUG msg="WordStore.GetRecord called" user_id=13 word_id=2681
time=2026-06-04T23:51:19.060+08:00 level=DEBUG msg="word_record not found" user_id=13 word_id=2681
time=2026-06-04T23:51:19.060+08:00 level=DEBUG msg="WordStore.GetRecord called" user_id=13 word_id=2682
time=2026-06-04T23:51:19.061+08:00 level=DEBUG msg="word_record not found" user_id=13 word_id=2682
time=2026-06-04T23:51:19.063+08:00 level=DEBUG msg="WordStore.GetRecord called" user_id=13 word_id=2683
time=2026-06-04T23:51:19.064+08:00 level=DEBUG msg="word_record not found" user_id=13 word_id=2683
time=2026-06-04T23:51:19.064+08:00 level=DEBUG msg="WordStore.GetRecord called" user_id=13 word_id=2684
time=2026-06-04T23:51:19.065+08:00 level=DEBUG msg="word_record not found" user_id=13 word_id=2684
time=2026-06-04T23:51:19.067+08:00 level=DEBUG msg="WordStore.GetRecord called" user_id=13 word_id=2686
time=2026-06-04T23:51:19.068+08:00 level=DEBUG msg="word_record not found" user_id=13 word_id=2686
time=2026-06-04T23:51:19.069+08:00 level=DEBUG msg="WordStore.GetRecord called" user_id=13 word_id=2687
time=2026-06-04T23:51:19.070+08:00 level=DEBUG msg="word_record not found" user_id=13 word_id=2687
time=2026-06-04T23:51:19.071+08:00 level=DEBUG msg="WordStore.GetRecord called" user_id=13 word_id=2688
time=2026-06-04T23:51:19.072+08:00 level=DEBUG msg="word_record not found" user_id=13 word_id=2688
time=2026-06-04T23:51:19.073+08:00 level=DEBUG msg="WordStore.GetRecord called" user_id=13 word_id=2689
time=2026-06-04T23:51:19.074+08:00 level=DEBUG msg="word_record not found" user_id=13 word_id=2689
time=2026-06-04T23:51:19.075+08:00 level=DEBUG msg="WordStore.GetRecord called" user_id=13 word_id=2690
time=2026-06-04T23:51:19.076+08:00 level=DEBUG msg="word_record not found" user_id=13 word_id=2690
time=2026-06-04T23:51:19.077+08:00 level=DEBUG msg="WordStore.GetRecord called" user_id=13 word_id=2691
time=2026-06-04T23:51:19.078+08:00 level=DEBUG msg="word_record not found" user_id=13 word_id=2691
time=2026-06-04T23:51:19.079+08:00 level=DEBUG msg="WordStore.GetRecord called" user_id=13 word_id=2692
time=2026-06-04T23:51:19.080+08:00 level=DEBUG msg="word_record not found" user_id=13 word_id=2692
time=2026-06-04T23:51:19.081+08:00 level=DEBUG msg="WordStore.GetRecord called" user_id=13 word_id=2693
time=2026-06-04T23:51:19.083+08:00 level=DEBUG msg="word_record not found" user_id=13 word_id=2693
time=2026-06-04T23:51:19.084+08:00 level=DEBUG msg="WordStore.GetRecord called" user_id=13 word_id=2694
time=2026-06-04T23:51:19.085+08:00 level=DEBUG msg="word_record not found" user_id=13 word_id=2694
time=2026-06-04T23:51:19.086+08:00 level=DEBUG msg="WordStore.GetRecord called" user_id=13 word_id=2695
time=2026-06-04T23:51:19.087+08:00 level=DEBUG msg="word_record not found" user_id=13 word_id=2695
time=2026-06-04T23:51:19.088+08:00 level=DEBUG msg="WordStore.GetRecord called" user_id=13 word_id=2696
time=2026-06-04T23:51:19.089+08:00 level=DEBUG msg="word_record not found" user_id=13 word_id=2696
time=2026-06-04T23:51:19.090+08:00 level=DEBUG msg="WordStore.GetRecord called" user_id=13 word_id=2697
time=2026-06-04T23:51:19.091+08:00 level=DEBUG msg="word_record not found" user_id=13 word_id=2697
time=2026-06-04T23:51:19.092+08:00 level=DEBUG msg="WordStore.GetRecord called" user_id=13 word_id=2698
time=2026-06-04T23:51:19.093+08:00 level=DEBUG msg="word_record not found" user_id=13 word_id=2698
time=2026-06-04T23:51:19.095+08:00 level=DEBUG msg="WordStore.GetRecord called" user_id=13 word_id=2699
time=2026-06-04T23:51:19.096+08:00 level=DEBUG msg="word_record not found" user_id=13 word_id=2699
time=2026-06-04T23:51:19.096+08:00 level=DEBUG msg="WordStore.GetRecord called" user_id=13 word_id=2700
time=2026-06-04T23:51:19.097+08:00 level=DEBUG msg="word_record not found" user_id=13 word_id=2700
time=2026-06-04T23:51:19.097+08:00 level=DEBUG msg="WordStore.GetRecord called" user_id=13 word_id=4006
time=2026-06-04T23:51:19.097+08:00 level=DEBUG msg="word_record not found" user_id=13 word_id=4006
time=2026-06-04T23:51:19.100+08:00 level=DEBUG msg="WordStore.GetRecord called" user_id=13 word_id=4012
time=2026-06-04T23:51:19.100+08:00 level=DEBUG msg="word_record not found" user_id=13 word_id=4012
time=2026-06-04T23:51:19.100+08:00 level=DEBUG msg="WordStore.GetRecord called" user_id=13 word_id=4048
time=2026-06-04T23:51:19.100+08:00 level=DEBUG msg="word_record not found" user_id=13 word_id=4048
time=2026-06-04T23:51:19.100+08:00 level=DEBUG msg="WordStore.GetRecord called" user_id=13 word_id=4072
time=2026-06-04T23:51:19.100+08:00 level=DEBUG msg="word_record not found" user_id=13 word_id=4072
time=2026-06-04T23:51:19.106+08:00 level=DEBUG msg="WordStore.GetRecord called" user_id=13 word_id=4081
time=2026-06-04T23:51:19.107+08:00 level=DEBUG msg="word_record not found" user_id=13 word_id=4081
time=2026-06-04T23:51:19.108+08:00 level=DEBUG msg="WordStore.GetRecord called" user_id=13 word_id=4134
time=2026-06-04T23:51:19.110+08:00 level=DEBUG msg="word_record not found" user_id=13 word_id=4134
time=2026-06-04T23:51:19.111+08:00 level=DEBUG msg="WordStore.GetRecord called" user_id=13 word_id=4147
time=2026-06-04T23:51:19.112+08:00 level=DEBUG msg="word_record not found" user_id=13 word_id=4147
time=2026-06-04T23:51:19.113+08:00 level=DEBUG msg="WordStore.GetRecord called" user_id=13 word_id=6511
time=2026-06-04T23:51:19.114+08:00 level=DEBUG msg="word_record not found" user_id=13 word_id=6511
time=2026-06-04T23:51:19.115+08:00 level=DEBUG msg="WordStore.GetRecord called" user_id=13 word_id=6519
time=2026-06-04T23:51:19.116+08:00 level=DEBUG msg="word_record not found" user_id=13 word_id=6519
time=2026-06-04T23:51:19.116+08:00 level=DEBUG msg="WordStore.GetRecord called" user_id=13 word_id=6520
time=2026-06-04T23:51:19.118+08:00 level=DEBUG msg="word_record not found" user_id=13 word_id=6520
time=2026-06-04T23:51:19.119+08:00 level=DEBUG msg="WordStore.GetRecord called" user_id=13 word_id=6525
time=2026-06-04T23:51:19.120+08:00 level=DEBUG msg="word_record not found" user_id=13 word_id=6525
time=2026-06-04T23:51:19.121+08:00 level=DEBUG msg="WordStore.GetRecord called" user_id=13 word_id=6526
time=2026-06-04T23:51:19.122+08:00 level=DEBUG msg="word_record not found" user_id=13 word_id=6526
time=2026-06-04T23:51:19.123+08:00 level=DEBUG msg="WordStore.GetRecord called" user_id=13 word_id=6530
time=2026-06-04T23:51:19.124+08:00 level=DEBUG msg="word_record not found" user_id=13 word_id=6530
time=2026-06-04T23:51:19.125+08:00 level=DEBUG msg="WordStore.GetRecord called" user_id=13 word_id=6531
time=2026-06-04T23:51:19.126+08:00 level=DEBUG msg="word_record not found" user_id=13 word_id=6531
time=2026-06-04T23:51:19.127+08:00 level=DEBUG msg="WordStore.GetRecord called" user_id=13 word_id=6532
time=2026-06-04T23:51:19.129+08:00 level=DEBUG msg="word_record not found" user_id=13 word_id=6532
time=2026-06-04T23:51:19.130+08:00 level=DEBUG msg="WordStore.GetRecord called" user_id=13 word_id=6538
time=2026-06-04T23:51:19.131+08:00 level=DEBUG msg="word_record not found" user_id=13 word_id=6538
time=2026-06-04T23:51:19.132+08:00 level=DEBUG msg="WordStore.GetRecord called" user_id=13 word_id=6539
time=2026-06-04T23:51:19.134+08:00 level=DEBUG msg="word_record not found" user_id=13 word_id=6539
time=2026-06-04T23:51:19.135+08:00 level=DEBUG msg="WordStore.GetRecord called" user_id=13 word_id=6541
time=2026-06-04T23:51:19.135+08:00 level=DEBUG msg="word_record not found" user_id=13 word_id=6541
time=2026-06-04T23:51:19.137+08:00 level=DEBUG msg="WordStore.GetRecord called" user_id=13 word_id=6542
time=2026-06-04T23:51:19.137+08:00 level=DEBUG msg="word_record not found" user_id=13 word_id=6542
time=2026-06-04T23:51:19.137+08:00 level=DEBUG msg="WordStore.GetRecord called" user_id=13 word_id=6553
time=2026-06-04T23:51:19.140+08:00 level=DEBUG msg="word_record not found" user_id=13 word_id=6553
time=2026-06-04T23:51:19.141+08:00 level=DEBUG msg="WordStore.GetRecord called" user_id=13 word_id=6554
time=2026-06-04T23:51:19.142+08:00 level=DEBUG msg="word_record not found" user_id=13 word_id=6554
time=2026-06-04T23:51:19.143+08:00 level=DEBUG msg="WordStore.GetRecord called" user_id=13 word_id=6564
time=2026-06-04T23:51:19.144+08:00 level=DEBUG msg="word_record not found" user_id=13 word_id=6564
time=2026-06-04T23:51:19.191+08:00 level=DEBUG msg="WordStore.GetRecord called" user_id=13 word_id=6579
time=2026-06-04T23:51:19.202+08:00 level=DEBUG msg="word_record not found" user_id=13 word_id=6579
time=2026-06-04T23:51:19.213+08:00 level=DEBUG msg="WordStore.GetRecord called" user_id=13 word_id=6584
time=2026-06-04T23:51:19.221+08:00 level=DEBUG msg="word_record not found" user_id=13 word_id=6584
time=2026-06-04T23:51:19.229+08:00 level=DEBUG msg="WordStore.GetRecord called" user_id=13 word_id=6594
time=2026-06-04T23:51:19.236+08:00 level=DEBUG msg="word_record not found" user_id=13 word_id=6594
time=2026-06-04T23:51:19.281+08:00 level=DEBUG msg="WordStore.GetRecord called" user_id=13 word_id=6597
time=2026-06-04T23:51:19.309+08:00 level=DEBUG msg="word_record not found" user_id=13 word_id=6597
time=2026-06-04T23:51:19.338+08:00 level=DEBUG msg="WordStore.GetRecord called" user_id=13 word_id=6598
time=2026-06-04T23:51:19.374+08:00 level=DEBUG msg="word_record not found" user_id=13 word_id=6598
time=2026-06-04T23:51:19.405+08:00 level=DEBUG msg="WordStore.GetRecord called" user_id=13 word_id=6599
time=2026-06-04T23:51:19.434+08:00 level=DEBUG msg="word_record not found" user_id=13 word_id=6599
time=2026-06-04T23:51:19.471+08:00 level=DEBUG msg="WordStore.GetRecord called" user_id=13 word_id=6602
time=2026-06-04T23:51:19.494+08:00 level=DEBUG msg="word_record not found" user_id=13 word_id=6602
time=2026-06-04T23:51:19.519+08:00 level=DEBUG msg="WordStore.GetRecord called" user_id=13 word_id=6603
time=2026-06-04T23:51:19.534+08:00 level=DEBUG msg="word_record not found" user_id=13 word_id=6603
time=2026-06-04T23:51:19.563+08:00 level=DEBUG msg="WordStore.GetRecord called" user_id=13 word_id=6606
time=2026-06-04T23:51:19.577+08:00 level=DEBUG msg="word_record not found" user_id=13 word_id=6606
time=2026-06-04T23:51:19.603+08:00 level=DEBUG msg="WordStore.GetRecord called" user_id=13 word_id=6613
time=2026-06-04T23:51:19.624+08:00 level=DEBUG msg="word_record not found" user_id=13 word_id=6613
time=2026-06-04T23:51:19.640+08:00 level=DEBUG msg="WordStore.GetRecord called" user_id=13 word_id=6622
time=2026-06-04T23:51:19.659+08:00 level=DEBUG msg="word_record not found" user_id=13 word_id=6622
time=2026-06-04T23:51:20.225+08:00 level=DEBUG msg="UserService.GetStats called" user_id=13
time=2026-06-04T23:51:22.298+08:00 level=DEBUG msg="UserStore.GetStats called" user_id=13
time=2026-06-04T23:51:22.297+08:00 level=DEBUG msg="WordStore.GetRecord called" user_id=13 word_id=6647
time=2026-06-04T23:51:22.299+08:00 level=DEBUG msg="UserStore.GetStats done" user_id=13
time=2026-06-04T23:51:22.303+08:00 level=DEBUG msg="word_record not found" user_id=13 word_id=6647
time=2026-06-04T23:51:22.305+08:00 level=DEBUG msg="WordStore.GetRecord called" user_id=13 word_id=6667
time=2026-06-04T23:51:22.307+08:00 level=DEBUG msg="word_record not found" user_id=13 word_id=6667
time=2026-06-04T23:51:22.308+08:00 level=DEBUG msg="WordStore.GetRecord called" user_id=13 word_id=6672
time=2026-06-04T23:51:22.309+08:00 level=DEBUG msg="word_record not found" user_id=13 word_id=6672
time=2026-06-04T23:51:22.310+08:00 level=DEBUG msg="WordStore.GetRecord called" user_id=13 word_id=6680
time=2026-06-04T23:51:22.312+08:00 level=DEBUG msg="word_record not found" user_id=13 word_id=6680
time=2026-06-04T23:51:22.313+08:00 level=DEBUG msg="WordStore.GetRecord called" user_id=13 word_id=6682
time=2026-06-04T23:51:22.314+08:00 level=DEBUG msg="word_record not found" user_id=13 word_id=6682
time=2026-06-04T23:51:22.315+08:00 level=DEBUG msg="WordStore.GetRecord called" user_id=13 word_id=6686
time=2026-06-04T23:51:22.316+08:00 level=DEBUG msg="word_record not found" user_id=13 word_id=6686
time=2026-06-04T23:51:22.317+08:00 level=DEBUG msg="WordStore.GetRecord called" user_id=13 word_id=6692
time=2026-06-04T23:51:22.319+08:00 level=DEBUG msg="word_record not found" user_id=13 word_id=6692
time=2026-06-04T23:51:22.321+08:00 level=DEBUG msg="WordStore.GetRecord called" user_id=13 word_id=6694
time=2026-06-04T23:51:22.321+08:00 level=DEBUG msg="word_record not found" user_id=13 word_id=6694
time=2026-06-04T23:51:22.323+08:00 level=DEBUG msg="WordStore.GetRecord called" user_id=13 word_id=6697
time=2026-06-04T23:51:22.324+08:00 level=DEBUG msg="word_record not found" user_id=13 word_id=6697
time=2026-06-04T23:51:22.324+08:00 level=DEBUG msg="WordStore.GetRecord called" user_id=13 word_id=6706
time=2026-06-04T23:51:22.326+08:00 level=DEBUG msg="word_record not found" user_id=13 word_id=6706
time=2026-06-04T23:51:22.326+08:00 level=DEBUG msg="WordStore.GetRecord called" user_id=13 word_id=6721
time=2026-06-04T23:51:22.327+08:00 level=DEBUG msg="word_record not found" user_id=13 word_id=6721
time=2026-06-04T23:51:22.327+08:00 level=DEBUG msg="WordStore.GetRecord called" user_id=13 word_id=6730
time=2026-06-04T23:51:22.330+08:00 level=DEBUG msg="word_record not found" user_id=13 word_id=6730
time=2026-06-04T23:51:22.330+08:00 level=DEBUG msg="WordStore.GetRecord called" user_id=13 word_id=6752
time=2026-06-04T23:51:22.330+08:00 level=DEBUG msg="word_record not found" user_id=13 word_id=6752
time=2026-06-04T23:51:22.330+08:00 level=DEBUG msg="WordStore.GetRecord called" user_id=13 word_id=6764
time=2026-06-04T23:51:22.330+08:00 level=DEBUG msg="word_record not found" user_id=13 word_id=6764
time=2026-06-04T23:51:22.336+08:00 level=DEBUG msg="WordStore.GetRecord called" user_id=13 word_id=6771
time=2026-06-04T23:51:22.336+08:00 level=DEBUG msg="word_record not found" user_id=13 word_id=6771
time=2026-06-04T23:51:22.336+08:00 level=DEBUG msg="WordStore.GetRecord called" user_id=13 word_id=6778
time=2026-06-04T23:51:22.341+08:00 level=DEBUG msg="word_record not found" user_id=13 word_id=6778
time=2026-06-04T23:51:22.342+08:00 level=DEBUG msg="WordStore.GetRecord called" user_id=13 word_id=6791
time=2026-06-04T23:51:22.343+08:00 level=DEBUG msg="word_record not found" user_id=13 word_id=6791
time=2026-06-04T23:51:22.344+08:00 level=DEBUG msg="WordStore.GetRecord called" user_id=13 word_id=6803
time=2026-06-04T23:51:22.346+08:00 level=DEBUG msg="word_record not found" user_id=13 word_id=6803
time=2026-06-04T23:51:22.347+08:00 level=DEBUG msg="WordStore.GetRecord called" user_id=13 word_id=6804
time=2026-06-04T23:51:22.348+08:00 level=DEBUG msg="word_record not found" user_id=13 word_id=6804
time=2026-06-04T23:51:22.350+08:00 level=DEBUG msg="WordStore.GetRecord called" user_id=13 word_id=6825
time=2026-06-04T23:51:22.351+08:00 level=DEBUG msg="word_record not found" user_id=13 word_id=6825
time=2026-06-04T23:51:22.352+08:00 level=DEBUG msg="WordService.GetReviewQueue done" user_id=13 count=114
time=2026-06-04T23:51:22.353+08:00 level=DEBUG msg="UserStore.GetDailyGoals called" user_id=13
time=2026-06-04T23:51:22.355+08:00 level=DEBUG msg="UserStore.GetDailyGoals done" user_id=13
time=2026-06-04T23:51:22.357+08:00 level=DEBUG msg="LessonService.ListSummaries called" level=N5
time=2026-06-04T23:51:22.358+08:00 level=DEBUG msg="LessonStore.ListSummaries called" level=N5 tag=""
time=2026-06-04T23:51:22.360+08:00 level=DEBUG msg="LessonStore.ListSummaries done" level=N5 tag="" count=10
time=2026-06-04T23:51:22.362+08:00 level=DEBUG msg="LessonService.ListSummaries done" level=N5 count=10
time=2026-06-04T23:51:22.610+08:00 level=DEBUG msg="UserService.GetStats called" user_id=13
time=2026-06-04T23:51:22.642+08:00 level=DEBUG msg="UserStore.GetStats called" user_id=13
time=2026-06-04T23:51:22.655+08:00 level=DEBUG msg="UserStore.GetStats done" user_id=13
time=2026-06-04T23:51:22.675+08:00 level=DEBUG msg="LessonService.ListSummaries called" level=N5
time=2026-06-04T23:51:22.678+08:00 level=DEBUG msg="LessonStore.ListSummaries called" level=N5 tag=""
time=2026-06-04T23:51:22.680+08:00 level=DEBUG msg="LessonStore.ListSummaries done" level=N5 tag="" count=10
time=2026-06-04T23:51:22.680+08:00 level=DEBUG msg="LessonService.ListSummaries done" level=N5 count=10
time=2026-06-04T23:51:23.658+08:00 level=DEBUG msg="UserService.GetStats called" user_id=13
time=2026-06-04T23:51:23.709+08:00 level=DEBUG msg="UserStore.GetStats called" user_id=13
time=2026-06-04T23:51:23.771+08:00 level=DEBUG msg="UserStore.GetStats done" user_id=13
time=2026-06-04T23:51:23.925+08:00 level=DEBUG msg="UserService.GetStats called" user_id=13
time=2026-06-04T23:51:23.958+08:00 level=DEBUG msg="UserStore.GetStats called" user_id=13
time=2026-06-04T23:51:24.000+08:00 level=DEBUG msg="UserStore.GetStats done" user_id=13
time=2026-06-04T23:55:35.663+08:00 level=DEBUG msg="UserService.GetStats called" user_id=13
time=2026-06-04T23:55:35.664+08:00 level=DEBUG msg="UserStore.GetStats called" user_id=13
time=2026-06-04T23:55:35.665+08:00 level=DEBUG msg="UserStore.GetStats done" user_id=13
time=2026-06-04T23:55:35.672+08:00 level=DEBUG msg="UserService.GetStats called" user_id=13
time=2026-06-04T23:55:35.672+08:00 level=DEBUG msg="UserStore.GetStats called" user_id=13
time=2026-06-04T23:55:35.674+08:00 level=DEBUG msg="UserStore.GetStats done" user_id=13
time=2026-06-04T23:55:36.581+08:00 level=DEBUG msg="LessonService.ListSummaries called" level=N5
time=2026-06-04T23:55:36.582+08:00 level=DEBUG msg="LessonStore.ListSummaries called" level=N5 tag=""
time=2026-06-04T23:55:36.583+08:00 level=DEBUG msg="LessonStore.ListSummaries done" level=N5 tag="" count=10
time=2026-06-04T23:55:36.584+08:00 level=DEBUG msg="LessonService.ListSummaries done" level=N5 count=10
time=2026-06-04T23:55:36.586+08:00 level=DEBUG msg="LessonService.ListSummaries called" level=N5
time=2026-06-04T23:55:36.587+08:00 level=DEBUG msg="LessonStore.ListSummaries called" level=N5 tag=""
time=2026-06-04T23:55:36.588+08:00 level=DEBUG msg="LessonStore.ListSummaries done" level=N5 tag="" count=10
time=2026-06-04T23:55:36.589+08:00 level=DEBUG msg="LessonService.ListSummaries done" level=N5 count=10
time=2026-06-04T23:55:38.180+08:00 level=DEBUG msg="UserService.GetStats called" user_id=13
time=2026-06-04T23:55:38.181+08:00 level=DEBUG msg="UserStore.GetStats called" user_id=13
time=2026-06-04T23:55:38.182+08:00 level=DEBUG msg="UserStore.GetStats done" user_id=13
time=2026-06-04T23:55:38.185+08:00 level=DEBUG msg="UserService.GetStats called" user_id=13
time=2026-06-04T23:55:38.186+08:00 level=DEBUG msg="UserStore.GetStats called" user_id=13
time=2026-06-04T23:55:38.187+08:00 level=DEBUG msg="UserStore.GetStats done" user_id=13
time=2026-06-04T23:55:44.005+08:00 level=DEBUG msg="WordService.GetReviewQueue called" user_id=13 level=N5
time=2026-06-04T23:55:44.006+08:00 level=DEBUG msg="WordStoreAdapter.ListDueRecords called" user_id=13
time=2026-06-04T23:55:44.007+08:00 level=DEBUG msg="WordStore.ListDueRecords called" user_id=13 limit=200
time=2026-06-04T23:55:44.008+08:00 level=DEBUG msg="WordStore.ListDueRecords done" user_id=13 count=0
time=2026-06-04T23:55:44.009+08:00 level=DEBUG msg="WordStoreAdapter.ListByLevel called" level=N5
time=2026-06-04T23:55:44.010+08:00 level=DEBUG msg="WordStore.ListByLevel called" level=N5 page=1 size=10000
time=2026-06-04T23:55:44.011+08:00 level=DEBUG msg="WordStore.ListByLevel done" level=N5 count=114 total=114
time=2026-06-04T23:55:44.012+08:00 level=DEBUG msg="WordStore.GetRecord called" user_id=13 word_id=2472
time=2026-06-04T23:55:44.012+08:00 level=DEBUG msg="word_record not found" user_id=13 word_id=2472
time=2026-06-04T23:55:44.013+08:00 level=DEBUG msg="WordStore.GetRecord called" user_id=13 word_id=2482
time=2026-06-04T23:55:44.013+08:00 level=DEBUG msg="word_record not found" user_id=13 word_id=2482
time=2026-06-04T23:55:44.014+08:00 level=DEBUG msg="WordStore.GetRecord called" user_id=13 word_id=2641
time=2026-06-04T23:55:44.015+08:00 level=DEBUG msg="word_record not found" user_id=13 word_id=2641
time=2026-06-04T23:55:44.015+08:00 level=DEBUG msg="WordStore.GetRecord called" user_id=13 word_id=2642
time=2026-06-04T23:55:44.016+08:00 level=DEBUG msg="word_record not found" user_id=13 word_id=2642
time=2026-06-04T23:55:44.017+08:00 level=DEBUG msg="WordStore.GetRecord called" user_id=13 word_id=2643
time=2026-06-04T23:55:44.017+08:00 level=DEBUG msg="word_record not found" user_id=13 word_id=2643
time=2026-06-04T23:55:44.018+08:00 level=DEBUG msg="WordStore.GetRecord called" user_id=13 word_id=2644
time=2026-06-04T23:55:44.019+08:00 level=DEBUG msg="word_record not found" user_id=13 word_id=2644
time=2026-06-04T23:55:44.019+08:00 level=DEBUG msg="WordStore.GetRecord called" user_id=13 word_id=2645
time=2026-06-04T23:55:44.021+08:00 level=DEBUG msg="word_record not found" user_id=13 word_id=2645
time=2026-06-04T23:55:44.021+08:00 level=DEBUG msg="WordStore.GetRecord called" user_id=13 word_id=2646
time=2026-06-04T23:55:44.022+08:00 level=DEBUG msg="word_record not found" user_id=13 word_id=2646
time=2026-06-04T23:55:44.022+08:00 level=DEBUG msg="WordStore.GetRecord called" user_id=13 word_id=2647
time=2026-06-04T23:55:44.023+08:00 level=DEBUG msg="word_record not found" user_id=13 word_id=2647
time=2026-06-04T23:55:44.024+08:00 level=DEBUG msg="WordStore.GetRecord called" user_id=13 word_id=2648
time=2026-06-04T23:55:44.024+08:00 level=DEBUG msg="word_record not found" user_id=13 word_id=2648
time=2026-06-04T23:55:44.025+08:00 level=DEBUG msg="WordStore.GetRecord called" user_id=13 word_id=2649
time=2026-06-04T23:55:44.025+08:00 level=DEBUG msg="word_record not found" user_id=13 word_id=2649
time=2026-06-04T23:55:44.026+08:00 level=DEBUG msg="WordStore.GetRecord called" user_id=13 word_id=2650
time=2026-06-04T23:55:44.027+08:00 level=DEBUG msg="word_record not found" user_id=13 word_id=2650
time=2026-06-04T23:55:44.028+08:00 level=DEBUG msg="WordStore.GetRecord called" user_id=13 word_id=2651
time=2026-06-04T23:55:44.029+08:00 level=DEBUG msg="word_record not found" user_id=13 word_id=2651
time=2026-06-04T23:55:44.030+08:00 level=DEBUG msg="WordStore.GetRecord called" user_id=13 word_id=2652
time=2026-06-04T23:55:44.031+08:00 level=DEBUG msg="word_record not found" user_id=13 word_id=2652
time=2026-06-04T23:55:44.031+08:00 level=DEBUG msg="WordStore.GetRecord called" user_id=13 word_id=2653
time=2026-06-04T23:55:44.032+08:00 level=DEBUG msg="word_record not found" user_id=13 word_id=2653
time=2026-06-04T23:55:44.033+08:00 level=DEBUG msg="WordStore.GetRecord called" user_id=13 word_id=2654
time=2026-06-04T23:55:44.033+08:00 level=DEBUG msg="word_record not found" user_id=13 word_id=2654
time=2026-06-04T23:55:44.034+08:00 level=DEBUG msg="WordStore.GetRecord called" user_id=13 word_id=2655
time=2026-06-04T23:55:44.035+08:00 level=DEBUG msg="word_record not found" user_id=13 word_id=2655
time=2026-06-04T23:55:44.035+08:00 level=DEBUG msg="WordStore.GetRecord called" user_id=13 word_id=2656
time=2026-06-04T23:55:44.037+08:00 level=DEBUG msg="word_record not found" user_id=13 word_id=2656
time=2026-06-04T23:55:44.038+08:00 level=DEBUG msg="WordStore.GetRecord called" user_id=13 word_id=2657
time=2026-06-04T23:55:44.038+08:00 level=DEBUG msg="word_record not found" user_id=13 word_id=2657
time=2026-06-04T23:55:44.038+08:00 level=DEBUG msg="WordStore.GetRecord called" user_id=13 word_id=2658
time=2026-06-04T23:55:44.038+08:00 level=DEBUG msg="word_record not found" user_id=13 word_id=2658
time=2026-06-04T23:55:44.038+08:00 level=DEBUG msg="WordStore.GetRecord called" user_id=13 word_id=2659
time=2026-06-04T23:55:44.038+08:00 level=DEBUG msg="word_record not found" user_id=13 word_id=2659
time=2026-06-04T23:55:44.038+08:00 level=DEBUG msg="WordStore.GetRecord called" user_id=13 word_id=2660
time=2026-06-04T23:55:44.038+08:00 level=DEBUG msg="word_record not found" user_id=13 word_id=2660
time=2026-06-04T23:55:44.044+08:00 level=DEBUG msg="WordStore.GetRecord called" user_id=13 word_id=2661
time=2026-06-04T23:55:44.045+08:00 level=DEBUG msg="word_record not found" user_id=13 word_id=2661
time=2026-06-04T23:55:44.046+08:00 level=DEBUG msg="WordStore.GetRecord called" user_id=13 word_id=2662
time=2026-06-04T23:55:44.047+08:00 level=DEBUG msg="word_record not found" user_id=13 word_id=2662
time=2026-06-04T23:55:44.047+08:00 level=DEBUG msg="WordStore.GetRecord called" user_id=13 word_id=2663
time=2026-06-04T23:55:44.048+08:00 level=DEBUG msg="word_record not found" user_id=13 word_id=2663
time=2026-06-04T23:55:44.049+08:00 level=DEBUG msg="WordStore.GetRecord called" user_id=13 word_id=2664
time=2026-06-04T23:55:44.049+08:00 level=DEBUG msg="word_record not found" user_id=13 word_id=2664
time=2026-06-04T23:55:44.050+08:00 level=DEBUG msg="WordStore.GetRecord called" user_id=13 word_id=2665
time=2026-06-04T23:55:44.051+08:00 level=DEBUG msg="word_record not found" user_id=13 word_id=2665
time=2026-06-04T23:55:44.051+08:00 level=DEBUG msg="WordStore.GetRecord called" user_id=13 word_id=2666
time=2026-06-04T23:55:44.052+08:00 level=DEBUG msg="word_record not found" user_id=13 word_id=2666
time=2026-06-04T23:55:44.053+08:00 level=DEBUG msg="WordStore.GetRecord called" user_id=13 word_id=2667
time=2026-06-04T23:55:44.053+08:00 level=DEBUG msg="word_record not found" user_id=13 word_id=2667
time=2026-06-04T23:55:44.054+08:00 level=DEBUG msg="WordStore.GetRecord called" user_id=13 word_id=2668
time=2026-06-04T23:55:44.056+08:00 level=DEBUG msg="word_record not found" user_id=13 word_id=2668
time=2026-06-04T23:55:44.056+08:00 level=DEBUG msg="WordStore.GetRecord called" user_id=13 word_id=2669
time=2026-06-04T23:55:44.057+08:00 level=DEBUG msg="word_record not found" user_id=13 word_id=2669
time=2026-06-04T23:55:44.058+08:00 level=DEBUG msg="WordStore.GetRecord called" user_id=13 word_id=2670
time=2026-06-04T23:55:44.058+08:00 level=DEBUG msg="word_record not found" user_id=13 word_id=2670
time=2026-06-04T23:55:44.059+08:00 level=DEBUG msg="WordStore.GetRecord called" user_id=13 word_id=2671
time=2026-06-04T23:55:44.060+08:00 level=DEBUG msg="word_record not found" user_id=13 word_id=2671
time=2026-06-04T23:55:44.061+08:00 level=DEBUG msg="WordStore.GetRecord called" user_id=13 word_id=2672
time=2026-06-04T23:55:44.062+08:00 level=DEBUG msg="word_record not found" user_id=13 word_id=2672
time=2026-06-04T23:55:44.062+08:00 level=DEBUG msg="WordStore.GetRecord called" user_id=13 word_id=2673
time=2026-06-04T23:55:44.063+08:00 level=DEBUG msg="word_record not found" user_id=13 word_id=2673
time=2026-06-04T23:55:44.064+08:00 level=DEBUG msg="WordStore.GetRecord called" user_id=13 word_id=2674
time=2026-06-04T23:55:44.064+08:00 level=DEBUG msg="word_record not found" user_id=13 word_id=2674
time=2026-06-04T23:55:44.065+08:00 level=DEBUG msg="WordStore.GetRecord called" user_id=13 word_id=2675
time=2026-06-04T23:55:44.067+08:00 level=DEBUG msg="word_record not found" user_id=13 word_id=2675
time=2026-06-04T23:55:44.068+08:00 level=DEBUG msg="WordStore.GetRecord called" user_id=13 word_id=2676
time=2026-06-04T23:55:44.068+08:00 level=DEBUG msg="word_record not found" user_id=13 word_id=2676
time=2026-06-04T23:55:44.069+08:00 level=DEBUG msg="WordStore.GetRecord called" user_id=13 word_id=2677
time=2026-06-04T23:55:44.070+08:00 level=DEBUG msg="word_record not found" user_id=13 word_id=2677
time=2026-06-04T23:55:44.070+08:00 level=DEBUG msg="WordStore.GetRecord called" user_id=13 word_id=2678
time=2026-06-04T23:55:44.071+08:00 level=DEBUG msg="word_record not found" user_id=13 word_id=2678
time=2026-06-04T23:55:44.072+08:00 level=DEBUG msg="WordStore.GetRecord called" user_id=13 word_id=2679
time=2026-06-04T23:55:44.073+08:00 level=DEBUG msg="word_record not found" user_id=13 word_id=2679
time=2026-06-04T23:55:44.073+08:00 level=DEBUG msg="WordStore.GetRecord called" user_id=13 word_id=2680
time=2026-06-04T23:55:44.074+08:00 level=DEBUG msg="word_record not found" user_id=13 word_id=2680
time=2026-06-04T23:55:44.074+08:00 level=DEBUG msg="WordStore.GetRecord called" user_id=13 word_id=2681
time=2026-06-04T23:55:44.074+08:00 level=DEBUG msg="word_record not found" user_id=13 word_id=2681
time=2026-06-04T23:55:44.074+08:00 level=DEBUG msg="WordStore.GetRecord called" user_id=13 word_id=2682
time=2026-06-04T23:55:44.077+08:00 level=DEBUG msg="word_record not found" user_id=13 word_id=2682
time=2026-06-04T23:55:44.077+08:00 level=DEBUG msg="WordStore.GetRecord called" user_id=13 word_id=2683
time=2026-06-04T23:55:44.077+08:00 level=DEBUG msg="word_record not found" user_id=13 word_id=2683
time=2026-06-04T23:55:44.077+08:00 level=DEBUG msg="WordStore.GetRecord called" user_id=13 word_id=2684
time=2026-06-04T23:55:44.077+08:00 level=DEBUG msg="word_record not found" user_id=13 word_id=2684
time=2026-06-04T23:55:44.077+08:00 level=DEBUG msg="WordStore.GetRecord called" user_id=13 word_id=2686
time=2026-06-04T23:55:44.077+08:00 level=DEBUG msg="word_record not found" user_id=13 word_id=2686
time=2026-06-04T23:55:44.083+08:00 level=DEBUG msg="WordStore.GetRecord called" user_id=13 word_id=2687
time=2026-06-04T23:55:44.084+08:00 level=DEBUG msg="word_record not found" user_id=13 word_id=2687
time=2026-06-04T23:55:44.084+08:00 level=DEBUG msg="WordStore.GetRecord called" user_id=13 word_id=2688
time=2026-06-04T23:55:44.085+08:00 level=DEBUG msg="word_record not found" user_id=13 word_id=2688
time=2026-06-04T23:55:44.086+08:00 level=DEBUG msg="WordStore.GetRecord called" user_id=13 word_id=2689
time=2026-06-04T23:55:44.087+08:00 level=DEBUG msg="word_record not found" user_id=13 word_id=2689
time=2026-06-04T23:55:44.088+08:00 level=DEBUG msg="WordStore.GetRecord called" user_id=13 word_id=2690
time=2026-06-04T23:55:44.089+08:00 level=DEBUG msg="word_record not found" user_id=13 word_id=2690
time=2026-06-04T23:55:44.090+08:00 level=DEBUG msg="WordStore.GetRecord called" user_id=13 word_id=2691
time=2026-06-04T23:55:44.091+08:00 level=DEBUG msg="word_record not found" user_id=13 word_id=2691
time=2026-06-04T23:55:44.091+08:00 level=DEBUG msg="WordStore.GetRecord called" user_id=13 word_id=2692
time=2026-06-04T23:55:44.092+08:00 level=DEBUG msg="word_record not found" user_id=13 word_id=2692
time=2026-06-04T23:55:44.092+08:00 level=DEBUG msg="WordStore.GetRecord called" user_id=13 word_id=2693
time=2026-06-04T23:55:44.093+08:00 level=DEBUG msg="word_record not found" user_id=13 word_id=2693
time=2026-06-04T23:55:44.094+08:00 level=DEBUG msg="WordStore.GetRecord called" user_id=13 word_id=2694
time=2026-06-04T23:55:44.095+08:00 level=DEBUG msg="word_record not found" user_id=13 word_id=2694
time=2026-06-04T23:55:44.095+08:00 level=DEBUG msg="WordStore.GetRecord called" user_id=13 word_id=2695
time=2026-06-04T23:55:44.096+08:00 level=DEBUG msg="word_record not found" user_id=13 word_id=2695
time=2026-06-04T23:55:44.096+08:00 level=DEBUG msg="WordStore.GetRecord called" user_id=13 word_id=2696
time=2026-06-04T23:55:44.097+08:00 level=DEBUG msg="word_record not found" user_id=13 word_id=2696
time=2026-06-04T23:55:44.098+08:00 level=DEBUG msg="WordStore.GetRecord called" user_id=13 word_id=2697
time=2026-06-04T23:55:44.100+08:00 level=DEBUG msg="word_record not found" user_id=13 word_id=2697
time=2026-06-04T23:55:44.101+08:00 level=DEBUG msg="WordStore.GetRecord called" user_id=13 word_id=2698
time=2026-06-04T23:55:44.101+08:00 level=DEBUG msg="word_record not found" user_id=13 word_id=2698
time=2026-06-04T23:55:44.102+08:00 level=DEBUG msg="WordStore.GetRecord called" user_id=13 word_id=2699
time=2026-06-04T23:55:44.103+08:00 level=DEBUG msg="word_record not found" user_id=13 word_id=2699
time=2026-06-04T23:55:44.103+08:00 level=DEBUG msg="WordStore.GetRecord called" user_id=13 word_id=2700
time=2026-06-04T23:55:44.104+08:00 level=DEBUG msg="word_record not found" user_id=13 word_id=2700
time=2026-06-04T23:55:44.105+08:00 level=DEBUG msg="WordStore.GetRecord called" user_id=13 word_id=4006
time=2026-06-04T23:55:44.105+08:00 level=DEBUG msg="word_record not found" user_id=13 word_id=4006
time=2026-06-04T23:55:44.106+08:00 level=DEBUG msg="WordStore.GetRecord called" user_id=13 word_id=4012
time=2026-06-04T23:55:44.107+08:00 level=DEBUG msg="word_record not found" user_id=13 word_id=4012
time=2026-06-04T23:55:44.108+08:00 level=DEBUG msg="WordStore.GetRecord called" user_id=13 word_id=4048
time=2026-06-04T23:55:44.108+08:00 level=DEBUG msg="word_record not found" user_id=13 word_id=4048
time=2026-06-04T23:55:44.109+08:00 level=DEBUG msg="WordStore.GetRecord called" user_id=13 word_id=4072
time=2026-06-04T23:55:44.111+08:00 level=DEBUG msg="word_record not found" user_id=13 word_id=4072
time=2026-06-04T23:55:44.112+08:00 level=DEBUG msg="WordStore.GetRecord called" user_id=13 word_id=4081
time=2026-06-04T23:55:44.112+08:00 level=DEBUG msg="word_record not found" user_id=13 word_id=4081
time=2026-06-04T23:55:44.113+08:00 level=DEBUG msg="WordStore.GetRecord called" user_id=13 word_id=4134
time=2026-06-04T23:55:44.114+08:00 level=DEBUG msg="word_record not found" user_id=13 word_id=4134
time=2026-06-04T23:55:44.114+08:00 level=DEBUG msg="WordStore.GetRecord called" user_id=13 word_id=4147
time=2026-06-04T23:55:44.115+08:00 level=DEBUG msg="word_record not found" user_id=13 word_id=4147
time=2026-06-04T23:55:44.116+08:00 level=DEBUG msg="WordStore.GetRecord called" user_id=13 word_id=6511
time=2026-06-04T23:55:44.117+08:00 level=DEBUG msg="word_record not found" user_id=13 word_id=6511
time=2026-06-04T23:55:44.117+08:00 level=DEBUG msg="WordStore.GetRecord called" user_id=13 word_id=6519
time=2026-06-04T23:55:44.118+08:00 level=DEBUG msg="word_record not found" user_id=13 word_id=6519
time=2026-06-04T23:55:44.118+08:00 level=DEBUG msg="WordStore.GetRecord called" user_id=13 word_id=6520
time=2026-06-04T23:55:44.119+08:00 level=DEBUG msg="word_record not found" user_id=13 word_id=6520
time=2026-06-04T23:55:44.120+08:00 level=DEBUG msg="WordStore.GetRecord called" user_id=13 word_id=6525
time=2026-06-04T23:55:44.122+08:00 level=DEBUG msg="word_record not found" user_id=13 word_id=6525
time=2026-06-04T23:55:44.122+08:00 level=DEBUG msg="WordStore.GetRecord called" user_id=13 word_id=6526
time=2026-06-04T23:55:44.123+08:00 level=DEBUG msg="word_record not found" user_id=13 word_id=6526
time=2026-06-04T23:55:44.124+08:00 level=DEBUG msg="WordStore.GetRecord called" user_id=13 word_id=6530
time=2026-06-04T23:55:44.125+08:00 level=DEBUG msg="word_record not found" user_id=13 word_id=6530
time=2026-06-04T23:55:44.126+08:00 level=DEBUG msg="WordStore.GetRecord called" user_id=13 word_id=6531
time=2026-06-04T23:55:44.126+08:00 level=DEBUG msg="word_record not found" user_id=13 word_id=6531
time=2026-06-04T23:55:44.127+08:00 level=DEBUG msg="WordStore.GetRecord called" user_id=13 word_id=6532
time=2026-06-04T23:55:44.128+08:00 level=DEBUG msg="word_record not found" user_id=13 word_id=6532
time=2026-06-04T23:55:44.128+08:00 level=DEBUG msg="WordStore.GetRecord called" user_id=13 word_id=6538
time=2026-06-04T23:55:44.129+08:00 level=DEBUG msg="word_record not found" user_id=13 word_id=6538
time=2026-06-04T23:55:44.130+08:00 level=DEBUG msg="WordStore.GetRecord called" user_id=13 word_id=6539
time=2026-06-04T23:55:44.131+08:00 level=DEBUG msg="word_record not found" user_id=13 word_id=6539
time=2026-06-04T23:55:44.131+08:00 level=DEBUG msg="WordStore.GetRecord called" user_id=13 word_id=6541
time=2026-06-04T23:55:44.133+08:00 level=DEBUG msg="word_record not found" user_id=13 word_id=6541
time=2026-06-04T23:55:44.133+08:00 level=DEBUG msg="WordStore.GetRecord called" user_id=13 word_id=6542
time=2026-06-04T23:55:44.134+08:00 level=DEBUG msg="word_record not found" user_id=13 word_id=6542
time=2026-06-04T23:55:44.134+08:00 level=DEBUG msg="WordStore.GetRecord called" user_id=13 word_id=6553
time=2026-06-04T23:55:44.134+08:00 level=DEBUG msg="word_record not found" user_id=13 word_id=6553
time=2026-06-04T23:55:44.134+08:00 level=DEBUG msg="WordStore.GetRecord called" user_id=13 word_id=6554
time=2026-06-04T23:55:44.137+08:00 level=DEBUG msg="word_record not found" user_id=13 word_id=6554
time=2026-06-04T23:55:44.138+08:00 level=DEBUG msg="WordStore.GetRecord called" user_id=13 word_id=6564
time=2026-06-04T23:55:44.139+08:00 level=DEBUG msg="word_record not found" user_id=13 word_id=6564
time=2026-06-04T23:55:44.140+08:00 level=DEBUG msg="WordStore.GetRecord called" user_id=13 word_id=6579
time=2026-06-04T23:55:44.141+08:00 level=DEBUG msg="word_record not found" user_id=13 word_id=6579
time=2026-06-04T23:55:44.141+08:00 level=DEBUG msg="WordStore.GetRecord called" user_id=13 word_id=6584
time=2026-06-04T23:55:44.142+08:00 level=DEBUG msg="word_record not found" user_id=13 word_id=6584
time=2026-06-04T23:55:44.144+08:00 level=DEBUG msg="WordStore.GetRecord called" user_id=13 word_id=6594
time=2026-06-04T23:55:44.144+08:00 level=DEBUG msg="word_record not found" user_id=13 word_id=6594
time=2026-06-04T23:55:44.145+08:00 level=DEBUG msg="WordStore.GetRecord called" user_id=13 word_id=6597
time=2026-06-04T23:55:44.146+08:00 level=DEBUG msg="word_record not found" user_id=13 word_id=6597
time=2026-06-04T23:55:44.146+08:00 level=DEBUG msg="WordStore.GetRecord called" user_id=13 word_id=6598
time=2026-06-04T23:55:44.147+08:00 level=DEBUG msg="word_record not found" user_id=13 word_id=6598
time=2026-06-04T23:55:44.148+08:00 level=DEBUG msg="WordStore.GetRecord called" user_id=13 word_id=6599
time=2026-06-04T23:55:44.149+08:00 level=DEBUG msg="word_record not found" user_id=13 word_id=6599
time=2026-06-04T23:55:44.149+08:00 level=DEBUG msg="WordStore.GetRecord called" user_id=13 word_id=6602
time=2026-06-04T23:55:44.150+08:00 level=DEBUG msg="word_record not found" user_id=13 word_id=6602
time=2026-06-04T23:55:44.150+08:00 level=DEBUG msg="WordStore.GetRecord called" user_id=13 word_id=6603
time=2026-06-04T23:55:44.151+08:00 level=DEBUG msg="word_record not found" user_id=13 word_id=6603
time=2026-06-04T23:55:44.152+08:00 level=DEBUG msg="WordStore.GetRecord called" user_id=13 word_id=6606
time=2026-06-04T23:55:44.153+08:00 level=DEBUG msg="word_record not found" user_id=13 word_id=6606
time=2026-06-04T23:55:44.154+08:00 level=DEBUG msg="WordStore.GetRecord called" user_id=13 word_id=6613
time=2026-06-04T23:55:44.155+08:00 level=DEBUG msg="word_record not found" user_id=13 word_id=6613
time=2026-06-04T23:55:44.156+08:00 level=DEBUG msg="WordStore.GetRecord called" user_id=13 word_id=6622
time=2026-06-04T23:55:44.157+08:00 level=DEBUG msg="word_record not found" user_id=13 word_id=6622
time=2026-06-04T23:55:44.157+08:00 level=DEBUG msg="WordStore.GetRecord called" user_id=13 word_id=6647
time=2026-06-04T23:55:44.158+08:00 level=DEBUG msg="word_record not found" user_id=13 word_id=6647
time=2026-06-04T23:55:44.159+08:00 level=DEBUG msg="WordStore.GetRecord called" user_id=13 word_id=6667
time=2026-06-04T23:55:44.160+08:00 level=DEBUG msg="word_record not found" user_id=13 word_id=6667
time=2026-06-04T23:55:44.160+08:00 level=DEBUG msg="WordStore.GetRecord called" user_id=13 word_id=6672
time=2026-06-04T23:55:44.161+08:00 level=DEBUG msg="word_record not found" user_id=13 word_id=6672
time=2026-06-04T23:55:44.162+08:00 level=DEBUG msg="WordStore.GetRecord called" user_id=13 word_id=6680
time=2026-06-04T23:55:44.162+08:00 level=DEBUG msg="word_record not found" user_id=13 word_id=6680
time=2026-06-04T23:55:44.163+08:00 level=DEBUG msg="WordStore.GetRecord called" user_id=13 word_id=6682
time=2026-06-04T23:55:44.164+08:00 level=DEBUG msg="word_record not found" user_id=13 word_id=6682
time=2026-06-04T23:55:44.165+08:00 level=DEBUG msg="WordStore.GetRecord called" user_id=13 word_id=6686
time=2026-06-04T23:55:44.166+08:00 level=DEBUG msg="word_record not found" user_id=13 word_id=6686
time=2026-06-04T23:55:44.166+08:00 level=DEBUG msg="WordStore.GetRecord called" user_id=13 word_id=6692
time=2026-06-04T23:55:44.167+08:00 level=DEBUG msg="word_record not found" user_id=13 word_id=6692
time=2026-06-04T23:55:44.167+08:00 level=DEBUG msg="WordStore.GetRecord called" user_id=13 word_id=6694
time=2026-06-04T23:55:44.167+08:00 level=DEBUG msg="word_record not found" user_id=13 word_id=6694
time=2026-06-04T23:55:44.167+08:00 level=DEBUG msg="WordStore.GetRecord called" user_id=13 word_id=6697
time=2026-06-04T23:55:44.171+08:00 level=DEBUG msg="word_record not found" user_id=13 word_id=6697
time=2026-06-04T23:55:44.172+08:00 level=DEBUG msg="WordStore.GetRecord called" user_id=13 word_id=6706
time=2026-06-04T23:55:44.172+08:00 level=DEBUG msg="word_record not found" user_id=13 word_id=6706
time=2026-06-04T23:55:44.173+08:00 level=DEBUG msg="WordStore.GetRecord called" user_id=13 word_id=6721
time=2026-06-04T23:55:44.174+08:00 level=DEBUG msg="word_record not found" user_id=13 word_id=6721
time=2026-06-04T23:55:44.174+08:00 level=DEBUG msg="WordStore.GetRecord called" user_id=13 word_id=6730
time=2026-06-04T23:55:44.175+08:00 level=DEBUG msg="word_record not found" user_id=13 word_id=6730
time=2026-06-04T23:55:44.177+08:00 level=DEBUG msg="WordStore.GetRecord called" user_id=13 word_id=6752
time=2026-06-04T23:55:44.178+08:00 level=DEBUG msg="word_record not found" user_id=13 word_id=6752
time=2026-06-04T23:55:44.178+08:00 level=DEBUG msg="WordStore.GetRecord called" user_id=13 word_id=6764
time=2026-06-04T23:55:44.179+08:00 level=DEBUG msg="word_record not found" user_id=13 word_id=6764
time=2026-06-04T23:55:44.180+08:00 level=DEBUG msg="WordStore.GetRecord called" user_id=13 word_id=6771
time=2026-06-04T23:55:44.181+08:00 level=DEBUG msg="word_record not found" user_id=13 word_id=6771
time=2026-06-04T23:55:44.182+08:00 level=DEBUG msg="WordStore.GetRecord called" user_id=13 word_id=6778
time=2026-06-04T23:55:44.182+08:00 level=DEBUG msg="word_record not found" user_id=13 word_id=6778
time=2026-06-04T23:55:44.183+08:00 level=DEBUG msg="WordStore.GetRecord called" user_id=13 word_id=6791
time=2026-06-04T23:55:44.184+08:00 level=DEBUG msg="word_record not found" user_id=13 word_id=6791
time=2026-06-04T23:55:44.184+08:00 level=DEBUG msg="WordStore.GetRecord called" user_id=13 word_id=6803
time=2026-06-04T23:55:44.185+08:00 level=DEBUG msg="word_record not found" user_id=13 word_id=6803
time=2026-06-04T23:55:44.186+08:00 level=DEBUG msg="WordStore.GetRecord called" user_id=13 word_id=6804
time=2026-06-04T23:55:44.187+08:00 level=DEBUG msg="word_record not found" user_id=13 word_id=6804
time=2026-06-04T23:55:44.188+08:00 level=DEBUG msg="WordStore.GetRecord called" user_id=13 word_id=6825
time=2026-06-04T23:55:44.189+08:00 level=DEBUG msg="word_record not found" user_id=13 word_id=6825
time=2026-06-04T23:55:44.190+08:00 level=DEBUG msg="WordService.GetReviewQueue done" user_id=13 count=114
time=2026-06-04T23:55:44.190+08:00 level=DEBUG msg="UserStore.GetDailyGoals called" user_id=13
time=2026-06-04T23:55:44.191+08:00 level=DEBUG msg="UserStore.GetDailyGoals done" user_id=13
time=2026-06-04T23:55:44.257+08:00 level=DEBUG msg="WordService.GetReviewQueue called" user_id=13 level=N5
time=2026-06-04T23:55:44.258+08:00 level=DEBUG msg="WordStoreAdapter.ListDueRecords called" user_id=13
time=2026-06-04T23:55:44.259+08:00 level=DEBUG msg="WordStore.ListDueRecords called" user_id=13 limit=200
time=2026-06-04T23:55:44.260+08:00 level=DEBUG msg="WordStore.ListDueRecords done" user_id=13 count=0
time=2026-06-04T23:55:44.260+08:00 level=DEBUG msg="WordStoreAdapter.ListByLevel called" level=N5
time=2026-06-04T23:55:44.261+08:00 level=DEBUG msg="WordStore.ListByLevel called" level=N5 page=1 size=10000
time=2026-06-04T23:55:44.262+08:00 level=DEBUG msg="WordStore.ListByLevel done" level=N5 count=114 total=114
time=2026-06-04T23:55:44.263+08:00 level=DEBUG msg="WordStore.GetRecord called" user_id=13 word_id=2472
time=2026-06-04T23:55:44.264+08:00 level=DEBUG msg="word_record not found" user_id=13 word_id=2472
time=2026-06-04T23:55:44.265+08:00 level=DEBUG msg="WordStore.GetRecord called" user_id=13 word_id=2482
time=2026-06-04T23:55:44.267+08:00 level=DEBUG msg="word_record not found" user_id=13 word_id=2482
time=2026-06-04T23:55:44.267+08:00 level=DEBUG msg="WordStore.GetRecord called" user_id=13 word_id=2641
time=2026-06-04T23:55:44.268+08:00 level=DEBUG msg="word_record not found" user_id=13 word_id=2641
time=2026-06-04T23:55:44.269+08:00 level=DEBUG msg="WordStore.GetRecord called" user_id=13 word_id=2642
time=2026-06-04T23:55:44.270+08:00 level=DEBUG msg="word_record not found" user_id=13 word_id=2642
time=2026-06-04T23:55:44.271+08:00 level=DEBUG msg="WordStore.GetRecord called" user_id=13 word_id=2643
time=2026-06-04T23:55:44.272+08:00 level=DEBUG msg="word_record not found" user_id=13 word_id=2643
time=2026-06-04T23:55:44.272+08:00 level=DEBUG msg="WordStore.GetRecord called" user_id=13 word_id=2644
time=2026-06-04T23:55:44.273+08:00 level=DEBUG msg="word_record not found" user_id=13 word_id=2644
time=2026-06-04T23:55:44.274+08:00 level=DEBUG msg="WordStore.GetRecord called" user_id=13 word_id=2645
time=2026-06-04T23:55:44.274+08:00 level=DEBUG msg="word_record not found" user_id=13 word_id=2645
time=2026-06-04T23:55:44.275+08:00 level=DEBUG msg="WordStore.GetRecord called" user_id=13 word_id=2646
time=2026-06-04T23:55:44.277+08:00 level=DEBUG msg="word_record not found" user_id=13 word_id=2646
time=2026-06-04T23:55:44.278+08:00 level=DEBUG msg="WordStore.GetRecord called" user_id=13 word_id=2647
time=2026-06-04T23:55:44.278+08:00 level=DEBUG msg="word_record not found" user_id=13 word_id=2647
time=2026-06-04T23:55:44.279+08:00 level=DEBUG msg="WordStore.GetRecord called" user_id=13 word_id=2648
time=2026-06-04T23:55:44.280+08:00 level=DEBUG msg="word_record not found" user_id=13 word_id=2648
time=2026-06-04T23:55:44.280+08:00 level=DEBUG msg="WordStore.GetRecord called" user_id=13 word_id=2649
time=2026-06-04T23:55:44.281+08:00 level=DEBUG msg="word_record not found" user_id=13 word_id=2649
time=2026-06-04T23:55:44.282+08:00 level=DEBUG msg="WordStore.GetRecord called" user_id=13 word_id=2650
time=2026-06-04T23:55:44.283+08:00 level=DEBUG msg="word_record not found" user_id=13 word_id=2650
time=2026-06-04T23:55:44.284+08:00 level=DEBUG msg="WordStore.GetRecord called" user_id=13 word_id=2651
time=2026-06-04T23:55:44.284+08:00 level=DEBUG msg="word_record not found" user_id=13 word_id=2651
time=2026-06-04T23:55:44.285+08:00 level=DEBUG msg="WordStore.GetRecord called" user_id=13 word_id=2652
time=2026-06-04T23:55:44.285+08:00 level=DEBUG msg="word_record not found" user_id=13 word_id=2652
time=2026-06-04T23:55:44.287+08:00 level=DEBUG msg="WordStore.GetRecord called" user_id=13 word_id=2653
time=2026-06-04T23:55:44.288+08:00 level=DEBUG msg="word_record not found" user_id=13 word_id=2653
time=2026-06-04T23:55:44.289+08:00 level=DEBUG msg="WordStore.GetRecord called" user_id=13 word_id=2654
time=2026-06-04T23:55:44.289+08:00 level=DEBUG msg="word_record not found" user_id=13 word_id=2654
time=2026-06-04T23:55:44.289+08:00 level=DEBUG msg="WordStore.GetRecord called" user_id=13 word_id=2655
time=2026-06-04T23:55:44.289+08:00 level=DEBUG msg="word_record not found" user_id=13 word_id=2655
time=2026-06-04T23:55:44.289+08:00 level=DEBUG msg="WordStore.GetRecord called" user_id=13 word_id=2656
time=2026-06-04T23:55:44.289+08:00 level=DEBUG msg="word_record not found" user_id=13 word_id=2656
time=2026-06-04T23:55:44.289+08:00 level=DEBUG msg="WordStore.GetRecord called" user_id=13 word_id=2657
time=2026-06-04T23:55:44.289+08:00 level=DEBUG msg="word_record not found" user_id=13 word_id=2657
time=2026-06-04T23:55:44.289+08:00 level=DEBUG msg="WordStore.GetRecord called" user_id=13 word_id=2658
time=2026-06-04T23:55:44.296+08:00 level=DEBUG msg="word_record not found" user_id=13 word_id=2658
time=2026-06-04T23:55:44.296+08:00 level=DEBUG msg="WordStore.GetRecord called" user_id=13 word_id=2659
time=2026-06-04T23:55:44.297+08:00 level=DEBUG msg="word_record not found" user_id=13 word_id=2659
time=2026-06-04T23:55:44.299+08:00 level=DEBUG msg="WordStore.GetRecord called" user_id=13 word_id=2660
time=2026-06-04T23:55:44.299+08:00 level=DEBUG msg="word_record not found" user_id=13 word_id=2660
time=2026-06-04T23:55:44.300+08:00 level=DEBUG msg="WordStore.GetRecord called" user_id=13 word_id=2661
time=2026-06-04T23:55:44.301+08:00 level=DEBUG msg="word_record not found" user_id=13 word_id=2661
time=2026-06-04T23:55:44.301+08:00 level=DEBUG msg="WordStore.GetRecord called" user_id=13 word_id=2662
time=2026-06-04T23:55:44.302+08:00 level=DEBUG msg="word_record not found" user_id=13 word_id=2662
time=2026-06-04T23:55:44.303+08:00 level=DEBUG msg="WordStore.GetRecord called" user_id=13 word_id=2663
time=2026-06-04T23:55:44.303+08:00 level=DEBUG msg="word_record not found" user_id=13 word_id=2663
time=2026-06-04T23:55:44.304+08:00 level=DEBUG msg="WordStore.GetRecord called" user_id=13 word_id=2664
time=2026-06-04T23:55:44.305+08:00 level=DEBUG msg="word_record not found" user_id=13 word_id=2664
time=2026-06-04T23:55:44.305+08:00 level=DEBUG msg="WordStore.GetRecord called" user_id=13 word_id=2665
time=2026-06-04T23:55:44.306+08:00 level=DEBUG msg="word_record not found" user_id=13 word_id=2665
time=2026-06-04T23:55:44.307+08:00 level=DEBUG msg="WordStore.GetRecord called" user_id=13 word_id=2666
time=2026-06-04T23:55:44.307+08:00 level=DEBUG msg="word_record not found" user_id=13 word_id=2666
time=2026-06-04T23:55:44.308+08:00 level=DEBUG msg="WordStore.GetRecord called" user_id=13 word_id=2667
time=2026-06-04T23:55:44.310+08:00 level=DEBUG msg="word_record not found" user_id=13 word_id=2667
time=2026-06-04T23:55:44.310+08:00 level=DEBUG msg="WordStore.GetRecord called" user_id=13 word_id=2668
time=2026-06-04T23:55:44.312+08:00 level=DEBUG msg="word_record not found" user_id=13 word_id=2668
time=2026-06-04T23:55:44.312+08:00 level=DEBUG msg="WordStore.GetRecord called" user_id=13 word_id=2669
time=2026-06-04T23:55:44.313+08:00 level=DEBUG msg="word_record not found" user_id=13 word_id=2669
time=2026-06-04T23:55:44.314+08:00 level=DEBUG msg="WordStore.GetRecord called" user_id=13 word_id=2670
time=2026-06-04T23:55:44.314+08:00 level=DEBUG msg="word_record not found" user_id=13 word_id=2670
time=2026-06-04T23:55:44.315+08:00 level=DEBUG msg="WordStore.GetRecord called" user_id=13 word_id=2671
time=2026-06-04T23:55:44.316+08:00 level=DEBUG msg="word_record not found" user_id=13 word_id=2671
time=2026-06-04T23:55:44.316+08:00 level=DEBUG msg="WordStore.GetRecord called" user_id=13 word_id=2672
time=2026-06-04T23:55:44.317+08:00 level=DEBUG msg="word_record not found" user_id=13 word_id=2672
time=2026-06-04T23:55:44.318+08:00 level=DEBUG msg="WordStore.GetRecord called" user_id=13 word_id=2673
time=2026-06-04T23:55:44.318+08:00 level=DEBUG msg="word_record not found" user_id=13 word_id=2673
time=2026-06-04T23:55:44.319+08:00 level=DEBUG msg="WordStore.GetRecord called" user_id=13 word_id=2674
time=2026-06-04T23:55:44.321+08:00 level=DEBUG msg="word_record not found" user_id=13 word_id=2674
time=2026-06-04T23:55:44.322+08:00 level=DEBUG msg="WordStore.GetRecord called" user_id=13 word_id=2675
time=2026-06-04T23:55:44.322+08:00 level=DEBUG msg="word_record not found" user_id=13 word_id=2675
time=2026-06-04T23:55:44.323+08:00 level=DEBUG msg="WordStore.GetRecord called" user_id=13 word_id=2676
time=2026-06-04T23:55:44.324+08:00 level=DEBUG msg="word_record not found" user_id=13 word_id=2676
time=2026-06-04T23:55:44.324+08:00 level=DEBUG msg="WordStore.GetRecord called" user_id=13 word_id=2677
time=2026-06-04T23:55:44.324+08:00 level=DEBUG msg="word_record not found" user_id=13 word_id=2677
time=2026-06-04T23:55:44.326+08:00 level=DEBUG msg="WordStore.GetRecord called" user_id=13 word_id=2678
time=2026-06-04T23:55:44.326+08:00 level=DEBUG msg="word_record not found" user_id=13 word_id=2678
time=2026-06-04T23:55:44.326+08:00 level=DEBUG msg="WordStore.GetRecord called" user_id=13 word_id=2679
time=2026-06-04T23:55:44.326+08:00 level=DEBUG msg="word_record not found" user_id=13 word_id=2679
time=2026-06-04T23:55:44.329+08:00 level=DEBUG msg="WordStore.GetRecord called" user_id=13 word_id=2680
time=2026-06-04T23:55:44.329+08:00 level=DEBUG msg="word_record not found" user_id=13 word_id=2680
time=2026-06-04T23:55:44.329+08:00 level=DEBUG msg="WordStore.GetRecord called" user_id=13 word_id=2681
time=2026-06-04T23:55:44.332+08:00 level=DEBUG msg="word_record not found" user_id=13 word_id=2681
time=2026-06-04T23:55:44.333+08:00 level=DEBUG msg="WordStore.GetRecord called" user_id=13 word_id=2682
time=2026-06-04T23:55:44.333+08:00 level=DEBUG msg="word_record not found" user_id=13 word_id=2682
time=2026-06-04T23:55:44.334+08:00 level=DEBUG msg="WordStore.GetRecord called" user_id=13 word_id=2683
time=2026-06-04T23:55:44.335+08:00 level=DEBUG msg="word_record not found" user_id=13 word_id=2683
time=2026-06-04T23:55:44.335+08:00 level=DEBUG msg="WordStore.GetRecord called" user_id=13 word_id=2684
time=2026-06-04T23:55:44.336+08:00 level=DEBUG msg="word_record not found" user_id=13 word_id=2684
time=2026-06-04T23:55:44.337+08:00 level=DEBUG msg="WordStore.GetRecord called" user_id=13 word_id=2686
time=2026-06-04T23:55:44.338+08:00 level=DEBUG msg="word_record not found" user_id=13 word_id=2686
time=2026-06-04T23:55:44.338+08:00 level=DEBUG msg="WordStore.GetRecord called" user_id=13 word_id=2687
time=2026-06-04T23:55:44.339+08:00 level=DEBUG msg="word_record not found" user_id=13 word_id=2687
time=2026-06-04T23:55:44.340+08:00 level=DEBUG msg="WordStore.GetRecord called" user_id=13 word_id=2688
time=2026-06-04T23:55:44.341+08:00 level=DEBUG msg="word_record not found" user_id=13 word_id=2688
time=2026-06-04T23:55:44.342+08:00 level=DEBUG msg="WordStore.GetRecord called" user_id=13 word_id=2689
time=2026-06-04T23:55:44.342+08:00 level=DEBUG msg="word_record not found" user_id=13 word_id=2689
time=2026-06-04T23:55:44.344+08:00 level=DEBUG msg="WordStore.GetRecord called" user_id=13 word_id=2690
time=2026-06-04T23:55:44.344+08:00 level=DEBUG msg="word_record not found" user_id=13 word_id=2690
time=2026-06-04T23:55:44.345+08:00 level=DEBUG msg="WordStore.GetRecord called" user_id=13 word_id=2691
time=2026-06-04T23:55:44.346+08:00 level=DEBUG msg="word_record not found" user_id=13 word_id=2691
time=2026-06-04T23:55:44.347+08:00 level=DEBUG msg="WordStore.GetRecord called" user_id=13 word_id=2692
time=2026-06-04T23:55:44.348+08:00 level=DEBUG msg="word_record not found" user_id=13 word_id=2692
time=2026-06-04T23:55:44.348+08:00 level=DEBUG msg="WordStore.GetRecord called" user_id=13 word_id=2693
time=2026-06-04T23:55:44.349+08:00 level=DEBUG msg="word_record not found" user_id=13 word_id=2693
time=2026-06-04T23:55:44.350+08:00 level=DEBUG msg="WordStore.GetRecord called" user_id=13 word_id=2694
time=2026-06-04T23:55:44.351+08:00 level=DEBUG msg="word_record not found" user_id=13 word_id=2694
time=2026-06-04T23:55:44.351+08:00 level=DEBUG msg="WordStore.GetRecord called" user_id=13 word_id=2695
time=2026-06-04T23:55:44.352+08:00 level=DEBUG msg="word_record not found" user_id=13 word_id=2695
time=2026-06-04T23:55:44.354+08:00 level=DEBUG msg="WordStore.GetRecord called" user_id=13 word_id=2696
time=2026-06-04T23:55:44.354+08:00 level=DEBUG msg="word_record not found" user_id=13 word_id=2696
time=2026-06-04T23:55:44.355+08:00 level=DEBUG msg="WordStore.GetRecord called" user_id=13 word_id=2697
time=2026-06-04T23:55:44.356+08:00 level=DEBUG msg="word_record not found" user_id=13 word_id=2697
time=2026-06-04T23:55:44.357+08:00 level=DEBUG msg="WordStore.GetRecord called" user_id=13 word_id=2698
time=2026-06-04T23:55:44.357+08:00 level=DEBUG msg="word_record not found" user_id=13 word_id=2698
time=2026-06-04T23:55:44.358+08:00 level=DEBUG msg="WordStore.GetRecord called" user_id=13 word_id=2699
time=2026-06-04T23:55:44.359+08:00 level=DEBUG msg="word_record not found" user_id=13 word_id=2699
time=2026-06-04T23:55:44.359+08:00 level=DEBUG msg="WordStore.GetRecord called" user_id=13 word_id=2700
time=2026-06-04T23:55:44.360+08:00 level=DEBUG msg="word_record not found" user_id=13 word_id=2700
time=2026-06-04T23:55:44.361+08:00 level=DEBUG msg="WordStore.GetRecord called" user_id=13 word_id=4006
time=2026-06-04T23:55:44.361+08:00 level=DEBUG msg="word_record not found" user_id=13 word_id=4006
time=2026-06-04T23:55:44.362+08:00 level=DEBUG msg="WordStore.GetRecord called" user_id=13 word_id=4012
time=2026-06-04T23:55:44.363+08:00 level=DEBUG msg="word_record not found" user_id=13 word_id=4012
time=2026-06-04T23:55:44.365+08:00 level=DEBUG msg="WordStore.GetRecord called" user_id=13 word_id=4048
time=2026-06-04T23:55:44.366+08:00 level=DEBUG msg="word_record not found" user_id=13 word_id=4048
time=2026-06-04T23:55:44.366+08:00 level=DEBUG msg="WordStore.GetRecord called" user_id=13 word_id=4072
time=2026-06-04T23:55:44.367+08:00 level=DEBUG msg="word_record not found" user_id=13 word_id=4072
time=2026-06-04T23:55:44.368+08:00 level=DEBUG msg="WordStore.GetRecord called" user_id=13 word_id=4081
time=2026-06-04T23:55:44.368+08:00 level=DEBUG msg="word_record not found" user_id=13 word_id=4081
time=2026-06-04T23:55:44.369+08:00 level=DEBUG msg="WordStore.GetRecord called" user_id=13 word_id=4134
time=2026-06-04T23:55:44.370+08:00 level=DEBUG msg="word_record not found" user_id=13 word_id=4134
time=2026-06-04T23:55:44.370+08:00 level=DEBUG msg="WordStore.GetRecord called" user_id=13 word_id=4147
time=2026-06-04T23:55:44.371+08:00 level=DEBUG msg="word_record not found" user_id=13 word_id=4147
time=2026-06-04T23:55:44.372+08:00 level=DEBUG msg="WordStore.GetRecord called" user_id=13 word_id=6511
time=2026-06-04T23:55:44.373+08:00 level=DEBUG msg="word_record not found" user_id=13 word_id=6511
time=2026-06-04T23:55:44.373+08:00 level=DEBUG msg="WordStore.GetRecord called" user_id=13 word_id=6519
time=2026-06-04T23:55:44.374+08:00 level=DEBUG msg="word_record not found" user_id=13 word_id=6519
time=2026-06-04T23:55:44.376+08:00 level=DEBUG msg="WordStore.GetRecord called" user_id=13 word_id=6520
time=2026-06-04T23:55:44.377+08:00 level=DEBUG msg="word_record not found" user_id=13 word_id=6520
time=2026-06-04T23:55:44.377+08:00 level=DEBUG msg="WordStore.GetRecord called" user_id=13 word_id=6525
time=2026-06-04T23:55:44.378+08:00 level=DEBUG msg="word_record not found" user_id=13 word_id=6525
time=2026-06-04T23:55:44.379+08:00 level=DEBUG msg="WordStore.GetRecord called" user_id=13 word_id=6526
time=2026-06-04T23:55:44.379+08:00 level=DEBUG msg="word_record not found" user_id=13 word_id=6526
time=2026-06-04T23:55:44.380+08:00 level=DEBUG msg="WordStore.GetRecord called" user_id=13 word_id=6530
time=2026-06-04T23:55:44.381+08:00 level=DEBUG msg="word_record not found" user_id=13 word_id=6530
time=2026-06-04T23:55:44.381+08:00 level=DEBUG msg="WordStore.GetRecord called" user_id=13 word_id=6531
time=2026-06-04T23:55:44.383+08:00 level=DEBUG msg="word_record not found" user_id=13 word_id=6531
time=2026-06-04T23:55:44.383+08:00 level=DEBUG msg="WordStore.GetRecord called" user_id=13 word_id=6532
time=2026-06-04T23:55:44.384+08:00 level=DEBUG msg="word_record not found" user_id=13 word_id=6532
time=2026-06-04T23:55:44.385+08:00 level=DEBUG msg="WordStore.GetRecord called" user_id=13 word_id=6538
time=2026-06-04T23:55:44.386+08:00 level=DEBUG msg="word_record not found" user_id=13 word_id=6538
time=2026-06-04T23:55:44.387+08:00 level=DEBUG msg="WordStore.GetRecord called" user_id=13 word_id=6539
time=2026-06-04T23:55:44.388+08:00 level=DEBUG msg="word_record not found" user_id=13 word_id=6539
time=2026-06-04T23:55:44.388+08:00 level=DEBUG msg="WordStore.GetRecord called" user_id=13 word_id=6541
time=2026-06-04T23:55:44.389+08:00 level=DEBUG msg="word_record not found" user_id=13 word_id=6541
time=2026-06-04T23:55:44.390+08:00 level=DEBUG msg="WordStore.GetRecord called" user_id=13 word_id=6542
time=2026-06-04T23:55:44.391+08:00 level=DEBUG msg="word_record not found" user_id=13 word_id=6542
time=2026-06-04T23:55:44.392+08:00 level=DEBUG msg="WordStore.GetRecord called" user_id=13 word_id=6553
time=2026-06-04T23:55:44.392+08:00 level=DEBUG msg="word_record not found" user_id=13 word_id=6553
time=2026-06-04T23:55:44.392+08:00 level=DEBUG msg="WordStore.GetRecord called" user_id=13 word_id=6554
time=2026-06-04T23:55:44.394+08:00 level=DEBUG msg="word_record not found" user_id=13 word_id=6554
time=2026-06-04T23:55:44.394+08:00 level=DEBUG msg="WordStore.GetRecord called" user_id=13 word_id=6564
time=2026-06-04T23:55:44.395+08:00 level=DEBUG msg="word_record not found" user_id=13 word_id=6564
time=2026-06-04T23:55:44.396+08:00 level=DEBUG msg="WordStore.GetRecord called" user_id=13 word_id=6579
time=2026-06-04T23:55:44.398+08:00 level=DEBUG msg="word_record not found" user_id=13 word_id=6579
time=2026-06-04T23:55:44.399+08:00 level=DEBUG msg="WordStore.GetRecord called" user_id=13 word_id=6584
time=2026-06-04T23:55:44.399+08:00 level=DEBUG msg="word_record not found" user_id=13 word_id=6584
time=2026-06-04T23:55:44.400+08:00 level=DEBUG msg="WordStore.GetRecord called" user_id=13 word_id=6594
time=2026-06-04T23:55:44.401+08:00 level=DEBUG msg="word_record not found" user_id=13 word_id=6594
time=2026-06-04T23:55:44.401+08:00 level=DEBUG msg="WordStore.GetRecord called" user_id=13 word_id=6597
time=2026-06-04T23:55:44.402+08:00 level=DEBUG msg="word_record not found" user_id=13 word_id=6597
time=2026-06-04T23:55:44.403+08:00 level=DEBUG msg="WordStore.GetRecord called" user_id=13 word_id=6598
time=2026-06-04T23:55:44.403+08:00 level=DEBUG msg="word_record not found" user_id=13 word_id=6598
time=2026-06-04T23:55:44.404+08:00 level=DEBUG msg="WordStore.GetRecord called" user_id=13 word_id=6599
time=2026-06-04T23:55:44.405+08:00 level=DEBUG msg="word_record not found" user_id=13 word_id=6599
time=2026-06-04T23:55:44.406+08:00 level=DEBUG msg="WordStore.GetRecord called" user_id=13 word_id=6602
time=2026-06-04T23:55:44.406+08:00 level=DEBUG msg="word_record not found" user_id=13 word_id=6602
time=2026-06-04T23:55:44.407+08:00 level=DEBUG msg="WordStore.GetRecord called" user_id=13 word_id=6603
time=2026-06-04T23:55:44.408+08:00 level=DEBUG msg="word_record not found" user_id=13 word_id=6603
time=2026-06-04T23:55:44.409+08:00 level=DEBUG msg="WordStore.GetRecord called" user_id=13 word_id=6606
time=2026-06-04T23:55:44.410+08:00 level=DEBUG msg="word_record not found" user_id=13 word_id=6606
time=2026-06-04T23:55:44.411+08:00 level=DEBUG msg="WordStore.GetRecord called" user_id=13 word_id=6613
time=2026-06-04T23:55:44.411+08:00 level=DEBUG msg="word_record not found" user_id=13 word_id=6613
time=2026-06-04T23:55:44.412+08:00 level=DEBUG msg="WordStore.GetRecord called" user_id=13 word_id=6622
time=2026-06-04T23:55:44.413+08:00 level=DEBUG msg="word_record not found" user_id=13 word_id=6622
time=2026-06-04T23:55:44.413+08:00 level=DEBUG msg="WordStore.GetRecord called" user_id=13 word_id=6647
time=2026-06-04T23:55:44.414+08:00 level=DEBUG msg="word_record not found" user_id=13 word_id=6647
time=2026-06-04T23:55:44.415+08:00 level=DEBUG msg="WordStore.GetRecord called" user_id=13 word_id=6667
time=2026-06-04T23:55:44.416+08:00 level=DEBUG msg="word_record not found" user_id=13 word_id=6667
time=2026-06-04T23:55:44.417+08:00 level=DEBUG msg="WordStore.GetRecord called" user_id=13 word_id=6672
time=2026-06-04T23:55:44.417+08:00 level=DEBUG msg="word_record not found" user_id=13 word_id=6672
time=2026-06-04T23:55:44.418+08:00 level=DEBUG msg="WordStore.GetRecord called" user_id=13 word_id=6680
time=2026-06-04T23:55:44.419+08:00 level=DEBUG msg="word_record not found" user_id=13 word_id=6680
time=2026-06-04T23:55:44.420+08:00 level=DEBUG msg="WordStore.GetRecord called" user_id=13 word_id=6682
time=2026-06-04T23:55:44.421+08:00 level=DEBUG msg="word_record not found" user_id=13 word_id=6682
time=2026-06-04T23:55:44.422+08:00 level=DEBUG msg="WordStore.GetRecord called" user_id=13 word_id=6686
time=2026-06-04T23:55:44.423+08:00 level=DEBUG msg="word_record not found" user_id=13 word_id=6686
time=2026-06-04T23:55:44.423+08:00 level=DEBUG msg="WordStore.GetRecord called" user_id=13 word_id=6692
time=2026-06-04T23:55:44.424+08:00 level=DEBUG msg="word_record not found" user_id=13 word_id=6692
time=2026-06-04T23:55:44.425+08:00 level=DEBUG msg="WordStore.GetRecord called" user_id=13 word_id=6694
time=2026-06-04T23:55:44.425+08:00 level=DEBUG msg="word_record not found" user_id=13 word_id=6694
time=2026-06-04T23:55:44.426+08:00 level=DEBUG msg="WordStore.GetRecord called" user_id=13 word_id=6697
time=2026-06-04T23:55:44.427+08:00 level=DEBUG msg="word_record not found" user_id=13 word_id=6697
time=2026-06-04T23:55:44.427+08:00 level=DEBUG msg="WordStore.GetRecord called" user_id=13 word_id=6706
time=2026-06-04T23:55:44.428+08:00 level=DEBUG msg="word_record not found" user_id=13 word_id=6706
time=2026-06-04T23:55:44.429+08:00 level=DEBUG msg="WordStore.GetRecord called" user_id=13 word_id=6721
time=2026-06-04T23:55:44.430+08:00 level=DEBUG msg="word_record not found" user_id=13 word_id=6721
time=2026-06-04T23:55:44.431+08:00 level=DEBUG msg="WordStore.GetRecord called" user_id=13 word_id=6730
time=2026-06-04T23:55:44.432+08:00 level=DEBUG msg="word_record not found" user_id=13 word_id=6730
time=2026-06-04T23:55:44.433+08:00 level=DEBUG msg="WordStore.GetRecord called" user_id=13 word_id=6752
time=2026-06-04T23:55:44.434+08:00 level=DEBUG msg="word_record not found" user_id=13 word_id=6752
time=2026-06-04T23:55:44.434+08:00 level=DEBUG msg="WordStore.GetRecord called" user_id=13 word_id=6764
time=2026-06-04T23:55:44.435+08:00 level=DEBUG msg="word_record not found" user_id=13 word_id=6764
time=2026-06-04T23:55:44.436+08:00 level=DEBUG msg="WordStore.GetRecord called" user_id=13 word_id=6771
time=2026-06-04T23:55:44.436+08:00 level=DEBUG msg="word_record not found" user_id=13 word_id=6771
time=2026-06-04T23:55:44.437+08:00 level=DEBUG msg="WordStore.GetRecord called" user_id=13 word_id=6778
time=2026-06-04T23:55:44.438+08:00 level=DEBUG msg="word_record not found" user_id=13 word_id=6778
time=2026-06-04T23:55:44.438+08:00 level=DEBUG msg="WordStore.GetRecord called" user_id=13 word_id=6791
time=2026-06-04T23:55:44.439+08:00 level=DEBUG msg="word_record not found" user_id=13 word_id=6791
time=2026-06-04T23:55:44.440+08:00 level=DEBUG msg="WordStore.GetRecord called" user_id=13 word_id=6803
time=2026-06-04T23:55:44.441+08:00 level=DEBUG msg="word_record not found" user_id=13 word_id=6803
time=2026-06-04T23:55:44.443+08:00 level=DEBUG msg="WordStore.GetRecord called" user_id=13 word_id=6804
time=2026-06-04T23:55:44.443+08:00 level=DEBUG msg="word_record not found" user_id=13 word_id=6804
time=2026-06-04T23:55:44.444+08:00 level=DEBUG msg="WordStore.GetRecord called" user_id=13 word_id=6825
time=2026-06-04T23:55:44.445+08:00 level=DEBUG msg="word_record not found" user_id=13 word_id=6825
time=2026-06-04T23:55:44.445+08:00 level=DEBUG msg="WordService.GetReviewQueue done" user_id=13 count=114
time=2026-06-04T23:55:44.446+08:00 level=DEBUG msg="UserStore.GetDailyGoals called" user_id=13
time=2026-06-04T23:55:44.447+08:00 level=DEBUG msg="UserStore.GetDailyGoals done" user_id=13
time=2026-06-04T23:55:45.549+08:00 level=DEBUG msg="UserService.GetStats called" user_id=13
time=2026-06-04T23:55:45.550+08:00 level=DEBUG msg="UserStore.GetStats called" user_id=13
time=2026-06-04T23:55:45.551+08:00 level=DEBUG msg="UserStore.GetStats done" user_id=13
time=2026-06-04T23:55:45.857+08:00 level=DEBUG msg="UserService.GetStats called" user_id=13
time=2026-06-04T23:55:45.858+08:00 level=DEBUG msg="UserStore.GetStats called" user_id=13
time=2026-06-04T23:55:45.859+08:00 level=DEBUG msg="UserStore.GetStats done" user_id=13
time=2026-06-04T23:58:29.222+08:00 level=DEBUG msg="UserService.GetStats called" user_id=13
time=2026-06-04T23:58:32.368+08:00 level=DEBUG msg="UserStore.GetStats called" user_id=13
time=2026-06-04T23:58:32.369+08:00 level=DEBUG msg="UserStore.GetStats done" user_id=13
time=2026-06-04T23:58:37.134+08:00 level=DEBUG msg="UserService.GetStats called" user_id=13
time=2026-06-04T23:58:37.160+08:00 level=DEBUG msg="UserStore.GetStats called" user_id=13
time=2026-06-04T23:58:37.166+08:00 level=DEBUG msg="UserStore.GetStats done" user_id=13
time=2026-06-04T23:59:51.795+08:00 level=DEBUG msg="UserService.GetStats called" user_id=13
time=2026-06-04T23:59:54.983+08:00 level=DEBUG msg="UserStore.GetStats called" user_id=13
time=2026-06-04T23:59:54.985+08:00 level=DEBUG msg="UserStore.GetStats done" user_id=13
time=2026-06-04T23:59:54.991+08:00 level=DEBUG msg="UserService.GetStats called" user_id=13
time=2026-06-04T23:59:54.992+08:00 level=DEBUG msg="UserStore.GetStats called" user_id=13
time=2026-06-04T23:59:54.994+08:00 level=DEBUG msg="UserStore.GetStats done" user_id=13
time=2026-06-05T00:00:06.514+08:00 level=DEBUG msg="UserService.GetStats called" user_id=13
time=2026-06-05T00:00:06.603+08:00 level=DEBUG msg="UserStore.GetStats called" user_id=13
time=2026-06-05T00:00:06.613+08:00 level=DEBUG msg="UserStore.GetStats done" user_id=13
time=2026-06-05T00:00:06.624+08:00 level=DEBUG msg="UserService.GetStats called" user_id=13
time=2026-06-05T00:00:06.638+08:00 level=DEBUG msg="UserStore.GetStats called" user_id=13
time=2026-06-05T00:00:06.687+08:00 level=DEBUG msg="UserStore.GetStats done" user_id=13
time=2026-06-05T00:00:26.082+08:00 level=DEBUG msg="WordService.GetReviewQueue called" user_id=13 level=N5
time=2026-06-05T00:00:26.149+08:00 level=DEBUG msg="UserService.GetStats called" user_id=13
time=2026-06-05T00:00:28.886+08:00 level=DEBUG msg="UserStore.GetStats called" user_id=13
time=2026-06-05T00:00:28.884+08:00 level=DEBUG msg="WordStoreAdapter.ListDueRecords called" user_id=13
time=2026-06-05T00:00:28.888+08:00 level=DEBUG msg="WordStore.ListDueRecords called" user_id=13 limit=200
time=2026-06-05T00:00:28.888+08:00 level=DEBUG msg="UserStore.GetStats done" user_id=13
time=2026-06-05T00:00:28.889+08:00 level=DEBUG msg="WordStore.ListDueRecords done" user_id=13 count=0
time=2026-06-05T00:00:28.891+08:00 level=DEBUG msg="WordStoreAdapter.ListByLevel called" level=N5
time=2026-06-05T00:00:28.892+08:00 level=DEBUG msg="WordStore.ListByLevel called" level=N5 page=1 size=10000
time=2026-06-05T00:00:28.893+08:00 level=DEBUG msg="WordStore.ListByLevel done" level=N5 count=114 total=114
time=2026-06-05T00:00:28.895+08:00 level=DEBUG msg="WordStore.GetRecord called" user_id=13 word_id=2472
time=2026-06-05T00:00:28.896+08:00 level=DEBUG msg="word_record not found" user_id=13 word_id=2472
time=2026-06-05T00:00:28.897+08:00 level=DEBUG msg="WordStore.GetRecord called" user_id=13 word_id=2482
time=2026-06-05T00:00:28.898+08:00 level=DEBUG msg="word_record not found" user_id=13 word_id=2482
time=2026-06-05T00:00:28.899+08:00 level=DEBUG msg="WordStore.GetRecord called" user_id=13 word_id=2641
time=2026-06-05T00:00:28.900+08:00 level=DEBUG msg="word_record not found" user_id=13 word_id=2641
time=2026-06-05T00:00:28.901+08:00 level=DEBUG msg="WordStore.GetRecord called" user_id=13 word_id=2642
time=2026-06-05T00:00:28.902+08:00 level=DEBUG msg="word_record not found" user_id=13 word_id=2642
time=2026-06-05T00:00:28.904+08:00 level=DEBUG msg="WordStore.GetRecord called" user_id=13 word_id=2643
time=2026-06-05T00:00:28.905+08:00 level=DEBUG msg="word_record not found" user_id=13 word_id=2643
time=2026-06-05T00:00:28.906+08:00 level=DEBUG msg="WordStore.GetRecord called" user_id=13 word_id=2644
time=2026-06-05T00:00:28.907+08:00 level=DEBUG msg="word_record not found" user_id=13 word_id=2644
time=2026-06-05T00:00:28.908+08:00 level=DEBUG msg="WordStore.GetRecord called" user_id=13 word_id=2645
time=2026-06-05T00:00:28.909+08:00 level=DEBUG msg="word_record not found" user_id=13 word_id=2645
time=2026-06-05T00:00:28.910+08:00 level=DEBUG msg="WordStore.GetRecord called" user_id=13 word_id=2646
time=2026-06-05T00:00:28.911+08:00 level=DEBUG msg="word_record not found" user_id=13 word_id=2646
time=2026-06-05T00:00:28.912+08:00 level=DEBUG msg="WordStore.GetRecord called" user_id=13 word_id=2647
time=2026-06-05T00:00:28.913+08:00 level=DEBUG msg="word_record not found" user_id=13 word_id=2647
time=2026-06-05T00:00:28.914+08:00 level=DEBUG msg="WordStore.GetRecord called" user_id=13 word_id=2648
time=2026-06-05T00:00:28.915+08:00 level=DEBUG msg="word_record not found" user_id=13 word_id=2648
time=2026-06-05T00:00:28.917+08:00 level=DEBUG msg="WordStore.GetRecord called" user_id=13 word_id=2649
time=2026-06-05T00:00:28.918+08:00 level=DEBUG msg="word_record not found" user_id=13 word_id=2649
time=2026-06-05T00:00:28.919+08:00 level=DEBUG msg="WordStore.GetRecord called" user_id=13 word_id=2650
time=2026-06-05T00:00:28.920+08:00 level=DEBUG msg="word_record not found" user_id=13 word_id=2650
time=2026-06-05T00:00:28.921+08:00 level=DEBUG msg="WordStore.GetRecord called" user_id=13 word_id=2651
time=2026-06-05T00:00:28.922+08:00 level=DEBUG msg="word_record not found" user_id=13 word_id=2651
time=2026-06-05T00:00:28.923+08:00 level=DEBUG msg="WordStore.GetRecord called" user_id=13 word_id=2652
time=2026-06-05T00:00:28.923+08:00 level=DEBUG msg="word_record not found" user_id=13 word_id=2652
time=2026-06-05T00:00:28.923+08:00 level=DEBUG msg="WordStore.GetRecord called" user_id=13 word_id=2653
time=2026-06-05T00:00:28.923+08:00 level=DEBUG msg="word_record not found" user_id=13 word_id=2653
time=2026-06-05T00:00:28.923+08:00 level=DEBUG msg="WordStore.GetRecord called" user_id=13 word_id=2654
time=2026-06-05T00:00:28.923+08:00 level=DEBUG msg="word_record not found" user_id=13 word_id=2654
time=2026-06-05T00:00:28.923+08:00 level=DEBUG msg="WordStore.GetRecord called" user_id=13 word_id=2655
time=2026-06-05T00:00:28.923+08:00 level=DEBUG msg="word_record not found" user_id=13 word_id=2655
time=2026-06-05T00:00:28.923+08:00 level=DEBUG msg="WordStore.GetRecord called" user_id=13 word_id=2656
time=2026-06-05T00:00:28.931+08:00 level=DEBUG msg="word_record not found" user_id=13 word_id=2656
time=2026-06-05T00:00:28.931+08:00 level=DEBUG msg="WordStore.GetRecord called" user_id=13 word_id=2657
time=2026-06-05T00:00:28.932+08:00 level=DEBUG msg="word_record not found" user_id=13 word_id=2657
time=2026-06-05T00:00:28.933+08:00 level=DEBUG msg="WordStore.GetRecord called" user_id=13 word_id=2658
time=2026-06-05T00:00:28.933+08:00 level=DEBUG msg="word_record not found" user_id=13 word_id=2658
time=2026-06-05T00:00:28.935+08:00 level=DEBUG msg="WordStore.GetRecord called" user_id=13 word_id=2659
time=2026-06-05T00:00:28.935+08:00 level=DEBUG msg="word_record not found" user_id=13 word_id=2659
time=2026-06-05T00:00:28.937+08:00 level=DEBUG msg="WordStore.GetRecord called" user_id=13 word_id=2660
time=2026-06-05T00:00:28.938+08:00 level=DEBUG msg="word_record not found" user_id=13 word_id=2660
time=2026-06-05T00:00:28.940+08:00 level=DEBUG msg="WordStore.GetRecord called" user_id=13 word_id=2661
time=2026-06-05T00:00:28.940+08:00 level=DEBUG msg="word_record not found" user_id=13 word_id=2661
time=2026-06-05T00:00:28.942+08:00 level=DEBUG msg="WordStore.GetRecord called" user_id=13 word_id=2662
time=2026-06-05T00:00:28.943+08:00 level=DEBUG msg="word_record not found" user_id=13 word_id=2662
time=2026-06-05T00:00:28.943+08:00 level=DEBUG msg="WordStore.GetRecord called" user_id=13 word_id=2663
time=2026-06-05T00:00:28.944+08:00 level=DEBUG msg="word_record not found" user_id=13 word_id=2663
time=2026-06-05T00:00:28.945+08:00 level=DEBUG msg="WordStore.GetRecord called" user_id=13 word_id=2664
time=2026-06-05T00:00:28.946+08:00 level=DEBUG msg="word_record not found" user_id=13 word_id=2664
time=2026-06-05T00:00:28.947+08:00 level=DEBUG msg="WordStore.GetRecord called" user_id=13 word_id=2665
time=2026-06-05T00:00:28.948+08:00 level=DEBUG msg="word_record not found" user_id=13 word_id=2665
time=2026-06-05T00:00:28.950+08:00 level=DEBUG msg="WordStore.GetRecord called" user_id=13 word_id=2666
time=2026-06-05T00:00:28.951+08:00 level=DEBUG msg="word_record not found" user_id=13 word_id=2666
time=2026-06-05T00:00:28.952+08:00 level=DEBUG msg="WordStore.GetRecord called" user_id=13 word_id=2667
time=2026-06-05T00:00:28.953+08:00 level=DEBUG msg="word_record not found" user_id=13 word_id=2667
time=2026-06-05T00:00:28.954+08:00 level=DEBUG msg="WordStore.GetRecord called" user_id=13 word_id=2668
time=2026-06-05T00:00:28.955+08:00 level=DEBUG msg="word_record not found" user_id=13 word_id=2668
time=2026-06-05T00:00:28.955+08:00 level=DEBUG msg="WordStore.GetRecord called" user_id=13 word_id=2669
time=2026-06-05T00:00:28.957+08:00 level=DEBUG msg="word_record not found" user_id=13 word_id=2669
time=2026-06-05T00:00:28.958+08:00 level=DEBUG msg="WordStore.GetRecord called" user_id=13 word_id=2670
time=2026-06-05T00:00:28.958+08:00 level=DEBUG msg="word_record not found" user_id=13 word_id=2670
time=2026-06-05T00:00:28.960+08:00 level=DEBUG msg="WordStore.GetRecord called" user_id=13 word_id=2671
time=2026-06-05T00:00:28.962+08:00 level=DEBUG msg="word_record not found" user_id=13 word_id=2671
time=2026-06-05T00:00:28.962+08:00 level=DEBUG msg="WordStore.GetRecord called" user_id=13 word_id=2672
time=2026-06-05T00:00:28.963+08:00 level=DEBUG msg="word_record not found" user_id=13 word_id=2672
time=2026-06-05T00:00:28.964+08:00 level=DEBUG msg="WordStore.GetRecord called" user_id=13 word_id=2673
time=2026-06-05T00:00:28.965+08:00 level=DEBUG msg="word_record not found" user_id=13 word_id=2673
time=2026-06-05T00:00:28.966+08:00 level=DEBUG msg="WordStore.GetRecord called" user_id=13 word_id=2674
time=2026-06-05T00:00:28.967+08:00 level=DEBUG msg="word_record not found" user_id=13 word_id=2674
time=2026-06-05T00:00:28.968+08:00 level=DEBUG msg="WordStore.GetRecord called" user_id=13 word_id=2675
time=2026-06-05T00:00:28.969+08:00 level=DEBUG msg="word_record not found" user_id=13 word_id=2675
time=2026-06-05T00:00:28.970+08:00 level=DEBUG msg="WordStore.GetRecord called" user_id=13 word_id=2676
time=2026-06-05T00:00:28.971+08:00 level=DEBUG msg="word_record not found" user_id=13 word_id=2676
time=2026-06-05T00:00:28.972+08:00 level=DEBUG msg="WordStore.GetRecord called" user_id=13 word_id=2677
time=2026-06-05T00:00:28.974+08:00 level=DEBUG msg="word_record not found" user_id=13 word_id=2677
time=2026-06-05T00:00:28.975+08:00 level=DEBUG msg="WordStore.GetRecord called" user_id=13 word_id=2678
time=2026-06-05T00:00:28.976+08:00 level=DEBUG msg="word_record not found" user_id=13 word_id=2678
time=2026-06-05T00:00:28.976+08:00 level=DEBUG msg="WordStore.GetRecord called" user_id=13 word_id=2679
time=2026-06-05T00:00:28.978+08:00 level=DEBUG msg="word_record not found" user_id=13 word_id=2679
time=2026-06-05T00:00:28.978+08:00 level=DEBUG msg="WordStore.GetRecord called" user_id=13 word_id=2680
time=2026-06-05T00:00:28.979+08:00 level=DEBUG msg="word_record not found" user_id=13 word_id=2680
time=2026-06-05T00:00:28.980+08:00 level=DEBUG msg="WordStore.GetRecord called" user_id=13 word_id=2681
time=2026-06-05T00:00:28.981+08:00 level=DEBUG msg="word_record not found" user_id=13 word_id=2681
time=2026-06-05T00:00:28.983+08:00 level=DEBUG msg="WordStore.GetRecord called" user_id=13 word_id=2682
time=2026-06-05T00:00:28.985+08:00 level=DEBUG msg="word_record not found" user_id=13 word_id=2682
time=2026-06-05T00:00:28.986+08:00 level=DEBUG msg="WordStore.GetRecord called" user_id=13 word_id=2683
time=2026-06-05T00:00:28.986+08:00 level=DEBUG msg="word_record not found" user_id=13 word_id=2683
time=2026-06-05T00:00:28.987+08:00 level=DEBUG msg="WordStore.GetRecord called" user_id=13 word_id=2684
time=2026-06-05T00:00:28.989+08:00 level=DEBUG msg="word_record not found" user_id=13 word_id=2684
time=2026-06-05T00:00:28.989+08:00 level=DEBUG msg="WordStore.GetRecord called" user_id=13 word_id=2686
time=2026-06-05T00:00:28.990+08:00 level=DEBUG msg="word_record not found" user_id=13 word_id=2686
time=2026-06-05T00:00:28.991+08:00 level=DEBUG msg="WordStore.GetRecord called" user_id=13 word_id=2687
time=2026-06-05T00:00:28.992+08:00 level=DEBUG msg="word_record not found" user_id=13 word_id=2687
time=2026-06-05T00:00:28.994+08:00 level=DEBUG msg="WordStore.GetRecord called" user_id=13 word_id=2688
time=2026-06-05T00:00:28.995+08:00 level=DEBUG msg="word_record not found" user_id=13 word_id=2688
time=2026-06-05T00:00:28.996+08:00 level=DEBUG msg="WordStore.GetRecord called" user_id=13 word_id=2689
time=2026-06-05T00:00:28.997+08:00 level=DEBUG msg="word_record not found" user_id=13 word_id=2689
time=2026-06-05T00:00:28.998+08:00 level=DEBUG msg="WordStore.GetRecord called" user_id=13 word_id=2690
time=2026-06-05T00:00:28.999+08:00 level=DEBUG msg="word_record not found" user_id=13 word_id=2690
time=2026-06-05T00:00:29.000+08:00 level=DEBUG msg="WordStore.GetRecord called" user_id=13 word_id=2691
time=2026-06-05T00:00:29.000+08:00 level=DEBUG msg="word_record not found" user_id=13 word_id=2691
time=2026-06-05T00:00:29.001+08:00 level=DEBUG msg="WordStore.GetRecord called" user_id=13 word_id=2692
time=2026-06-05T00:00:29.003+08:00 level=DEBUG msg="word_record not found" user_id=13 word_id=2692
time=2026-06-05T00:00:29.004+08:00 level=DEBUG msg="WordStore.GetRecord called" user_id=13 word_id=2693
time=2026-06-05T00:00:29.005+08:00 level=DEBUG msg="word_record not found" user_id=13 word_id=2693
time=2026-06-05T00:00:29.006+08:00 level=DEBUG msg="WordStore.GetRecord called" user_id=13 word_id=2694
time=2026-06-05T00:00:29.008+08:00 level=DEBUG msg="word_record not found" user_id=13 word_id=2694
time=2026-06-05T00:00:29.009+08:00 level=DEBUG msg="WordStore.GetRecord called" user_id=13 word_id=2695
time=2026-06-05T00:00:29.009+08:00 level=DEBUG msg="word_record not found" user_id=13 word_id=2695
time=2026-06-05T00:00:29.010+08:00 level=DEBUG msg="WordStore.GetRecord called" user_id=13 word_id=2696
time=2026-06-05T00:00:29.011+08:00 level=DEBUG msg="word_record not found" user_id=13 word_id=2696
time=2026-06-05T00:00:29.012+08:00 level=DEBUG msg="WordStore.GetRecord called" user_id=13 word_id=2697
time=2026-06-05T00:00:29.013+08:00 level=DEBUG msg="word_record not found" user_id=13 word_id=2697
time=2026-06-05T00:00:29.014+08:00 level=DEBUG msg="WordStore.GetRecord called" user_id=13 word_id=2698
time=2026-06-05T00:00:29.017+08:00 level=DEBUG msg="word_record not found" user_id=13 word_id=2698
time=2026-06-05T00:00:29.017+08:00 level=DEBUG msg="WordStore.GetRecord called" user_id=13 word_id=2699
time=2026-06-05T00:00:29.018+08:00 level=DEBUG msg="word_record not found" user_id=13 word_id=2699
time=2026-06-05T00:00:29.019+08:00 level=DEBUG msg="WordStore.GetRecord called" user_id=13 word_id=2700
time=2026-06-05T00:00:29.020+08:00 level=DEBUG msg="word_record not found" user_id=13 word_id=2700
time=2026-06-05T00:00:29.021+08:00 level=DEBUG msg="WordStore.GetRecord called" user_id=13 word_id=4006
time=2026-06-05T00:00:29.022+08:00 level=DEBUG msg="word_record not found" user_id=13 word_id=4006
time=2026-06-05T00:00:29.023+08:00 level=DEBUG msg="WordStore.GetRecord called" user_id=13 word_id=4012
time=2026-06-05T00:00:29.024+08:00 level=DEBUG msg="word_record not found" user_id=13 word_id=4012
time=2026-06-05T00:00:29.025+08:00 level=DEBUG msg="WordStore.GetRecord called" user_id=13 word_id=4048
time=2026-06-05T00:00:29.026+08:00 level=DEBUG msg="word_record not found" user_id=13 word_id=4048
time=2026-06-05T00:00:29.028+08:00 level=DEBUG msg="WordStore.GetRecord called" user_id=13 word_id=4072
time=2026-06-05T00:00:29.029+08:00 level=DEBUG msg="word_record not found" user_id=13 word_id=4072
time=2026-06-05T00:00:29.030+08:00 level=DEBUG msg="WordStore.GetRecord called" user_id=13 word_id=4081
time=2026-06-05T00:00:29.031+08:00 level=DEBUG msg="word_record not found" user_id=13 word_id=4081
time=2026-06-05T00:00:29.032+08:00 level=DEBUG msg="WordStore.GetRecord called" user_id=13 word_id=4134
time=2026-06-05T00:00:29.033+08:00 level=DEBUG msg="word_record not found" user_id=13 word_id=4134
time=2026-06-05T00:00:29.034+08:00 level=DEBUG msg="WordStore.GetRecord called" user_id=13 word_id=4147
time=2026-06-05T00:00:29.035+08:00 level=DEBUG msg="word_record not found" user_id=13 word_id=4147
time=2026-06-05T00:00:29.036+08:00 level=DEBUG msg="WordStore.GetRecord called" user_id=13 word_id=6511
time=2026-06-05T00:00:29.036+08:00 level=DEBUG msg="word_record not found" user_id=13 word_id=6511
time=2026-06-05T00:00:29.039+08:00 level=DEBUG msg="WordStore.GetRecord called" user_id=13 word_id=6519
time=2026-06-05T00:00:29.040+08:00 level=DEBUG msg="word_record not found" user_id=13 word_id=6519
time=2026-06-05T00:00:29.041+08:00 level=DEBUG msg="WordStore.GetRecord called" user_id=13 word_id=6520
time=2026-06-05T00:00:29.041+08:00 level=DEBUG msg="word_record not found" user_id=13 word_id=6520
time=2026-06-05T00:00:29.042+08:00 level=DEBUG msg="WordStore.GetRecord called" user_id=13 word_id=6525
time=2026-06-05T00:00:29.044+08:00 level=DEBUG msg="word_record not found" user_id=13 word_id=6525
time=2026-06-05T00:00:29.045+08:00 level=DEBUG msg="WordStore.GetRecord called" user_id=13 word_id=6526
time=2026-06-05T00:00:29.045+08:00 level=DEBUG msg="word_record not found" user_id=13 word_id=6526
time=2026-06-05T00:00:29.046+08:00 level=DEBUG msg="WordStore.GetRecord called" user_id=13 word_id=6530
time=2026-06-05T00:00:29.047+08:00 level=DEBUG msg="word_record not found" user_id=13 word_id=6530
time=2026-06-05T00:00:29.049+08:00 level=DEBUG msg="WordStore.GetRecord called" user_id=13 word_id=6531
time=2026-06-05T00:00:29.050+08:00 level=DEBUG msg="word_record not found" user_id=13 word_id=6531
time=2026-06-05T00:00:29.051+08:00 level=DEBUG msg="WordStore.GetRecord called" user_id=13 word_id=6532
time=2026-06-05T00:00:29.052+08:00 level=DEBUG msg="word_record not found" user_id=13 word_id=6532
time=2026-06-05T00:00:29.053+08:00 level=DEBUG msg="WordStore.GetRecord called" user_id=13 word_id=6538
time=2026-06-05T00:00:29.054+08:00 level=DEBUG msg="word_record not found" user_id=13 word_id=6538
time=2026-06-05T00:00:29.055+08:00 level=DEBUG msg="WordStore.GetRecord called" user_id=13 word_id=6539
time=2026-06-05T00:00:29.056+08:00 level=DEBUG msg="word_record not found" user_id=13 word_id=6539
time=2026-06-05T00:00:29.057+08:00 level=DEBUG msg="WordStore.GetRecord called" user_id=13 word_id=6541
time=2026-06-05T00:00:29.058+08:00 level=DEBUG msg="word_record not found" user_id=13 word_id=6541
time=2026-06-05T00:00:29.060+08:00 level=DEBUG msg="WordStore.GetRecord called" user_id=13 word_id=6542
time=2026-06-05T00:00:29.061+08:00 level=DEBUG msg="word_record not found" user_id=13 word_id=6542
time=2026-06-05T00:00:29.062+08:00 level=DEBUG msg="WordStore.GetRecord called" user_id=13 word_id=6553
time=2026-06-05T00:00:29.063+08:00 level=DEBUG msg="word_record not found" user_id=13 word_id=6553
time=2026-06-05T00:00:29.064+08:00 level=DEBUG msg="WordStore.GetRecord called" user_id=13 word_id=6554
time=2026-06-05T00:00:29.065+08:00 level=DEBUG msg="word_record not found" user_id=13 word_id=6554
time=2026-06-05T00:00:29.066+08:00 level=DEBUG msg="WordStore.GetRecord called" user_id=13 word_id=6564
time=2026-06-05T00:00:29.067+08:00 level=DEBUG msg="word_record not found" user_id=13 word_id=6564
time=2026-06-05T00:00:29.067+08:00 level=DEBUG msg="WordStore.GetRecord called" user_id=13 word_id=6579
time=2026-06-05T00:00:29.068+08:00 level=DEBUG msg="word_record not found" user_id=13 word_id=6579
time=2026-06-05T00:00:29.070+08:00 level=DEBUG msg="WordStore.GetRecord called" user_id=13 word_id=6584
time=2026-06-05T00:00:29.072+08:00 level=DEBUG msg="word_record not found" user_id=13 word_id=6584
time=2026-06-05T00:00:29.073+08:00 level=DEBUG msg="WordStore.GetRecord called" user_id=13 word_id=6594
time=2026-06-05T00:00:29.074+08:00 level=DEBUG msg="word_record not found" user_id=13 word_id=6594
time=2026-06-05T00:00:29.075+08:00 level=DEBUG msg="WordStore.GetRecord called" user_id=13 word_id=6597
time=2026-06-05T00:00:29.076+08:00 level=DEBUG msg="word_record not found" user_id=13 word_id=6597
time=2026-06-05T00:00:29.077+08:00 level=DEBUG msg="WordStore.GetRecord called" user_id=13 word_id=6598
time=2026-06-05T00:00:29.078+08:00 level=DEBUG msg="word_record not found" user_id=13 word_id=6598
time=2026-06-05T00:00:29.078+08:00 level=DEBUG msg="WordStore.GetRecord called" user_id=13 word_id=6599
time=2026-06-05T00:00:29.079+08:00 level=DEBUG msg="word_record not found" user_id=13 word_id=6599
time=2026-06-05T00:00:29.080+08:00 level=DEBUG msg="WordStore.GetRecord called" user_id=13 word_id=6602
time=2026-06-05T00:00:29.082+08:00 level=DEBUG msg="word_record not found" user_id=13 word_id=6602
time=2026-06-05T00:00:29.083+08:00 level=DEBUG msg="WordStore.GetRecord called" user_id=13 word_id=6603
time=2026-06-05T00:00:29.085+08:00 level=DEBUG msg="word_record not found" user_id=13 word_id=6603
time=2026-06-05T00:00:29.086+08:00 level=DEBUG msg="WordStore.GetRecord called" user_id=13 word_id=6606
time=2026-06-05T00:00:29.086+08:00 level=DEBUG msg="word_record not found" user_id=13 word_id=6606
time=2026-06-05T00:00:29.087+08:00 level=DEBUG msg="WordStore.GetRecord called" user_id=13 word_id=6613
time=2026-06-05T00:00:29.088+08:00 level=DEBUG msg="word_record not found" user_id=13 word_id=6613
time=2026-06-05T00:00:29.089+08:00 level=DEBUG msg="WordStore.GetRecord called" user_id=13 word_id=6622
time=2026-06-05T00:00:29.090+08:00 level=DEBUG msg="word_record not found" user_id=13 word_id=6622
time=2026-06-05T00:00:29.091+08:00 level=DEBUG msg="WordStore.GetRecord called" user_id=13 word_id=6647
time=2026-06-05T00:00:29.092+08:00 level=DEBUG msg="word_record not found" user_id=13 word_id=6647
time=2026-06-05T00:00:29.094+08:00 level=DEBUG msg="WordStore.GetRecord called" user_id=13 word_id=6667
time=2026-06-05T00:00:29.095+08:00 level=DEBUG msg="word_record not found" user_id=13 word_id=6667
time=2026-06-05T00:00:29.096+08:00 level=DEBUG msg="WordStore.GetRecord called" user_id=13 word_id=6672
time=2026-06-05T00:00:29.097+08:00 level=DEBUG msg="word_record not found" user_id=13 word_id=6672
time=2026-06-05T00:00:29.098+08:00 level=DEBUG msg="WordStore.GetRecord called" user_id=13 word_id=6680
time=2026-06-05T00:00:29.099+08:00 level=DEBUG msg="word_record not found" user_id=13 word_id=6680
time=2026-06-05T00:00:29.099+08:00 level=DEBUG msg="WordStore.GetRecord called" user_id=13 word_id=6682
time=2026-06-05T00:00:29.100+08:00 level=DEBUG msg="word_record not found" user_id=13 word_id=6682
time=2026-06-05T00:00:29.101+08:00 level=DEBUG msg="WordStore.GetRecord called" user_id=13 word_id=6686
time=2026-06-05T00:00:29.102+08:00 level=DEBUG msg="word_record not found" user_id=13 word_id=6686
time=2026-06-05T00:00:29.104+08:00 level=DEBUG msg="WordStore.GetRecord called" user_id=13 word_id=6692
time=2026-06-05T00:00:29.106+08:00 level=DEBUG msg="word_record not found" user_id=13 word_id=6692
time=2026-06-05T00:00:29.107+08:00 level=DEBUG msg="WordStore.GetRecord called" user_id=13 word_id=6694
time=2026-06-05T00:00:29.108+08:00 level=DEBUG msg="word_record not found" user_id=13 word_id=6694
time=2026-06-05T00:00:29.108+08:00 level=DEBUG msg="WordStore.GetRecord called" user_id=13 word_id=6697
time=2026-06-05T00:00:29.109+08:00 level=DEBUG msg="word_record not found" user_id=13 word_id=6697
time=2026-06-05T00:00:29.111+08:00 level=DEBUG msg="WordStore.GetRecord called" user_id=13 word_id=6706
time=2026-06-05T00:00:29.111+08:00 level=DEBUG msg="word_record not found" user_id=13 word_id=6706
time=2026-06-05T00:00:29.113+08:00 level=DEBUG msg="WordStore.GetRecord called" user_id=13 word_id=6721
time=2026-06-05T00:00:29.113+08:00 level=DEBUG msg="word_record not found" user_id=13 word_id=6721
time=2026-06-05T00:00:29.115+08:00 level=DEBUG msg="WordStore.GetRecord called" user_id=13 word_id=6730
time=2026-06-05T00:00:29.116+08:00 level=DEBUG msg="word_record not found" user_id=13 word_id=6730
time=2026-06-05T00:00:29.117+08:00 level=DEBUG msg="WordStore.GetRecord called" user_id=13 word_id=6752
time=2026-06-05T00:00:29.118+08:00 level=DEBUG msg="word_record not found" user_id=13 word_id=6752
time=2026-06-05T00:00:29.119+08:00 level=DEBUG msg="WordStore.GetRecord called" user_id=13 word_id=6764
time=2026-06-05T00:00:29.120+08:00 level=DEBUG msg="word_record not found" user_id=13 word_id=6764
time=2026-06-05T00:00:29.121+08:00 level=DEBUG msg="WordStore.GetRecord called" user_id=13 word_id=6771
time=2026-06-05T00:00:29.122+08:00 level=DEBUG msg="word_record not found" user_id=13 word_id=6771
time=2026-06-05T00:00:29.123+08:00 level=DEBUG msg="WordStore.GetRecord called" user_id=13 word_id=6778
time=2026-06-05T00:00:29.124+08:00 level=DEBUG msg="word_record not found" user_id=13 word_id=6778
time=2026-06-05T00:00:29.126+08:00 level=DEBUG msg="WordStore.GetRecord called" user_id=13 word_id=6791
time=2026-06-05T00:00:29.127+08:00 level=DEBUG msg="word_record not found" user_id=13 word_id=6791
time=2026-06-05T00:00:29.128+08:00 level=DEBUG msg="WordStore.GetRecord called" user_id=13 word_id=6803
time=2026-06-05T00:00:29.129+08:00 level=DEBUG msg="word_record not found" user_id=13 word_id=6803
time=2026-06-05T00:00:29.130+08:00 level=DEBUG msg="WordStore.GetRecord called" user_id=13 word_id=6804
time=2026-06-05T00:00:29.131+08:00 level=DEBUG msg="word_record not found" user_id=13 word_id=6804
time=2026-06-05T00:00:29.132+08:00 level=DEBUG msg="WordStore.GetRecord called" user_id=13 word_id=6825
time=2026-06-05T00:00:29.133+08:00 level=DEBUG msg="word_record not found" user_id=13 word_id=6825
time=2026-06-05T00:00:29.134+08:00 level=DEBUG msg="WordService.GetReviewQueue done" user_id=13 count=114
time=2026-06-05T00:00:29.135+08:00 level=DEBUG msg="UserStore.GetDailyGoals called" user_id=13
time=2026-06-05T00:00:29.136+08:00 level=DEBUG msg="UserStore.GetDailyGoals done" user_id=13
time=2026-06-05T00:00:29.203+08:00 level=DEBUG msg="UserService.GetStats called" user_id=13
time=2026-06-05T00:00:29.214+08:00 level=DEBUG msg="UserStore.GetStats called" user_id=13
time=2026-06-05T00:00:29.217+08:00 level=DEBUG msg="UserStore.GetStats done" user_id=13
time=2026-06-05T00:00:29.454+08:00 level=DEBUG msg="WordService.GetReviewQueue called" user_id=13 level=N5
time=2026-06-05T00:00:29.521+08:00 level=DEBUG msg="WordStoreAdapter.ListDueRecords called" user_id=13
time=2026-06-05T00:00:29.542+08:00 level=DEBUG msg="WordStore.ListDueRecords called" user_id=13 limit=200
time=2026-06-05T00:00:29.544+08:00 level=DEBUG msg="WordStore.ListDueRecords done" user_id=13 count=0
time=2026-06-05T00:00:29.544+08:00 level=DEBUG msg="WordStoreAdapter.ListByLevel called" level=N5
time=2026-06-05T00:00:29.545+08:00 level=DEBUG msg="WordStore.ListByLevel called" level=N5 page=1 size=10000
time=2026-06-05T00:00:29.547+08:00 level=DEBUG msg="WordStore.ListByLevel done" level=N5 count=114 total=114
time=2026-06-05T00:00:29.547+08:00 level=DEBUG msg="WordStore.GetRecord called" user_id=13 word_id=2472
time=2026-06-05T00:00:29.548+08:00 level=DEBUG msg="word_record not found" user_id=13 word_id=2472
time=2026-06-05T00:00:29.549+08:00 level=DEBUG msg="WordStore.GetRecord called" user_id=13 word_id=2482
time=2026-06-05T00:00:29.550+08:00 level=DEBUG msg="word_record not found" user_id=13 word_id=2482
time=2026-06-05T00:00:29.550+08:00 level=DEBUG msg="WordStore.GetRecord called" user_id=13 word_id=2641
time=2026-06-05T00:00:29.552+08:00 level=DEBUG msg="word_record not found" user_id=13 word_id=2641
time=2026-06-05T00:00:29.553+08:00 level=DEBUG msg="WordStore.GetRecord called" user_id=13 word_id=2642
time=2026-06-05T00:00:29.554+08:00 level=DEBUG msg="word_record not found" user_id=13 word_id=2642
time=2026-06-05T00:00:29.555+08:00 level=DEBUG msg="WordStore.GetRecord called" user_id=13 word_id=2643
time=2026-06-05T00:00:29.556+08:00 level=DEBUG msg="word_record not found" user_id=13 word_id=2643
time=2026-06-05T00:00:29.558+08:00 level=DEBUG msg="WordStore.GetRecord called" user_id=13 word_id=2644
time=2026-06-05T00:00:29.559+08:00 level=DEBUG msg="word_record not found" user_id=13 word_id=2644
time=2026-06-05T00:00:29.560+08:00 level=DEBUG msg="WordStore.GetRecord called" user_id=13 word_id=2645
time=2026-06-05T00:00:29.560+08:00 level=DEBUG msg="word_record not found" user_id=13 word_id=2645
time=2026-06-05T00:00:29.561+08:00 level=DEBUG msg="WordStore.GetRecord called" user_id=13 word_id=2646
time=2026-06-05T00:00:29.562+08:00 level=DEBUG msg="word_record not found" user_id=13 word_id=2646
time=2026-06-05T00:00:29.563+08:00 level=DEBUG msg="WordStore.GetRecord called" user_id=13 word_id=2647
time=2026-06-05T00:00:29.563+08:00 level=DEBUG msg="word_record not found" user_id=13 word_id=2647
time=2026-06-05T00:00:29.564+08:00 level=DEBUG msg="WordStore.GetRecord called" user_id=13 word_id=2648
time=2026-06-05T00:00:29.565+08:00 level=DEBUG msg="word_record not found" user_id=13 word_id=2648
time=2026-06-05T00:00:29.566+08:00 level=DEBUG msg="WordStore.GetRecord called" user_id=13 word_id=2649
time=2026-06-05T00:00:29.567+08:00 level=DEBUG msg="word_record not found" user_id=13 word_id=2649
time=2026-06-05T00:00:29.568+08:00 level=DEBUG msg="WordStore.GetRecord called" user_id=13 word_id=2650
time=2026-06-05T00:00:29.569+08:00 level=DEBUG msg="word_record not found" user_id=13 word_id=2650
time=2026-06-05T00:00:29.570+08:00 level=DEBUG msg="WordStore.GetRecord called" user_id=13 word_id=2651
time=2026-06-05T00:00:29.571+08:00 level=DEBUG msg="word_record not found" user_id=13 word_id=2651
time=2026-06-05T00:00:29.572+08:00 level=DEBUG msg="WordStore.GetRecord called" user_id=13 word_id=2652
time=2026-06-05T00:00:29.572+08:00 level=DEBUG msg="word_record not found" user_id=13 word_id=2652
time=2026-06-05T00:00:29.573+08:00 level=DEBUG msg="WordStore.GetRecord called" user_id=13 word_id=2653
time=2026-06-05T00:00:29.574+08:00 level=DEBUG msg="word_record not found" user_id=13 word_id=2653
time=2026-06-05T00:00:29.574+08:00 level=DEBUG msg="WordStore.GetRecord called" user_id=13 word_id=2654
time=2026-06-05T00:00:29.575+08:00 level=DEBUG msg="word_record not found" user_id=13 word_id=2654
time=2026-06-05T00:00:29.576+08:00 level=DEBUG msg="WordStore.GetRecord called" user_id=13 word_id=2655
time=2026-06-05T00:00:29.577+08:00 level=DEBUG msg="word_record not found" user_id=13 word_id=2655
time=2026-06-05T00:00:29.577+08:00 level=DEBUG msg="WordStore.GetRecord called" user_id=13 word_id=2656
time=2026-06-05T00:00:29.578+08:00 level=DEBUG msg="word_record not found" user_id=13 word_id=2656
time=2026-06-05T00:00:29.579+08:00 level=DEBUG msg="WordStore.GetRecord called" user_id=13 word_id=2657
time=2026-06-05T00:00:29.580+08:00 level=DEBUG msg="word_record not found" user_id=13 word_id=2657
time=2026-06-05T00:00:29.581+08:00 level=DEBUG msg="WordStore.GetRecord called" user_id=13 word_id=2658
time=2026-06-05T00:00:29.582+08:00 level=DEBUG msg="word_record not found" user_id=13 word_id=2658
time=2026-06-05T00:00:29.582+08:00 level=DEBUG msg="WordStore.GetRecord called" user_id=13 word_id=2659
time=2026-06-05T00:00:29.583+08:00 level=DEBUG msg="word_record not found" user_id=13 word_id=2659
time=2026-06-05T00:00:29.584+08:00 level=DEBUG msg="WordStore.GetRecord called" user_id=13 word_id=2660
time=2026-06-05T00:00:29.584+08:00 level=DEBUG msg="word_record not found" user_id=13 word_id=2660
time=2026-06-05T00:00:29.585+08:00 level=DEBUG msg="WordStore.GetRecord called" user_id=13 word_id=2661
time=2026-06-05T00:00:29.586+08:00 level=DEBUG msg="word_record not found" user_id=13 word_id=2661
time=2026-06-05T00:00:29.587+08:00 level=DEBUG msg="WordStore.GetRecord called" user_id=13 word_id=2662
time=2026-06-05T00:00:29.587+08:00 level=DEBUG msg="word_record not found" user_id=13 word_id=2662
time=2026-06-05T00:00:29.588+08:00 level=DEBUG msg="WordStore.GetRecord called" user_id=13 word_id=2663
time=2026-06-05T00:00:29.589+08:00 level=DEBUG msg="word_record not found" user_id=13 word_id=2663
time=2026-06-05T00:00:29.590+08:00 level=DEBUG msg="WordStore.GetRecord called" user_id=13 word_id=2664
time=2026-06-05T00:00:29.591+08:00 level=DEBUG msg="word_record not found" user_id=13 word_id=2664
time=2026-06-05T00:00:29.592+08:00 level=DEBUG msg="WordStore.GetRecord called" user_id=13 word_id=2665
time=2026-06-05T00:00:29.592+08:00 level=DEBUG msg="word_record not found" user_id=13 word_id=2665
time=2026-06-05T00:00:29.593+08:00 level=DEBUG msg="WordStore.GetRecord called" user_id=13 word_id=2666
time=2026-06-05T00:00:29.594+08:00 level=DEBUG msg="word_record not found" user_id=13 word_id=2666
time=2026-06-05T00:00:29.594+08:00 level=DEBUG msg="WordStore.GetRecord called" user_id=13 word_id=2667
time=2026-06-05T00:00:29.595+08:00 level=DEBUG msg="word_record not found" user_id=13 word_id=2667
time=2026-06-05T00:00:29.595+08:00 level=DEBUG msg="WordStore.GetRecord called" user_id=13 word_id=2668
time=2026-06-05T00:00:29.595+08:00 level=DEBUG msg="word_record not found" user_id=13 word_id=2668
time=2026-06-05T00:00:29.595+08:00 level=DEBUG msg="WordStore.GetRecord called" user_id=13 word_id=2669
time=2026-06-05T00:00:29.595+08:00 level=DEBUG msg="word_record not found" user_id=13 word_id=2669
time=2026-06-05T00:00:29.595+08:00 level=DEBUG msg="WordStore.GetRecord called" user_id=13 word_id=2670
time=2026-06-05T00:00:29.595+08:00 level=DEBUG msg="word_record not found" user_id=13 word_id=2670
time=2026-06-05T00:00:29.601+08:00 level=DEBUG msg="WordStore.GetRecord called" user_id=13 word_id=2671
time=2026-06-05T00:00:29.602+08:00 level=DEBUG msg="word_record not found" user_id=13 word_id=2671
time=2026-06-05T00:00:29.603+08:00 level=DEBUG msg="WordStore.GetRecord called" user_id=13 word_id=2672
time=2026-06-05T00:00:29.604+08:00 level=DEBUG msg="word_record not found" user_id=13 word_id=2672
time=2026-06-05T00:00:29.604+08:00 level=DEBUG msg="WordStore.GetRecord called" user_id=13 word_id=2673
time=2026-06-05T00:00:29.605+08:00 level=DEBUG msg="word_record not found" user_id=13 word_id=2673
time=2026-06-05T00:00:29.606+08:00 level=DEBUG msg="WordStore.GetRecord called" user_id=13 word_id=2674
time=2026-06-05T00:00:29.607+08:00 level=DEBUG msg="word_record not found" user_id=13 word_id=2674
time=2026-06-05T00:00:29.607+08:00 level=DEBUG msg="WordStore.GetRecord called" user_id=13 word_id=2675
time=2026-06-05T00:00:29.608+08:00 level=DEBUG msg="word_record not found" user_id=13 word_id=2675
time=2026-06-05T00:00:29.609+08:00 level=DEBUG msg="WordStore.GetRecord called" user_id=13 word_id=2676
time=2026-06-05T00:00:29.609+08:00 level=DEBUG msg="word_record not found" user_id=13 word_id=2676
time=2026-06-05T00:00:29.610+08:00 level=DEBUG msg="WordStore.GetRecord called" user_id=13 word_id=2677
time=2026-06-05T00:00:29.611+08:00 level=DEBUG msg="word_record not found" user_id=13 word_id=2677
time=2026-06-05T00:00:29.612+08:00 level=DEBUG msg="WordStore.GetRecord called" user_id=13 word_id=2678
time=2026-06-05T00:00:29.613+08:00 level=DEBUG msg="word_record not found" user_id=13 word_id=2678
time=2026-06-05T00:00:29.614+08:00 level=DEBUG msg="WordStore.GetRecord called" user_id=13 word_id=2679
time=2026-06-05T00:00:29.615+08:00 level=DEBUG msg="word_record not found" user_id=13 word_id=2679
time=2026-06-05T00:00:29.616+08:00 level=DEBUG msg="WordStore.GetRecord called" user_id=13 word_id=2680
time=2026-06-05T00:00:29.616+08:00 level=DEBUG msg="word_record not found" user_id=13 word_id=2680
time=2026-06-05T00:00:29.617+08:00 level=DEBUG msg="WordStore.GetRecord called" user_id=13 word_id=2681
time=2026-06-05T00:00:29.618+08:00 level=DEBUG msg="word_record not found" user_id=13 word_id=2681
time=2026-06-05T00:00:29.618+08:00 level=DEBUG msg="WordStore.GetRecord called" user_id=13 word_id=2682
time=2026-06-05T00:00:29.619+08:00 level=DEBUG msg="word_record not found" user_id=13 word_id=2682
time=2026-06-05T00:00:29.620+08:00 level=DEBUG msg="WordStore.GetRecord called" user_id=13 word_id=2683
time=2026-06-05T00:00:29.620+08:00 level=DEBUG msg="word_record not found" user_id=13 word_id=2683
time=2026-06-05T00:00:29.621+08:00 level=DEBUG msg="WordStore.GetRecord called" user_id=13 word_id=2684
time=2026-06-05T00:00:29.622+08:00 level=DEBUG msg="word_record not found" user_id=13 word_id=2684
time=2026-06-05T00:00:29.623+08:00 level=DEBUG msg="WordStore.GetRecord called" user_id=13 word_id=2686
time=2026-06-05T00:00:29.624+08:00 level=DEBUG msg="word_record not found" user_id=13 word_id=2686
time=2026-06-05T00:00:29.625+08:00 level=DEBUG msg="WordStore.GetRecord called" user_id=13 word_id=2687
time=2026-06-05T00:00:29.626+08:00 level=DEBUG msg="word_record not found" user_id=13 word_id=2687
time=2026-06-05T00:00:29.626+08:00 level=DEBUG msg="WordStore.GetRecord called" user_id=13 word_id=2688
time=2026-06-05T00:00:29.627+08:00 level=DEBUG msg="word_record not found" user_id=13 word_id=2688
time=2026-06-05T00:00:29.628+08:00 level=DEBUG msg="WordStore.GetRecord called" user_id=13 word_id=2689
time=2026-06-05T00:00:29.629+08:00 level=DEBUG msg="word_record not found" user_id=13 word_id=2689
time=2026-06-05T00:00:29.629+08:00 level=DEBUG msg="WordStore.GetRecord called" user_id=13 word_id=2690
time=2026-06-05T00:00:29.630+08:00 level=DEBUG msg="word_record not found" user_id=13 word_id=2690
time=2026-06-05T00:00:29.631+08:00 level=DEBUG msg="WordStore.GetRecord called" user_id=13 word_id=2691
time=2026-06-05T00:00:29.631+08:00 level=DEBUG msg="word_record not found" user_id=13 word_id=2691
time=2026-06-05T00:00:29.632+08:00 level=DEBUG msg="WordStore.GetRecord called" user_id=13 word_id=2692
time=2026-06-05T00:00:29.633+08:00 level=DEBUG msg="word_record not found" user_id=13 word_id=2692
time=2026-06-05T00:00:29.634+08:00 level=DEBUG msg="WordStore.GetRecord called" user_id=13 word_id=2693
time=2026-06-05T00:00:29.636+08:00 level=DEBUG msg="word_record not found" user_id=13 word_id=2693
time=2026-06-05T00:00:29.636+08:00 level=DEBUG msg="WordStore.GetRecord called" user_id=13 word_id=2694
time=2026-06-05T00:00:29.637+08:00 level=DEBUG msg="word_record not found" user_id=13 word_id=2694
time=2026-06-05T00:00:29.638+08:00 level=DEBUG msg="WordStore.GetRecord called" user_id=13 word_id=2695
time=2026-06-05T00:00:29.638+08:00 level=DEBUG msg="word_record not found" user_id=13 word_id=2695
time=2026-06-05T00:00:29.639+08:00 level=DEBUG msg="WordStore.GetRecord called" user_id=13 word_id=2696
time=2026-06-05T00:00:29.640+08:00 level=DEBUG msg="word_record not found" user_id=13 word_id=2696
time=2026-06-05T00:00:29.641+08:00 level=DEBUG msg="WordStore.GetRecord called" user_id=13 word_id=2697
time=2026-06-05T00:00:29.641+08:00 level=DEBUG msg="word_record not found" user_id=13 word_id=2697
time=2026-06-05T00:00:29.642+08:00 level=DEBUG msg="WordStore.GetRecord called" user_id=13 word_id=2698
time=2026-06-05T00:00:29.643+08:00 level=DEBUG msg="word_record not found" user_id=13 word_id=2698
time=2026-06-05T00:00:29.643+08:00 level=DEBUG msg="WordStore.GetRecord called" user_id=13 word_id=2699
time=2026-06-05T00:00:29.644+08:00 level=DEBUG msg="word_record not found" user_id=13 word_id=2699
time=2026-06-05T00:00:29.646+08:00 level=DEBUG msg="WordStore.GetRecord called" user_id=13 word_id=2700
time=2026-06-05T00:00:29.647+08:00 level=DEBUG msg="word_record not found" user_id=13 word_id=2700
time=2026-06-05T00:00:29.647+08:00 level=DEBUG msg="WordStore.GetRecord called" user_id=13 word_id=4006
time=2026-06-05T00:00:29.648+08:00 level=DEBUG msg="word_record not found" user_id=13 word_id=4006
time=2026-06-05T00:00:29.649+08:00 level=DEBUG msg="WordStore.GetRecord called" user_id=13 word_id=4012
time=2026-06-05T00:00:29.650+08:00 level=DEBUG msg="word_record not found" user_id=13 word_id=4012
time=2026-06-05T00:00:29.650+08:00 level=DEBUG msg="WordStore.GetRecord called" user_id=13 word_id=4048
time=2026-06-05T00:00:29.651+08:00 level=DEBUG msg="word_record not found" user_id=13 word_id=4048
time=2026-06-05T00:00:29.652+08:00 level=DEBUG msg="WordStore.GetRecord called" user_id=13 word_id=4072
time=2026-06-05T00:00:29.652+08:00 level=DEBUG msg="word_record not found" user_id=13 word_id=4072
time=2026-06-05T00:00:29.653+08:00 level=DEBUG msg="WordStore.GetRecord called" user_id=13 word_id=4081
time=2026-06-05T00:00:29.654+08:00 level=DEBUG msg="word_record not found" user_id=13 word_id=4081
time=2026-06-05T00:00:29.655+08:00 level=DEBUG msg="WordStore.GetRecord called" user_id=13 word_id=4134
time=2026-06-05T00:00:29.656+08:00 level=DEBUG msg="word_record not found" user_id=13 word_id=4134
time=2026-06-05T00:00:29.656+08:00 level=DEBUG msg="WordStore.GetRecord called" user_id=13 word_id=4147
time=2026-06-05T00:00:29.656+08:00 level=DEBUG msg="word_record not found" user_id=13 word_id=4147
time=2026-06-05T00:00:29.656+08:00 level=DEBUG msg="WordStore.GetRecord called" user_id=13 word_id=6511
time=2026-06-05T00:00:29.660+08:00 level=DEBUG msg="word_record not found" user_id=13 word_id=6511
time=2026-06-05T00:00:29.660+08:00 level=DEBUG msg="WordStore.GetRecord called" user_id=13 word_id=6519
time=2026-06-05T00:00:29.660+08:00 level=DEBUG msg="word_record not found" user_id=13 word_id=6519
time=2026-06-05T00:00:29.660+08:00 level=DEBUG msg="WordStore.GetRecord called" user_id=13 word_id=6520
time=2026-06-05T00:00:29.660+08:00 level=DEBUG msg="word_record not found" user_id=13 word_id=6520
time=2026-06-05T00:00:29.660+08:00 level=DEBUG msg="WordStore.GetRecord called" user_id=13 word_id=6525
time=2026-06-05T00:00:29.660+08:00 level=DEBUG msg="word_record not found" user_id=13 word_id=6525
time=2026-06-05T00:00:29.660+08:00 level=DEBUG msg="WordStore.GetRecord called" user_id=13 word_id=6526
time=2026-06-05T00:00:29.665+08:00 level=DEBUG msg="word_record not found" user_id=13 word_id=6526
time=2026-06-05T00:00:29.665+08:00 level=DEBUG msg="WordStore.GetRecord called" user_id=13 word_id=6530
time=2026-06-05T00:00:29.665+08:00 level=DEBUG msg="word_record not found" user_id=13 word_id=6530
time=2026-06-05T00:00:29.668+08:00 level=DEBUG msg="WordStore.GetRecord called" user_id=13 word_id=6531
time=2026-06-05T00:00:29.669+08:00 level=DEBUG msg="word_record not found" user_id=13 word_id=6531
time=2026-06-05T00:00:29.670+08:00 level=DEBUG msg="WordStore.GetRecord called" user_id=13 word_id=6532
time=2026-06-05T00:00:29.671+08:00 level=DEBUG msg="word_record not found" user_id=13 word_id=6532
time=2026-06-05T00:00:29.672+08:00 level=DEBUG msg="WordStore.GetRecord called" user_id=13 word_id=6538
time=2026-06-05T00:00:29.672+08:00 level=DEBUG msg="word_record not found" user_id=13 word_id=6538
time=2026-06-05T00:00:29.673+08:00 level=DEBUG msg="WordStore.GetRecord called" user_id=13 word_id=6539
time=2026-06-05T00:00:29.674+08:00 level=DEBUG msg="word_record not found" user_id=13 word_id=6539
time=2026-06-05T00:00:29.674+08:00 level=DEBUG msg="WordStore.GetRecord called" user_id=13 word_id=6541
time=2026-06-05T00:00:29.675+08:00 level=DEBUG msg="word_record not found" user_id=13 word_id=6541
time=2026-06-05T00:00:29.676+08:00 level=DEBUG msg="WordStore.GetRecord called" user_id=13 word_id=6542
time=2026-06-05T00:00:29.676+08:00 level=DEBUG msg="word_record not found" user_id=13 word_id=6542
time=2026-06-05T00:00:29.677+08:00 level=DEBUG msg="WordStore.GetRecord called" user_id=13 word_id=6553
time=2026-06-05T00:00:29.678+08:00 level=DEBUG msg="word_record not found" user_id=13 word_id=6553
time=2026-06-05T00:00:29.679+08:00 level=DEBUG msg="WordStore.GetRecord called" user_id=13 word_id=6554
time=2026-06-05T00:00:29.680+08:00 level=DEBUG msg="word_record not found" user_id=13 word_id=6554
time=2026-06-05T00:00:29.681+08:00 level=DEBUG msg="WordStore.GetRecord called" user_id=13 word_id=6564
time=2026-06-05T00:00:29.682+08:00 level=DEBUG msg="word_record not found" user_id=13 word_id=6564
time=2026-06-05T00:00:29.683+08:00 level=DEBUG msg="WordStore.GetRecord called" user_id=13 word_id=6579
time=2026-06-05T00:00:29.683+08:00 level=DEBUG msg="word_record not found" user_id=13 word_id=6579
time=2026-06-05T00:00:29.684+08:00 level=DEBUG msg="WordStore.GetRecord called" user_id=13 word_id=6584
time=2026-06-05T00:00:29.685+08:00 level=DEBUG msg="word_record not found" user_id=13 word_id=6584
time=2026-06-05T00:00:29.685+08:00 level=DEBUG msg="WordStore.GetRecord called" user_id=13 word_id=6594
time=2026-06-05T00:00:29.686+08:00 level=DEBUG msg="word_record not found" user_id=13 word_id=6594
time=2026-06-05T00:00:29.687+08:00 level=DEBUG msg="WordStore.GetRecord called" user_id=13 word_id=6597
time=2026-06-05T00:00:29.688+08:00 level=DEBUG msg="word_record not found" user_id=13 word_id=6597
time=2026-06-05T00:00:29.688+08:00 level=DEBUG msg="WordStore.GetRecord called" user_id=13 word_id=6598
time=2026-06-05T00:00:29.742+08:00 level=DEBUG msg="word_record not found" user_id=13 word_id=6598
time=2026-06-05T00:00:29.755+08:00 level=DEBUG msg="WordStore.GetRecord called" user_id=13 word_id=6599
time=2026-06-05T00:00:29.764+08:00 level=DEBUG msg="word_record not found" user_id=13 word_id=6599
time=2026-06-05T00:00:29.771+08:00 level=DEBUG msg="WordStore.GetRecord called" user_id=13 word_id=6602
time=2026-06-05T00:00:29.777+08:00 level=DEBUG msg="word_record not found" user_id=13 word_id=6602
time=2026-06-05T00:00:29.786+08:00 level=DEBUG msg="WordStore.GetRecord called" user_id=13 word_id=6603
time=2026-06-05T00:00:29.824+08:00 level=DEBUG msg="word_record not found" user_id=13 word_id=6603
time=2026-06-05T00:00:29.863+08:00 level=DEBUG msg="WordStore.GetRecord called" user_id=13 word_id=6606
time=2026-06-05T00:00:29.899+08:00 level=DEBUG msg="word_record not found" user_id=13 word_id=6606
time=2026-06-05T00:00:29.941+08:00 level=DEBUG msg="WordStore.GetRecord called" user_id=13 word_id=6613
time=2026-06-05T00:00:30.486+08:00 level=DEBUG msg="word_record not found" user_id=13 word_id=6613
time=2026-06-05T00:00:30.493+08:00 level=DEBUG msg="WordStore.GetRecord called" user_id=13 word_id=6622
time=2026-06-05T00:00:30.500+08:00 level=DEBUG msg="word_record not found" user_id=13 word_id=6622
time=2026-06-05T00:00:30.504+08:00 level=DEBUG msg="WordStore.GetRecord called" user_id=13 word_id=6647
time=2026-06-05T00:00:30.508+08:00 level=DEBUG msg="word_record not found" user_id=13 word_id=6647
time=2026-06-05T00:00:30.517+08:00 level=DEBUG msg="WordStore.GetRecord called" user_id=13 word_id=6667
time=2026-06-05T00:00:30.525+08:00 level=DEBUG msg="word_record not found" user_id=13 word_id=6667
time=2026-06-05T00:00:30.555+08:00 level=DEBUG msg="WordStore.GetRecord called" user_id=13 word_id=6672
time=2026-06-05T00:00:30.606+08:00 level=DEBUG msg="word_record not found" user_id=13 word_id=6672
time=2026-06-05T00:00:30.658+08:00 level=DEBUG msg="WordStore.GetRecord called" user_id=13 word_id=6680
time=2026-06-05T00:00:30.718+08:00 level=DEBUG msg="word_record not found" user_id=13 word_id=6680
time=2026-06-05T00:00:30.761+08:00 level=DEBUG msg="WordStore.GetRecord called" user_id=13 word_id=6682
time=2026-06-05T00:00:30.813+08:00 level=DEBUG msg="word_record not found" user_id=13 word_id=6682
time=2026-06-05T00:00:30.858+08:00 level=DEBUG msg="WordStore.GetRecord called" user_id=13 word_id=6686
time=2026-06-05T00:00:30.919+08:00 level=DEBUG msg="word_record not found" user_id=13 word_id=6686
time=2026-06-05T00:00:30.998+08:00 level=DEBUG msg="WordStore.GetRecord called" user_id=13 word_id=6692
time=2026-06-05T00:00:31.042+08:00 level=DEBUG msg="word_record not found" user_id=13 word_id=6692
time=2026-06-05T00:00:31.089+08:00 level=DEBUG msg="WordStore.GetRecord called" user_id=13 word_id=6694
time=2026-06-05T00:00:31.165+08:00 level=DEBUG msg="word_record not found" user_id=13 word_id=6694
time=2026-06-05T00:00:31.229+08:00 level=DEBUG msg="WordStore.GetRecord called" user_id=13 word_id=6697
time=2026-06-05T00:00:31.279+08:00 level=DEBUG msg="word_record not found" user_id=13 word_id=6697
time=2026-06-05T00:00:31.328+08:00 level=DEBUG msg="WordStore.GetRecord called" user_id=13 word_id=6706
time=2026-06-05T00:00:31.398+08:00 level=DEBUG msg="word_record not found" user_id=13 word_id=6706
time=2026-06-05T00:00:31.457+08:00 level=DEBUG msg="WordStore.GetRecord called" user_id=13 word_id=6721
time=2026-06-05T00:00:31.537+08:00 level=DEBUG msg="word_record not found" user_id=13 word_id=6721
time=2026-06-05T00:00:31.592+08:00 level=DEBUG msg="WordStore.GetRecord called" user_id=13 word_id=6730
time=2026-06-05T00:00:31.650+08:00 level=DEBUG msg="word_record not found" user_id=13 word_id=6730
time=2026-06-05T00:00:31.704+08:00 level=DEBUG msg="WordStore.GetRecord called" user_id=13 word_id=6752
time=2026-06-05T00:00:31.753+08:00 level=DEBUG msg="word_record not found" user_id=13 word_id=6752
time=2026-06-05T00:00:31.796+08:00 level=DEBUG msg="WordStore.GetRecord called" user_id=13 word_id=6764
time=2026-06-05T00:00:31.852+08:00 level=DEBUG msg="word_record not found" user_id=13 word_id=6764
time=2026-06-05T00:00:31.893+08:00 level=DEBUG msg="WordStore.GetRecord called" user_id=13 word_id=6771
time=2026-06-05T00:00:31.956+08:00 level=DEBUG msg="word_record not found" user_id=13 word_id=6771
time=2026-06-05T00:00:31.992+08:00 level=DEBUG msg="WordStore.GetRecord called" user_id=13 word_id=6778
time=2026-06-05T00:00:32.005+08:00 level=DEBUG msg="word_record not found" user_id=13 word_id=6778
time=2026-06-05T00:00:32.006+08:00 level=DEBUG msg="WordStore.GetRecord called" user_id=13 word_id=6791
time=2026-06-05T00:00:32.008+08:00 level=DEBUG msg="word_record not found" user_id=13 word_id=6791
time=2026-06-05T00:00:32.009+08:00 level=DEBUG msg="WordStore.GetRecord called" user_id=13 word_id=6803
time=2026-06-05T00:00:32.011+08:00 level=DEBUG msg="word_record not found" user_id=13 word_id=6803
time=2026-06-05T00:00:32.013+08:00 level=DEBUG msg="WordStore.GetRecord called" user_id=13 word_id=6804
time=2026-06-05T00:00:32.014+08:00 level=DEBUG msg="word_record not found" user_id=13 word_id=6804
time=2026-06-05T00:00:32.015+08:00 level=DEBUG msg="WordStore.GetRecord called" user_id=13 word_id=6825
time=2026-06-05T00:00:32.017+08:00 level=DEBUG msg="word_record not found" user_id=13 word_id=6825
time=2026-06-05T00:00:32.018+08:00 level=DEBUG msg="WordService.GetReviewQueue done" user_id=13 count=114
time=2026-06-05T00:00:32.019+08:00 level=DEBUG msg="UserStore.GetDailyGoals called" user_id=13
time=2026-06-05T00:00:32.022+08:00 level=DEBUG msg="UserStore.GetDailyGoals done" user_id=13
time=2026-06-05T00:06:32.392+08:00 level=DEBUG msg="WordService.GetReviewQueue called" user_id=13 level=N5
time=2026-06-05T00:06:32.392+08:00 level=DEBUG msg="WordStoreAdapter.ListDueRecords called" user_id=13
time=2026-06-05T00:06:32.393+08:00 level=DEBUG msg="WordStore.ListDueRecords called" user_id=13 limit=200
time=2026-06-05T00:06:32.394+08:00 level=DEBUG msg="WordStore.ListDueRecords done" user_id=13 count=0
time=2026-06-05T00:06:32.394+08:00 level=DEBUG msg="WordStoreAdapter.ListByLevel called" level=N5
time=2026-06-05T00:06:32.395+08:00 level=DEBUG msg="WordStore.ListByLevel called" level=N5 page=1 size=10000
time=2026-06-05T00:06:32.397+08:00 level=DEBUG msg="WordStore.ListByLevel done" level=N5 count=114 total=114
time=2026-06-05T00:06:32.398+08:00 level=DEBUG msg="WordStore.GetRecord called" user_id=13 word_id=2472
time=2026-06-05T00:06:32.399+08:00 level=DEBUG msg="word_record not found" user_id=13 word_id=2472
time=2026-06-05T00:06:32.399+08:00 level=DEBUG msg="WordStore.GetRecord called" user_id=13 word_id=2482
time=2026-06-05T00:06:32.400+08:00 level=DEBUG msg="word_record not found" user_id=13 word_id=2482
time=2026-06-05T00:06:32.401+08:00 level=DEBUG msg="WordStore.GetRecord called" user_id=13 word_id=2641
time=2026-06-05T00:06:32.401+08:00 level=DEBUG msg="word_record not found" user_id=13 word_id=2641
time=2026-06-05T00:06:32.402+08:00 level=DEBUG msg="WordStore.GetRecord called" user_id=13 word_id=2642
time=2026-06-05T00:06:32.403+08:00 level=DEBUG msg="word_record not found" user_id=13 word_id=2642
time=2026-06-05T00:06:32.404+08:00 level=DEBUG msg="WordStore.GetRecord called" user_id=13 word_id=2643
time=2026-06-05T00:06:32.404+08:00 level=DEBUG msg="word_record not found" user_id=13 word_id=2643
time=2026-06-05T00:06:32.405+08:00 level=DEBUG msg="WordStore.GetRecord called" user_id=13 word_id=2644
time=2026-06-05T00:06:32.406+08:00 level=DEBUG msg="word_record not found" user_id=13 word_id=2644
time=2026-06-05T00:06:32.406+08:00 level=DEBUG msg="WordStore.GetRecord called" user_id=13 word_id=2645
time=2026-06-05T00:06:32.407+08:00 level=DEBUG msg="word_record not found" user_id=13 word_id=2645
time=2026-06-05T00:06:32.408+08:00 level=DEBUG msg="WordStore.GetRecord called" user_id=13 word_id=2646
time=2026-06-05T00:06:32.409+08:00 level=DEBUG msg="word_record not found" user_id=13 word_id=2646
time=2026-06-05T00:06:32.409+08:00 level=DEBUG msg="WordStore.GetRecord called" user_id=13 word_id=2647
time=2026-06-05T00:06:32.410+08:00 level=DEBUG msg="word_record not found" user_id=13 word_id=2647
time=2026-06-05T00:06:32.411+08:00 level=DEBUG msg="WordStore.GetRecord called" user_id=13 word_id=2648
time=2026-06-05T00:06:32.411+08:00 level=DEBUG msg="word_record not found" user_id=13 word_id=2648
time=2026-06-05T00:06:32.412+08:00 level=DEBUG msg="WordStore.GetRecord called" user_id=13 word_id=2649
time=2026-06-05T00:06:32.413+08:00 level=DEBUG msg="word_record not found" user_id=13 word_id=2649
time=2026-06-05T00:06:32.413+08:00 level=DEBUG msg="WordStore.GetRecord called" user_id=13 word_id=2650
time=2026-06-05T00:06:32.414+08:00 level=DEBUG msg="word_record not found" user_id=13 word_id=2650
time=2026-06-05T00:06:32.414+08:00 level=DEBUG msg="WordStore.GetRecord called" user_id=13 word_id=2651
time=2026-06-05T00:06:32.415+08:00 level=DEBUG msg="word_record not found" user_id=13 word_id=2651
time=2026-06-05T00:06:32.417+08:00 level=DEBUG msg="WordStore.GetRecord called" user_id=13 word_id=2652
time=2026-06-05T00:06:32.417+08:00 level=DEBUG msg="word_record not found" user_id=13 word_id=2652
time=2026-06-05T00:06:32.418+08:00 level=DEBUG msg="WordStore.GetRecord called" user_id=13 word_id=2653
time=2026-06-05T00:06:32.419+08:00 level=DEBUG msg="word_record not found" user_id=13 word_id=2653
time=2026-06-05T00:06:32.419+08:00 level=DEBUG msg="WordStore.GetRecord called" user_id=13 word_id=2654
time=2026-06-05T00:06:32.420+08:00 level=DEBUG msg="word_record not found" user_id=13 word_id=2654
time=2026-06-05T00:06:32.420+08:00 level=DEBUG msg="WordStore.GetRecord called" user_id=13 word_id=2655
time=2026-06-05T00:06:32.421+08:00 level=DEBUG msg="word_record not found" user_id=13 word_id=2655
time=2026-06-05T00:06:32.421+08:00 level=DEBUG msg="WordStore.GetRecord called" user_id=13 word_id=2656
time=2026-06-05T00:06:32.421+08:00 level=DEBUG msg="word_record not found" user_id=13 word_id=2656
time=2026-06-05T00:06:32.423+08:00 level=DEBUG msg="WordStore.GetRecord called" user_id=13 word_id=2657
time=2026-06-05T00:06:32.423+08:00 level=DEBUG msg="word_record not found" user_id=13 word_id=2657
time=2026-06-05T00:06:32.424+08:00 level=DEBUG msg="WordStore.GetRecord called" user_id=13 word_id=2658
time=2026-06-05T00:06:32.424+08:00 level=DEBUG msg="word_record not found" user_id=13 word_id=2658
time=2026-06-05T00:06:32.424+08:00 level=DEBUG msg="WordStore.GetRecord called" user_id=13 word_id=2659
time=2026-06-05T00:06:32.424+08:00 level=DEBUG msg="word_record not found" user_id=13 word_id=2659
time=2026-06-05T00:06:32.424+08:00 level=DEBUG msg="WordStore.GetRecord called" user_id=13 word_id=2660
time=2026-06-05T00:06:32.424+08:00 level=DEBUG msg="word_record not found" user_id=13 word_id=2660
time=2026-06-05T00:06:32.424+08:00 level=DEBUG msg="WordStore.GetRecord called" user_id=13 word_id=2661
time=2026-06-05T00:06:32.424+08:00 level=DEBUG msg="word_record not found" user_id=13 word_id=2661
time=2026-06-05T00:06:32.430+08:00 level=DEBUG msg="WordStore.GetRecord called" user_id=13 word_id=2662
time=2026-06-05T00:06:32.430+08:00 level=DEBUG msg="word_record not found" user_id=13 word_id=2662
time=2026-06-05T00:06:32.430+08:00 level=DEBUG msg="WordStore.GetRecord called" user_id=13 word_id=2663
time=2026-06-05T00:06:32.430+08:00 level=DEBUG msg="word_record not found" user_id=13 word_id=2663
time=2026-06-05T00:06:32.430+08:00 level=DEBUG msg="WordStore.GetRecord called" user_id=13 word_id=2664
time=2026-06-05T00:06:32.430+08:00 level=DEBUG msg="word_record not found" user_id=13 word_id=2664
time=2026-06-05T00:06:32.430+08:00 level=DEBUG msg="WordStore.GetRecord called" user_id=13 word_id=2665
time=2026-06-05T00:06:32.430+08:00 level=DEBUG msg="word_record not found" user_id=13 word_id=2665
time=2026-06-05T00:06:32.430+08:00 level=DEBUG msg="WordStore.GetRecord called" user_id=13 word_id=2666
time=2026-06-05T00:06:32.430+08:00 level=DEBUG msg="word_record not found" user_id=13 word_id=2666
time=2026-06-05T00:06:32.430+08:00 level=DEBUG msg="WordStore.GetRecord called" user_id=13 word_id=2667
time=2026-06-05T00:06:32.430+08:00 level=DEBUG msg="word_record not found" user_id=13 word_id=2667
time=2026-06-05T00:06:32.430+08:00 level=DEBUG msg="WordStore.GetRecord called" user_id=13 word_id=2668
time=2026-06-05T00:06:32.430+08:00 level=DEBUG msg="word_record not found" user_id=13 word_id=2668
time=2026-06-05T00:06:32.440+08:00 level=DEBUG msg="WordStore.GetRecord called" user_id=13 word_id=2669
time=2026-06-05T00:06:32.441+08:00 level=DEBUG msg="word_record not found" user_id=13 word_id=2669
time=2026-06-05T00:06:32.441+08:00 level=DEBUG msg="WordStore.GetRecord called" user_id=13 word_id=2670
time=2026-06-05T00:06:32.442+08:00 level=DEBUG msg="word_record not found" user_id=13 word_id=2670
time=2026-06-05T00:06:32.443+08:00 level=DEBUG msg="WordStore.GetRecord called" user_id=13 word_id=2671
time=2026-06-05T00:06:32.443+08:00 level=DEBUG msg="word_record not found" user_id=13 word_id=2671
time=2026-06-05T00:06:32.444+08:00 level=DEBUG msg="WordStore.GetRecord called" user_id=13 word_id=2672
time=2026-06-05T00:06:32.445+08:00 level=DEBUG msg="word_record not found" user_id=13 word_id=2672
time=2026-06-05T00:06:32.446+08:00 level=DEBUG msg="WordStore.GetRecord called" user_id=13 word_id=2673
time=2026-06-05T00:06:32.447+08:00 level=DEBUG msg="word_record not found" user_id=13 word_id=2673
time=2026-06-05T00:06:32.448+08:00 level=DEBUG msg="WordStore.GetRecord called" user_id=13 word_id=2674
time=2026-06-05T00:06:32.449+08:00 level=DEBUG msg="word_record not found" user_id=13 word_id=2674
time=2026-06-05T00:06:32.449+08:00 level=DEBUG msg="WordStore.GetRecord called" user_id=13 word_id=2675
time=2026-06-05T00:06:32.450+08:00 level=DEBUG msg="word_record not found" user_id=13 word_id=2675
time=2026-06-05T00:06:32.451+08:00 level=DEBUG msg="WordStore.GetRecord called" user_id=13 word_id=2676
time=2026-06-05T00:06:32.451+08:00 level=DEBUG msg="word_record not found" user_id=13 word_id=2676
time=2026-06-05T00:06:32.452+08:00 level=DEBUG msg="WordStore.GetRecord called" user_id=13 word_id=2677
time=2026-06-05T00:06:32.453+08:00 level=DEBUG msg="word_record not found" user_id=13 word_id=2677
time=2026-06-05T00:06:32.454+08:00 level=DEBUG msg="WordStore.GetRecord called" user_id=13 word_id=2678
time=2026-06-05T00:06:32.455+08:00 level=DEBUG msg="word_record not found" user_id=13 word_id=2678
time=2026-06-05T00:06:32.455+08:00 level=DEBUG msg="WordStore.GetRecord called" user_id=13 word_id=2679
time=2026-06-05T00:06:32.457+08:00 level=DEBUG msg="word_record not found" user_id=13 word_id=2679
time=2026-06-05T00:06:32.458+08:00 level=DEBUG msg="WordStore.GetRecord called" user_id=13 word_id=2680
time=2026-06-05T00:06:32.459+08:00 level=DEBUG msg="word_record not found" user_id=13 word_id=2680
time=2026-06-05T00:06:32.459+08:00 level=DEBUG msg="WordStore.GetRecord called" user_id=13 word_id=2681
time=2026-06-05T00:06:32.460+08:00 level=DEBUG msg="word_record not found" user_id=13 word_id=2681
time=2026-06-05T00:06:32.461+08:00 level=DEBUG msg="WordStore.GetRecord called" user_id=13 word_id=2682
time=2026-06-05T00:06:32.462+08:00 level=DEBUG msg="word_record not found" user_id=13 word_id=2682
time=2026-06-05T00:06:32.462+08:00 level=DEBUG msg="WordStore.GetRecord called" user_id=13 word_id=2683
time=2026-06-05T00:06:32.463+08:00 level=DEBUG msg="word_record not found" user_id=13 word_id=2683
time=2026-06-05T00:06:32.464+08:00 level=DEBUG msg="WordStore.GetRecord called" user_id=13 word_id=2684
time=2026-06-05T00:06:32.464+08:00 level=DEBUG msg="word_record not found" user_id=13 word_id=2684
time=2026-06-05T00:06:32.465+08:00 level=DEBUG msg="WordStore.GetRecord called" user_id=13 word_id=2686
time=2026-06-05T00:06:32.466+08:00 level=DEBUG msg="word_record not found" user_id=13 word_id=2686
time=2026-06-05T00:06:32.467+08:00 level=DEBUG msg="WordStore.GetRecord called" user_id=13 word_id=2687
time=2026-06-05T00:06:32.469+08:00 level=DEBUG msg="word_record not found" user_id=13 word_id=2687
time=2026-06-05T00:06:32.469+08:00 level=DEBUG msg="WordStore.GetRecord called" user_id=13 word_id=2688
time=2026-06-05T00:06:32.470+08:00 level=DEBUG msg="word_record not found" user_id=13 word_id=2688
time=2026-06-05T00:06:32.471+08:00 level=DEBUG msg="WordStore.GetRecord called" user_id=13 word_id=2689
time=2026-06-05T00:06:32.472+08:00 level=DEBUG msg="word_record not found" user_id=13 word_id=2689
time=2026-06-05T00:06:32.472+08:00 level=DEBUG msg="WordStore.GetRecord called" user_id=13 word_id=2690
time=2026-06-05T00:06:32.473+08:00 level=DEBUG msg="word_record not found" user_id=13 word_id=2690
time=2026-06-05T00:06:32.473+08:00 level=DEBUG msg="WordStore.GetRecord called" user_id=13 word_id=2691
time=2026-06-05T00:06:32.474+08:00 level=DEBUG msg="word_record not found" user_id=13 word_id=2691
time=2026-06-05T00:06:32.475+08:00 level=DEBUG msg="WordStore.GetRecord called" user_id=13 word_id=2692
time=2026-06-05T00:06:32.476+08:00 level=DEBUG msg="word_record not found" user_id=13 word_id=2692
time=2026-06-05T00:06:32.476+08:00 level=DEBUG msg="WordStore.GetRecord called" user_id=13 word_id=2693
time=2026-06-05T00:06:32.477+08:00 level=DEBUG msg="word_record not found" user_id=13 word_id=2693
time=2026-06-05T00:06:32.478+08:00 level=DEBUG msg="WordStore.GetRecord called" user_id=13 word_id=2694
time=2026-06-05T00:06:32.479+08:00 level=DEBUG msg="word_record not found" user_id=13 word_id=2694
time=2026-06-05T00:06:32.480+08:00 level=DEBUG msg="WordStore.GetRecord called" user_id=13 word_id=2695
time=2026-06-05T00:06:32.481+08:00 level=DEBUG msg="word_record not found" user_id=13 word_id=2695
time=2026-06-05T00:06:32.481+08:00 level=DEBUG msg="WordStore.GetRecord called" user_id=13 word_id=2696
time=2026-06-05T00:06:32.482+08:00 level=DEBUG msg="word_record not found" user_id=13 word_id=2696
time=2026-06-05T00:06:32.483+08:00 level=DEBUG msg="WordStore.GetRecord called" user_id=13 word_id=2697
time=2026-06-05T00:06:32.484+08:00 level=DEBUG msg="word_record not found" user_id=13 word_id=2697
time=2026-06-05T00:06:32.484+08:00 level=DEBUG msg="WordStore.GetRecord called" user_id=13 word_id=2698
time=2026-06-05T00:06:32.485+08:00 level=DEBUG msg="word_record not found" user_id=13 word_id=2698
time=2026-06-05T00:06:32.486+08:00 level=DEBUG msg="WordStore.GetRecord called" user_id=13 word_id=2699
time=2026-06-05T00:06:32.486+08:00 level=DEBUG msg="word_record not found" user_id=13 word_id=2699
time=2026-06-05T00:06:32.487+08:00 level=DEBUG msg="WordStore.GetRecord called" user_id=13 word_id=2700
time=2026-06-05T00:06:32.488+08:00 level=DEBUG msg="word_record not found" user_id=13 word_id=2700
time=2026-06-05T00:06:32.489+08:00 level=DEBUG msg="WordStore.GetRecord called" user_id=13 word_id=4006
time=2026-06-05T00:06:32.491+08:00 level=DEBUG msg="word_record not found" user_id=13 word_id=4006
time=2026-06-05T00:06:32.491+08:00 level=DEBUG msg="WordStore.GetRecord called" user_id=13 word_id=4012
time=2026-06-05T00:06:32.492+08:00 level=DEBUG msg="word_record not found" user_id=13 word_id=4012
time=2026-06-05T00:06:32.493+08:00 level=DEBUG msg="WordStore.GetRecord called" user_id=13 word_id=4048
time=2026-06-05T00:06:32.493+08:00 level=DEBUG msg="word_record not found" user_id=13 word_id=4048
time=2026-06-05T00:06:32.494+08:00 level=DEBUG msg="WordStore.GetRecord called" user_id=13 word_id=4072
time=2026-06-05T00:06:32.495+08:00 level=DEBUG msg="word_record not found" user_id=13 word_id=4072
time=2026-06-05T00:06:32.495+08:00 level=DEBUG msg="WordStore.GetRecord called" user_id=13 word_id=4081
time=2026-06-05T00:06:32.496+08:00 level=DEBUG msg="word_record not found" user_id=13 word_id=4081
time=2026-06-05T00:06:32.497+08:00 level=DEBUG msg="WordStore.GetRecord called" user_id=13 word_id=4134
time=2026-06-05T00:06:32.498+08:00 level=DEBUG msg="word_record not found" user_id=13 word_id=4134
time=2026-06-05T00:06:32.498+08:00 level=DEBUG msg="WordStore.GetRecord called" user_id=13 word_id=4147
time=2026-06-05T00:06:32.499+08:00 level=DEBUG msg="word_record not found" user_id=13 word_id=4147
time=2026-06-05T00:06:32.500+08:00 level=DEBUG msg="WordStore.GetRecord called" user_id=13 word_id=6511
time=2026-06-05T00:06:32.500+08:00 level=DEBUG msg="word_record not found" user_id=13 word_id=6511
time=2026-06-05T00:06:32.503+08:00 level=DEBUG msg="WordStore.GetRecord called" user_id=13 word_id=6519
time=2026-06-05T00:06:32.503+08:00 level=DEBUG msg="word_record not found" user_id=13 word_id=6519
time=2026-06-05T00:06:32.504+08:00 level=DEBUG msg="WordStore.GetRecord called" user_id=13 word_id=6520
time=2026-06-05T00:06:32.505+08:00 level=DEBUG msg="word_record not found" user_id=13 word_id=6520
time=2026-06-05T00:06:32.505+08:00 level=DEBUG msg="WordStore.GetRecord called" user_id=13 word_id=6525
time=2026-06-05T00:06:32.506+08:00 level=DEBUG msg="word_record not found" user_id=13 word_id=6525
time=2026-06-05T00:06:32.507+08:00 level=DEBUG msg="WordStore.GetRecord called" user_id=13 word_id=6526
time=2026-06-05T00:06:32.508+08:00 level=DEBUG msg="word_record not found" user_id=13 word_id=6526
time=2026-06-05T00:06:32.508+08:00 level=DEBUG msg="WordStore.GetRecord called" user_id=13 word_id=6530
time=2026-06-05T00:06:32.509+08:00 level=DEBUG msg="word_record not found" user_id=13 word_id=6530
time=2026-06-05T00:06:32.510+08:00 level=DEBUG msg="WordStore.GetRecord called" user_id=13 word_id=6531
time=2026-06-05T00:06:32.510+08:00 level=DEBUG msg="word_record not found" user_id=13 word_id=6531
time=2026-06-05T00:06:32.512+08:00 level=DEBUG msg="WordStore.GetRecord called" user_id=13 word_id=6532
time=2026-06-05T00:06:32.513+08:00 level=DEBUG msg="word_record not found" user_id=13 word_id=6532
time=2026-06-05T00:06:32.513+08:00 level=DEBUG msg="WordStore.GetRecord called" user_id=13 word_id=6538
time=2026-06-05T00:06:32.514+08:00 level=DEBUG msg="word_record not found" user_id=13 word_id=6538
time=2026-06-05T00:06:32.515+08:00 level=DEBUG msg="WordStore.GetRecord called" user_id=13 word_id=6539
time=2026-06-05T00:06:32.516+08:00 level=DEBUG msg="word_record not found" user_id=13 word_id=6539
time=2026-06-05T00:06:32.516+08:00 level=DEBUG msg="WordStore.GetRecord called" user_id=13 word_id=6541
time=2026-06-05T00:06:32.517+08:00 level=DEBUG msg="word_record not found" user_id=13 word_id=6541
time=2026-06-05T00:06:32.518+08:00 level=DEBUG msg="WordStore.GetRecord called" user_id=13 word_id=6542
time=2026-06-05T00:06:32.519+08:00 level=DEBUG msg="word_record not found" user_id=13 word_id=6542
time=2026-06-05T00:06:32.519+08:00 level=DEBUG msg="WordStore.GetRecord called" user_id=13 word_id=6553
time=2026-06-05T00:06:32.520+08:00 level=DEBUG msg="word_record not found" user_id=13 word_id=6553
time=2026-06-05T00:06:32.521+08:00 level=DEBUG msg="WordStore.GetRecord called" user_id=13 word_id=6554
time=2026-06-05T00:06:32.522+08:00 level=DEBUG msg="word_record not found" user_id=13 word_id=6554
time=2026-06-05T00:06:32.523+08:00 level=DEBUG msg="WordStore.GetRecord called" user_id=13 word_id=6564
time=2026-06-05T00:06:32.524+08:00 level=DEBUG msg="word_record not found" user_id=13 word_id=6564
time=2026-06-05T00:06:32.524+08:00 level=DEBUG msg="WordStore.GetRecord called" user_id=13 word_id=6579
time=2026-06-05T00:06:32.525+08:00 level=DEBUG msg="word_record not found" user_id=13 word_id=6579
time=2026-06-05T00:06:32.526+08:00 level=DEBUG msg="WordStore.GetRecord called" user_id=13 word_id=6584
time=2026-06-05T00:06:32.527+08:00 level=DEBUG msg="word_record not found" user_id=13 word_id=6584
time=2026-06-05T00:06:32.527+08:00 level=DEBUG msg="WordStore.GetRecord called" user_id=13 word_id=6594
time=2026-06-05T00:06:32.528+08:00 level=DEBUG msg="word_record not found" user_id=13 word_id=6594
time=2026-06-05T00:06:32.529+08:00 level=DEBUG msg="WordStore.GetRecord called" user_id=13 word_id=6597
time=2026-06-05T00:06:32.530+08:00 level=DEBUG msg="word_record not found" user_id=13 word_id=6597
time=2026-06-05T00:06:32.530+08:00 level=DEBUG msg="WordStore.GetRecord called" user_id=13 word_id=6598
time=2026-06-05T00:06:32.531+08:00 level=DEBUG msg="word_record not found" user_id=13 word_id=6598
time=2026-06-05T00:06:32.532+08:00 level=DEBUG msg="WordStore.GetRecord called" user_id=13 word_id=6599
time=2026-06-05T00:06:32.532+08:00 level=DEBUG msg="word_record not found" user_id=13 word_id=6599
time=2026-06-05T00:06:32.533+08:00 level=DEBUG msg="WordStore.GetRecord called" user_id=13 word_id=6602
time=2026-06-05T00:06:32.535+08:00 level=DEBUG msg="word_record not found" user_id=13 word_id=6602
time=2026-06-05T00:06:32.536+08:00 level=DEBUG msg="WordStore.GetRecord called" user_id=13 word_id=6603
time=2026-06-05T00:06:32.536+08:00 level=DEBUG msg="word_record not found" user_id=13 word_id=6603
time=2026-06-05T00:06:32.537+08:00 level=DEBUG msg="WordStore.GetRecord called" user_id=13 word_id=6606
time=2026-06-05T00:06:32.538+08:00 level=DEBUG msg="word_record not found" user_id=13 word_id=6606
time=2026-06-05T00:06:32.538+08:00 level=DEBUG msg="WordStore.GetRecord called" user_id=13 word_id=6613
time=2026-06-05T00:06:32.539+08:00 level=DEBUG msg="word_record not found" user_id=13 word_id=6613
time=2026-06-05T00:06:32.540+08:00 level=DEBUG msg="WordStore.GetRecord called" user_id=13 word_id=6622
time=2026-06-05T00:06:32.541+08:00 level=DEBUG msg="word_record not found" user_id=13 word_id=6622
time=2026-06-05T00:06:32.542+08:00 level=DEBUG msg="WordStore.GetRecord called" user_id=13 word_id=6647
time=2026-06-05T00:06:32.543+08:00 level=DEBUG msg="word_record not found" user_id=13 word_id=6647
time=2026-06-05T00:06:32.543+08:00 level=DEBUG msg="WordStore.GetRecord called" user_id=13 word_id=6667
time=2026-06-05T00:06:32.544+08:00 level=DEBUG msg="word_record not found" user_id=13 word_id=6667
time=2026-06-05T00:06:32.545+08:00 level=DEBUG msg="WordStore.GetRecord called" user_id=13 word_id=6672
time=2026-06-05T00:06:32.546+08:00 level=DEBUG msg="word_record not found" user_id=13 word_id=6672
time=2026-06-05T00:06:32.547+08:00 level=DEBUG msg="WordStore.GetRecord called" user_id=13 word_id=6680
time=2026-06-05T00:06:32.548+08:00 level=DEBUG msg="word_record not found" user_id=13 word_id=6680
time=2026-06-05T00:06:32.548+08:00 level=DEBUG msg="WordStore.GetRecord called" user_id=13 word_id=6682
time=2026-06-05T00:06:32.549+08:00 level=DEBUG msg="word_record not found" user_id=13 word_id=6682
time=2026-06-05T00:06:32.549+08:00 level=DEBUG msg="WordStore.GetRecord called" user_id=13 word_id=6686
time=2026-06-05T00:06:32.549+08:00 level=DEBUG msg="word_record not found" user_id=13 word_id=6686
time=2026-06-05T00:06:32.551+08:00 level=DEBUG msg="WordStore.GetRecord called" user_id=13 word_id=6692
time=2026-06-05T00:06:32.551+08:00 level=DEBUG msg="word_record not found" user_id=13 word_id=6692
time=2026-06-05T00:06:32.551+08:00 level=DEBUG msg="WordStore.GetRecord called" user_id=13 word_id=6694
time=2026-06-05T00:06:32.551+08:00 level=DEBUG msg="word_record not found" user_id=13 word_id=6694
time=2026-06-05T00:06:32.554+08:00 level=DEBUG msg="WordStore.GetRecord called" user_id=13 word_id=6697
time=2026-06-05T00:06:32.554+08:00 level=DEBUG msg="word_record not found" user_id=13 word_id=6697
time=2026-06-05T00:06:32.557+08:00 level=DEBUG msg="WordStore.GetRecord called" user_id=13 word_id=6706
time=2026-06-05T00:06:32.558+08:00 level=DEBUG msg="word_record not found" user_id=13 word_id=6706
time=2026-06-05T00:06:32.558+08:00 level=DEBUG msg="WordStore.GetRecord called" user_id=13 word_id=6721
time=2026-06-05T00:06:32.558+08:00 level=DEBUG msg="word_record not found" user_id=13 word_id=6721
time=2026-06-05T00:06:32.559+08:00 level=DEBUG msg="WordStore.GetRecord called" user_id=13 word_id=6730
time=2026-06-05T00:06:32.559+08:00 level=DEBUG msg="word_record not found" user_id=13 word_id=6730
time=2026-06-05T00:06:32.559+08:00 level=DEBUG msg="WordStore.GetRecord called" user_id=13 word_id=6752
time=2026-06-05T00:06:32.559+08:00 level=DEBUG msg="word_record not found" user_id=13 word_id=6752
time=2026-06-05T00:06:32.559+08:00 level=DEBUG msg="WordStore.GetRecord called" user_id=13 word_id=6764
time=2026-06-05T00:06:32.559+08:00 level=DEBUG msg="word_record not found" user_id=13 word_id=6764
time=2026-06-05T00:06:32.559+08:00 level=DEBUG msg="WordStore.GetRecord called" user_id=13 word_id=6771
time=2026-06-05T00:06:32.559+08:00 level=DEBUG msg="word_record not found" user_id=13 word_id=6771
time=2026-06-05T00:06:32.559+08:00 level=DEBUG msg="WordStore.GetRecord called" user_id=13 word_id=6778
time=2026-06-05T00:06:32.559+08:00 level=DEBUG msg="word_record not found" user_id=13 word_id=6778
time=2026-06-05T00:06:32.559+08:00 level=DEBUG msg="WordStore.GetRecord called" user_id=13 word_id=6791
time=2026-06-05T00:06:32.559+08:00 level=DEBUG msg="word_record not found" user_id=13 word_id=6791
time=2026-06-05T00:06:32.569+08:00 level=DEBUG msg="WordStore.GetRecord called" user_id=13 word_id=6803
time=2026-06-05T00:06:32.569+08:00 level=DEBUG msg="word_record not found" user_id=13 word_id=6803
time=2026-06-05T00:06:32.569+08:00 level=DEBUG msg="WordStore.GetRecord called" user_id=13 word_id=6804
time=2026-06-05T00:06:32.569+08:00 level=DEBUG msg="word_record not found" user_id=13 word_id=6804
time=2026-06-05T00:06:32.569+08:00 level=DEBUG msg="WordStore.GetRecord called" user_id=13 word_id=6825
time=2026-06-05T00:06:32.569+08:00 level=DEBUG msg="word_record not found" user_id=13 word_id=6825
time=2026-06-05T00:06:32.573+08:00 level=DEBUG msg="WordService.GetReviewQueue done" user_id=13 count=114
time=2026-06-05T00:06:32.574+08:00 level=DEBUG msg="UserStore.GetDailyGoals called" user_id=13
time=2026-06-05T00:06:32.574+08:00 level=DEBUG msg="UserStore.GetDailyGoals done" user_id=13
time=2026-06-05T00:06:32.640+08:00 level=DEBUG msg="WordService.GetReviewQueue called" user_id=13 level=N5
time=2026-06-05T00:06:32.641+08:00 level=DEBUG msg="WordStoreAdapter.ListDueRecords called" user_id=13
time=2026-06-05T00:06:32.642+08:00 level=DEBUG msg="WordStore.ListDueRecords called" user_id=13 limit=200
time=2026-06-05T00:06:32.643+08:00 level=DEBUG msg="WordStore.ListDueRecords done" user_id=13 count=0
time=2026-06-05T00:06:32.644+08:00 level=DEBUG msg="WordStoreAdapter.ListByLevel called" level=N5
time=2026-06-05T00:06:32.645+08:00 level=DEBUG msg="WordStore.ListByLevel called" level=N5 page=1 size=10000
time=2026-06-05T00:06:32.647+08:00 level=DEBUG msg="WordStore.ListByLevel done" level=N5 count=114 total=114
time=2026-06-05T00:06:32.647+08:00 level=DEBUG msg="WordStore.GetRecord called" user_id=13 word_id=2472
time=2026-06-05T00:06:32.648+08:00 level=DEBUG msg="word_record not found" user_id=13 word_id=2472
time=2026-06-05T00:06:32.649+08:00 level=DEBUG msg="WordStore.GetRecord called" user_id=13 word_id=2482
time=2026-06-05T00:06:32.650+08:00 level=DEBUG msg="word_record not found" user_id=13 word_id=2482
time=2026-06-05T00:06:32.650+08:00 level=DEBUG msg="WordStore.GetRecord called" user_id=13 word_id=2641
time=2026-06-05T00:06:32.651+08:00 level=DEBUG msg="word_record not found" user_id=13 word_id=2641
time=2026-06-05T00:06:32.652+08:00 level=DEBUG msg="WordStore.GetRecord called" user_id=13 word_id=2642
time=2026-06-05T00:06:32.653+08:00 level=DEBUG msg="word_record not found" user_id=13 word_id=2642
time=2026-06-05T00:06:32.653+08:00 level=DEBUG msg="WordStore.GetRecord called" user_id=13 word_id=2643
time=2026-06-05T00:06:32.654+08:00 level=DEBUG msg="word_record not found" user_id=13 word_id=2643
time=2026-06-05T00:06:32.656+08:00 level=DEBUG msg="WordStore.GetRecord called" user_id=13 word_id=2644
time=2026-06-05T00:06:32.657+08:00 level=DEBUG msg="word_record not found" user_id=13 word_id=2644
time=2026-06-05T00:06:32.658+08:00 level=DEBUG msg="WordStore.GetRecord called" user_id=13 word_id=2645
time=2026-06-05T00:06:32.659+08:00 level=DEBUG msg="word_record not found" user_id=13 word_id=2645
time=2026-06-05T00:06:32.659+08:00 level=DEBUG msg="WordStore.GetRecord called" user_id=13 word_id=2646
time=2026-06-05T00:06:32.660+08:00 level=DEBUG msg="word_record not found" user_id=13 word_id=2646
time=2026-06-05T00:06:32.661+08:00 level=DEBUG msg="WordStore.GetRecord called" user_id=13 word_id=2647
time=2026-06-05T00:06:32.662+08:00 level=DEBUG msg="word_record not found" user_id=13 word_id=2647
time=2026-06-05T00:06:32.663+08:00 level=DEBUG msg="WordStore.GetRecord called" user_id=13 word_id=2648
time=2026-06-05T00:06:32.663+08:00 level=DEBUG msg="word_record not found" user_id=13 word_id=2648
time=2026-06-05T00:06:32.664+08:00 level=DEBUG msg="WordStore.GetRecord called" user_id=13 word_id=2649
time=2026-06-05T00:06:32.665+08:00 level=DEBUG msg="word_record not found" user_id=13 word_id=2649
time=2026-06-05T00:06:32.666+08:00 level=DEBUG msg="WordStore.GetRecord called" user_id=13 word_id=2650
time=2026-06-05T00:06:32.667+08:00 level=DEBUG msg="word_record not found" user_id=13 word_id=2650
time=2026-06-05T00:06:32.667+08:00 level=DEBUG msg="WordStore.GetRecord called" user_id=13 word_id=2651
time=2026-06-05T00:06:32.667+08:00 level=DEBUG msg="word_record not found" user_id=13 word_id=2651
time=2026-06-05T00:06:32.667+08:00 level=DEBUG msg="WordStore.GetRecord called" user_id=13 word_id=2652
time=2026-06-05T00:06:32.670+08:00 level=DEBUG msg="word_record not found" user_id=13 word_id=2652
time=2026-06-05T00:06:32.670+08:00 level=DEBUG msg="WordStore.GetRecord called" user_id=13 word_id=2653
time=2026-06-05T00:06:32.670+08:00 level=DEBUG msg="word_record not found" user_id=13 word_id=2653
time=2026-06-05T00:06:32.670+08:00 level=DEBUG msg="WordStore.GetRecord called" user_id=13 word_id=2654
time=2026-06-05T00:06:32.674+08:00 level=DEBUG msg="word_record not found" user_id=13 word_id=2654
time=2026-06-05T00:06:32.674+08:00 level=DEBUG msg="WordStore.GetRecord called" user_id=13 word_id=2655
time=2026-06-05T00:06:32.676+08:00 level=DEBUG msg="word_record not found" user_id=13 word_id=2655
time=2026-06-05T00:06:32.678+08:00 level=DEBUG msg="WordStore.GetRecord called" user_id=13 word_id=2656
time=2026-06-05T00:06:32.679+08:00 level=DEBUG msg="word_record not found" user_id=13 word_id=2656
time=2026-06-05T00:06:32.680+08:00 level=DEBUG msg="WordStore.GetRecord called" user_id=13 word_id=2657
time=2026-06-05T00:06:32.681+08:00 level=DEBUG msg="word_record not found" user_id=13 word_id=2657
time=2026-06-05T00:06:32.682+08:00 level=DEBUG msg="WordStore.GetRecord called" user_id=13 word_id=2658
time=2026-06-05T00:06:32.683+08:00 level=DEBUG msg="word_record not found" user_id=13 word_id=2658
time=2026-06-05T00:06:32.683+08:00 level=DEBUG msg="WordStore.GetRecord called" user_id=13 word_id=2659
time=2026-06-05T00:06:32.684+08:00 level=DEBUG msg="word_record not found" user_id=13 word_id=2659
time=2026-06-05T00:06:32.685+08:00 level=DEBUG msg="WordStore.GetRecord called" user_id=13 word_id=2660
time=2026-06-05T00:06:32.686+08:00 level=DEBUG msg="word_record not found" user_id=13 word_id=2660
time=2026-06-05T00:06:32.687+08:00 level=DEBUG msg="WordStore.GetRecord called" user_id=13 word_id=2661
time=2026-06-05T00:06:32.688+08:00 level=DEBUG msg="word_record not found" user_id=13 word_id=2661
time=2026-06-05T00:06:32.689+08:00 level=DEBUG msg="WordStore.GetRecord called" user_id=13 word_id=2662
time=2026-06-05T00:06:32.690+08:00 level=DEBUG msg="word_record not found" user_id=13 word_id=2662
time=2026-06-05T00:06:32.691+08:00 level=DEBUG msg="WordStore.GetRecord called" user_id=13 word_id=2663
time=2026-06-05T00:06:32.692+08:00 level=DEBUG msg="word_record not found" user_id=13 word_id=2663
time=2026-06-05T00:06:32.693+08:00 level=DEBUG msg="WordStore.GetRecord called" user_id=13 word_id=2664
time=2026-06-05T00:06:32.693+08:00 level=DEBUG msg="word_record not found" user_id=13 word_id=2664
time=2026-06-05T00:06:32.694+08:00 level=DEBUG msg="WordStore.GetRecord called" user_id=13 word_id=2665
time=2026-06-05T00:06:32.696+08:00 level=DEBUG msg="word_record not found" user_id=13 word_id=2665
time=2026-06-05T00:06:32.697+08:00 level=DEBUG msg="WordStore.GetRecord called" user_id=13 word_id=2666
time=2026-06-05T00:06:32.698+08:00 level=DEBUG msg="word_record not found" user_id=13 word_id=2666
time=2026-06-05T00:06:32.699+08:00 level=DEBUG msg="WordStore.GetRecord called" user_id=13 word_id=2667
time=2026-06-05T00:06:32.700+08:00 level=DEBUG msg="word_record not found" user_id=13 word_id=2667
time=2026-06-05T00:06:32.701+08:00 level=DEBUG msg="WordStore.GetRecord called" user_id=13 word_id=2668
time=2026-06-05T00:06:32.702+08:00 level=DEBUG msg="word_record not found" user_id=13 word_id=2668
time=2026-06-05T00:06:32.703+08:00 level=DEBUG msg="WordStore.GetRecord called" user_id=13 word_id=2669
time=2026-06-05T00:06:32.704+08:00 level=DEBUG msg="word_record not found" user_id=13 word_id=2669
time=2026-06-05T00:06:32.705+08:00 level=DEBUG msg="WordStore.GetRecord called" user_id=13 word_id=2670
time=2026-06-05T00:06:32.705+08:00 level=DEBUG msg="word_record not found" user_id=13 word_id=2670
time=2026-06-05T00:06:32.706+08:00 level=DEBUG msg="WordStore.GetRecord called" user_id=13 word_id=2671
time=2026-06-05T00:06:32.706+08:00 level=DEBUG msg="word_record not found" user_id=13 word_id=2671
time=2026-06-05T00:06:32.707+08:00 level=DEBUG msg="WordStore.GetRecord called" user_id=13 word_id=2672
time=2026-06-05T00:06:32.707+08:00 level=DEBUG msg="word_record not found" user_id=13 word_id=2672
time=2026-06-05T00:06:32.707+08:00 level=DEBUG msg="WordStore.GetRecord called" user_id=13 word_id=2673
time=2026-06-05T00:06:32.711+08:00 level=DEBUG msg="word_record not found" user_id=13 word_id=2673
time=2026-06-05T00:06:32.711+08:00 level=DEBUG msg="WordStore.GetRecord called" user_id=13 word_id=2674
time=2026-06-05T00:06:32.711+08:00 level=DEBUG msg="word_record not found" user_id=13 word_id=2674
time=2026-06-05T00:06:32.711+08:00 level=DEBUG msg="WordStore.GetRecord called" user_id=13 word_id=2675
time=2026-06-05T00:06:32.711+08:00 level=DEBUG msg="word_record not found" user_id=13 word_id=2675
time=2026-06-05T00:06:32.711+08:00 level=DEBUG msg="WordStore.GetRecord called" user_id=13 word_id=2676
time=2026-06-05T00:06:32.716+08:00 level=DEBUG msg="word_record not found" user_id=13 word_id=2676
time=2026-06-05T00:06:32.716+08:00 level=DEBUG msg="WordStore.GetRecord called" user_id=13 word_id=2677
time=2026-06-05T00:06:32.716+08:00 level=DEBUG msg="word_record not found" user_id=13 word_id=2677
time=2026-06-05T00:06:32.716+08:00 level=DEBUG msg="WordStore.GetRecord called" user_id=13 word_id=2678
time=2026-06-05T00:06:32.716+08:00 level=DEBUG msg="word_record not found" user_id=13 word_id=2678
time=2026-06-05T00:06:32.716+08:00 level=DEBUG msg="WordStore.GetRecord called" user_id=13 word_id=2679
time=2026-06-05T00:06:32.716+08:00 level=DEBUG msg="word_record not found" user_id=13 word_id=2679
time=2026-06-05T00:06:32.716+08:00 level=DEBUG msg="WordStore.GetRecord called" user_id=13 word_id=2680
time=2026-06-05T00:06:32.716+08:00 level=DEBUG msg="word_record not found" user_id=13 word_id=2680
time=2026-06-05T00:06:32.724+08:00 level=DEBUG msg="WordStore.GetRecord called" user_id=13 word_id=2681
time=2026-06-05T00:06:32.724+08:00 level=DEBUG msg="word_record not found" user_id=13 word_id=2681
time=2026-06-05T00:06:32.724+08:00 level=DEBUG msg="WordStore.GetRecord called" user_id=13 word_id=2682
time=2026-06-05T00:06:32.724+08:00 level=DEBUG msg="word_record not found" user_id=13 word_id=2682
time=2026-06-05T00:06:32.727+08:00 level=DEBUG msg="WordStore.GetRecord called" user_id=13 word_id=2683
time=2026-06-05T00:06:32.727+08:00 level=DEBUG msg="word_record not found" user_id=13 word_id=2683
time=2026-06-05T00:06:32.728+08:00 level=DEBUG msg="WordStore.GetRecord called" user_id=13 word_id=2684
time=2026-06-05T00:06:32.729+08:00 level=DEBUG msg="word_record not found" user_id=13 word_id=2684
time=2026-06-05T00:06:32.729+08:00 level=DEBUG msg="WordStore.GetRecord called" user_id=13 word_id=2686
time=2026-06-05T00:06:32.730+08:00 level=DEBUG msg="word_record not found" user_id=13 word_id=2686
time=2026-06-05T00:06:32.731+08:00 level=DEBUG msg="WordStore.GetRecord called" user_id=13 word_id=2687
time=2026-06-05T00:06:32.732+08:00 level=DEBUG msg="word_record not found" user_id=13 word_id=2687
time=2026-06-05T00:06:32.733+08:00 level=DEBUG msg="WordStore.GetRecord called" user_id=13 word_id=2688
time=2026-06-05T00:06:32.734+08:00 level=DEBUG msg="word_record not found" user_id=13 word_id=2688
time=2026-06-05T00:06:32.735+08:00 level=DEBUG msg="WordStore.GetRecord called" user_id=13 word_id=2689
time=2026-06-05T00:06:32.736+08:00 level=DEBUG msg="word_record not found" user_id=13 word_id=2689
time=2026-06-05T00:06:32.737+08:00 level=DEBUG msg="WordStore.GetRecord called" user_id=13 word_id=2690
time=2026-06-05T00:06:32.738+08:00 level=DEBUG msg="word_record not found" user_id=13 word_id=2690
time=2026-06-05T00:06:32.738+08:00 level=DEBUG msg="WordStore.GetRecord called" user_id=13 word_id=2691
time=2026-06-05T00:06:32.739+08:00 level=DEBUG msg="word_record not found" user_id=13 word_id=2691
time=2026-06-05T00:06:32.740+08:00 level=DEBUG msg="WordStore.GetRecord called" user_id=13 word_id=2692
time=2026-06-05T00:06:32.741+08:00 level=DEBUG msg="word_record not found" user_id=13 word_id=2692
time=2026-06-05T00:06:32.741+08:00 level=DEBUG msg="WordStore.GetRecord called" user_id=13 word_id=2693
time=2026-06-05T00:06:32.742+08:00 level=DEBUG msg="word_record not found" user_id=13 word_id=2693
time=2026-06-05T00:06:32.743+08:00 level=DEBUG msg="WordStore.GetRecord called" user_id=13 word_id=2694
time=2026-06-05T00:06:32.745+08:00 level=DEBUG msg="word_record not found" user_id=13 word_id=2694
time=2026-06-05T00:06:32.745+08:00 level=DEBUG msg="WordStore.GetRecord called" user_id=13 word_id=2695
time=2026-06-05T00:06:32.746+08:00 level=DEBUG msg="word_record not found" user_id=13 word_id=2695
time=2026-06-05T00:06:32.747+08:00 level=DEBUG msg="WordStore.GetRecord called" user_id=13 word_id=2696
time=2026-06-05T00:06:32.748+08:00 level=DEBUG msg="word_record not found" user_id=13 word_id=2696
time=2026-06-05T00:06:32.748+08:00 level=DEBUG msg="WordStore.GetRecord called" user_id=13 word_id=2697
time=2026-06-05T00:06:32.749+08:00 level=DEBUG msg="word_record not found" user_id=13 word_id=2697
time=2026-06-05T00:06:32.750+08:00 level=DEBUG msg="WordStore.GetRecord called" user_id=13 word_id=2698
time=2026-06-05T00:06:32.750+08:00 level=DEBUG msg="word_record not found" user_id=13 word_id=2698
time=2026-06-05T00:06:32.751+08:00 level=DEBUG msg="WordStore.GetRecord called" user_id=13 word_id=2699
time=2026-06-05T00:06:32.752+08:00 level=DEBUG msg="word_record not found" user_id=13 word_id=2699
time=2026-06-05T00:06:32.753+08:00 level=DEBUG msg="WordStore.GetRecord called" user_id=13 word_id=2700
time=2026-06-05T00:06:32.754+08:00 level=DEBUG msg="word_record not found" user_id=13 word_id=2700
time=2026-06-05T00:06:32.755+08:00 level=DEBUG msg="WordStore.GetRecord called" user_id=13 word_id=4006
time=2026-06-05T00:06:32.756+08:00 level=DEBUG msg="word_record not found" user_id=13 word_id=4006
time=2026-06-05T00:06:32.757+08:00 level=DEBUG msg="WordStore.GetRecord called" user_id=13 word_id=4012
time=2026-06-05T00:06:32.758+08:00 level=DEBUG msg="word_record not found" user_id=13 word_id=4012
time=2026-06-05T00:06:32.758+08:00 level=DEBUG msg="WordStore.GetRecord called" user_id=13 word_id=4048
time=2026-06-05T00:06:32.759+08:00 level=DEBUG msg="word_record not found" user_id=13 word_id=4048
time=2026-06-05T00:06:32.760+08:00 level=DEBUG msg="WordStore.GetRecord called" user_id=13 word_id=4072
time=2026-06-05T00:06:32.760+08:00 level=DEBUG msg="word_record not found" user_id=13 word_id=4072
time=2026-06-05T00:06:32.761+08:00 level=DEBUG msg="WordStore.GetRecord called" user_id=13 word_id=4081
time=2026-06-05T00:06:32.762+08:00 level=DEBUG msg="word_record not found" user_id=13 word_id=4081
time=2026-06-05T00:06:32.763+08:00 level=DEBUG msg="WordStore.GetRecord called" user_id=13 word_id=4134
time=2026-06-05T00:06:32.763+08:00 level=DEBUG msg="word_record not found" user_id=13 word_id=4134
time=2026-06-05T00:06:32.764+08:00 level=DEBUG msg="WordStore.GetRecord called" user_id=13 word_id=4147
time=2026-06-05T00:06:32.765+08:00 level=DEBUG msg="word_record not found" user_id=13 word_id=4147
time=2026-06-05T00:06:32.766+08:00 level=DEBUG msg="WordStore.GetRecord called" user_id=13 word_id=6511
time=2026-06-05T00:06:32.768+08:00 level=DEBUG msg="word_record not found" user_id=13 word_id=6511
time=2026-06-05T00:06:32.768+08:00 level=DEBUG msg="WordStore.GetRecord called" user_id=13 word_id=6519
time=2026-06-05T00:06:32.769+08:00 level=DEBUG msg="word_record not found" user_id=13 word_id=6519
time=2026-06-05T00:06:32.770+08:00 level=DEBUG msg="WordStore.GetRecord called" user_id=13 word_id=6520
time=2026-06-05T00:06:32.770+08:00 level=DEBUG msg="word_record not found" user_id=13 word_id=6520
time=2026-06-05T00:06:32.771+08:00 level=DEBUG msg="WordStore.GetRecord called" user_id=13 word_id=6525
time=2026-06-05T00:06:32.772+08:00 level=DEBUG msg="word_record not found" user_id=13 word_id=6525
time=2026-06-05T00:06:32.773+08:00 level=DEBUG msg="WordStore.GetRecord called" user_id=13 word_id=6526
time=2026-06-05T00:06:32.773+08:00 level=DEBUG msg="word_record not found" user_id=13 word_id=6526
time=2026-06-05T00:06:32.774+08:00 level=DEBUG msg="WordStore.GetRecord called" user_id=13 word_id=6530
time=2026-06-05T00:06:32.775+08:00 level=DEBUG msg="word_record not found" user_id=13 word_id=6530
time=2026-06-05T00:06:32.776+08:00 level=DEBUG msg="WordStore.GetRecord called" user_id=13 word_id=6531
time=2026-06-05T00:06:32.777+08:00 level=DEBUG msg="word_record not found" user_id=13 word_id=6531
time=2026-06-05T00:06:32.779+08:00 level=DEBUG msg="WordStore.GetRecord called" user_id=13 word_id=6532
time=2026-06-05T00:06:32.779+08:00 level=DEBUG msg="word_record not found" user_id=13 word_id=6532
time=2026-06-05T00:06:32.780+08:00 level=DEBUG msg="WordStore.GetRecord called" user_id=13 word_id=6538
time=2026-06-05T00:06:32.781+08:00 level=DEBUG msg="word_record not found" user_id=13 word_id=6538
time=2026-06-05T00:06:32.782+08:00 level=DEBUG msg="WordStore.GetRecord called" user_id=13 word_id=6539
time=2026-06-05T00:06:32.782+08:00 level=DEBUG msg="word_record not found" user_id=13 word_id=6539
time=2026-06-05T00:06:32.783+08:00 level=DEBUG msg="WordStore.GetRecord called" user_id=13 word_id=6541
time=2026-06-05T00:06:32.784+08:00 level=DEBUG msg="word_record not found" user_id=13 word_id=6541
time=2026-06-05T00:06:32.784+08:00 level=DEBUG msg="WordStore.GetRecord called" user_id=13 word_id=6542
time=2026-06-05T00:06:32.785+08:00 level=DEBUG msg="word_record not found" user_id=13 word_id=6542
time=2026-06-05T00:06:32.786+08:00 level=DEBUG msg="WordStore.GetRecord called" user_id=13 word_id=6553
time=2026-06-05T00:06:32.787+08:00 level=DEBUG msg="word_record not found" user_id=13 word_id=6553
time=2026-06-05T00:06:32.788+08:00 level=DEBUG msg="WordStore.GetRecord called" user_id=13 word_id=6554
time=2026-06-05T00:06:32.789+08:00 level=DEBUG msg="word_record not found" user_id=13 word_id=6554
time=2026-06-05T00:06:32.790+08:00 level=DEBUG msg="WordStore.GetRecord called" user_id=13 word_id=6564
time=2026-06-05T00:06:32.791+08:00 level=DEBUG msg="word_record not found" user_id=13 word_id=6564
time=2026-06-05T00:06:32.792+08:00 level=DEBUG msg="WordStore.GetRecord called" user_id=13 word_id=6579
time=2026-06-05T00:06:32.792+08:00 level=DEBUG msg="word_record not found" user_id=13 word_id=6579
time=2026-06-05T00:06:32.793+08:00 level=DEBUG msg="WordStore.GetRecord called" user_id=13 word_id=6584
time=2026-06-05T00:06:32.794+08:00 level=DEBUG msg="word_record not found" user_id=13 word_id=6584
time=2026-06-05T00:06:32.795+08:00 level=DEBUG msg="WordStore.GetRecord called" user_id=13 word_id=6594
time=2026-06-05T00:06:32.795+08:00 level=DEBUG msg="word_record not found" user_id=13 word_id=6594
time=2026-06-05T00:06:32.796+08:00 level=DEBUG msg="WordStore.GetRecord called" user_id=13 word_id=6597
time=2026-06-05T00:06:32.797+08:00 level=DEBUG msg="word_record not found" user_id=13 word_id=6597
time=2026-06-05T00:06:32.797+08:00 level=DEBUG msg="WordStore.GetRecord called" user_id=13 word_id=6598
time=2026-06-05T00:06:32.799+08:00 level=DEBUG msg="word_record not found" user_id=13 word_id=6598
time=2026-06-05T00:06:32.800+08:00 level=DEBUG msg="WordStore.GetRecord called" user_id=13 word_id=6599
time=2026-06-05T00:06:32.801+08:00 level=DEBUG msg="word_record not found" user_id=13 word_id=6599
time=2026-06-05T00:06:32.802+08:00 level=DEBUG msg="WordStore.GetRecord called" user_id=13 word_id=6602
time=2026-06-05T00:06:32.802+08:00 level=DEBUG msg="word_record not found" user_id=13 word_id=6602
time=2026-06-05T00:06:32.803+08:00 level=DEBUG msg="WordStore.GetRecord called" user_id=13 word_id=6603
time=2026-06-05T00:06:32.804+08:00 level=DEBUG msg="word_record not found" user_id=13 word_id=6603
time=2026-06-05T00:06:32.805+08:00 level=DEBUG msg="WordStore.GetRecord called" user_id=13 word_id=6606
time=2026-06-05T00:06:32.806+08:00 level=DEBUG msg="word_record not found" user_id=13 word_id=6606
time=2026-06-05T00:06:32.806+08:00 level=DEBUG msg="WordStore.GetRecord called" user_id=13 word_id=6613
time=2026-06-05T00:06:32.807+08:00 level=DEBUG msg="word_record not found" user_id=13 word_id=6613
time=2026-06-05T00:06:32.808+08:00 level=DEBUG msg="WordStore.GetRecord called" user_id=13 word_id=6622
time=2026-06-05T00:06:32.809+08:00 level=DEBUG msg="word_record not found" user_id=13 word_id=6622
time=2026-06-05T00:06:32.810+08:00 level=DEBUG msg="WordStore.GetRecord called" user_id=13 word_id=6647
time=2026-06-05T00:06:32.811+08:00 level=DEBUG msg="word_record not found" user_id=13 word_id=6647
time=2026-06-05T00:06:32.812+08:00 level=DEBUG msg="WordStore.GetRecord called" user_id=13 word_id=6667
time=2026-06-05T00:06:32.813+08:00 level=DEBUG msg="word_record not found" user_id=13 word_id=6667
time=2026-06-05T00:06:32.813+08:00 level=DEBUG msg="WordStore.GetRecord called" user_id=13 word_id=6672
time=2026-06-05T00:06:32.814+08:00 level=DEBUG msg="word_record not found" user_id=13 word_id=6672
time=2026-06-05T00:06:32.815+08:00 level=DEBUG msg="WordStore.GetRecord called" user_id=13 word_id=6680
time=2026-06-05T00:06:32.816+08:00 level=DEBUG msg="word_record not found" user_id=13 word_id=6680
time=2026-06-05T00:06:32.816+08:00 level=DEBUG msg="WordStore.GetRecord called" user_id=13 word_id=6682
time=2026-06-05T00:06:32.817+08:00 level=DEBUG msg="word_record not found" user_id=13 word_id=6682
time=2026-06-05T00:06:32.818+08:00 level=DEBUG msg="WordStore.GetRecord called" user_id=13 word_id=6686
time=2026-06-05T00:06:32.819+08:00 level=DEBUG msg="word_record not found" user_id=13 word_id=6686
time=2026-06-05T00:06:32.820+08:00 level=DEBUG msg="WordStore.GetRecord called" user_id=13 word_id=6692
time=2026-06-05T00:06:32.820+08:00 level=DEBUG msg="word_record not found" user_id=13 word_id=6692
time=2026-06-05T00:06:32.822+08:00 level=DEBUG msg="WordStore.GetRecord called" user_id=13 word_id=6694
time=2026-06-05T00:06:32.823+08:00 level=DEBUG msg="word_record not found" user_id=13 word_id=6694
time=2026-06-05T00:06:32.824+08:00 level=DEBUG msg="WordStore.GetRecord called" user_id=13 word_id=6697
time=2026-06-05T00:06:32.825+08:00 level=DEBUG msg="word_record not found" user_id=13 word_id=6697
time=2026-06-05T00:06:32.825+08:00 level=DEBUG msg="WordStore.GetRecord called" user_id=13 word_id=6706
time=2026-06-05T00:06:32.826+08:00 level=DEBUG msg="word_record not found" user_id=13 word_id=6706
time=2026-06-05T00:06:32.827+08:00 level=DEBUG msg="WordStore.GetRecord called" user_id=13 word_id=6721
time=2026-06-05T00:06:32.828+08:00 level=DEBUG msg="word_record not found" user_id=13 word_id=6721
time=2026-06-05T00:06:32.828+08:00 level=DEBUG msg="WordStore.GetRecord called" user_id=13 word_id=6730
time=2026-06-05T00:06:32.829+08:00 level=DEBUG msg="word_record not found" user_id=13 word_id=6730
time=2026-06-05T00:06:32.830+08:00 level=DEBUG msg="WordStore.GetRecord called" user_id=13 word_id=6752
time=2026-06-05T00:06:32.831+08:00 level=DEBUG msg="word_record not found" user_id=13 word_id=6752
time=2026-06-05T00:06:32.832+08:00 level=DEBUG msg="WordStore.GetRecord called" user_id=13 word_id=6764
time=2026-06-05T00:06:32.833+08:00 level=DEBUG msg="word_record not found" user_id=13 word_id=6764
time=2026-06-05T00:06:32.834+08:00 level=DEBUG msg="WordStore.GetRecord called" user_id=13 word_id=6771
time=2026-06-05T00:06:32.835+08:00 level=DEBUG msg="word_record not found" user_id=13 word_id=6771
time=2026-06-05T00:06:32.836+08:00 level=DEBUG msg="WordStore.GetRecord called" user_id=13 word_id=6778
time=2026-06-05T00:06:32.837+08:00 level=DEBUG msg="word_record not found" user_id=13 word_id=6778
time=2026-06-05T00:06:32.837+08:00 level=DEBUG msg="WordStore.GetRecord called" user_id=13 word_id=6791
time=2026-06-05T00:06:32.838+08:00 level=DEBUG msg="word_record not found" user_id=13 word_id=6791
time=2026-06-05T00:06:32.839+08:00 level=DEBUG msg="WordStore.GetRecord called" user_id=13 word_id=6803
time=2026-06-05T00:06:32.840+08:00 level=DEBUG msg="word_record not found" user_id=13 word_id=6803
time=2026-06-05T00:06:32.840+08:00 level=DEBUG msg="WordStore.GetRecord called" user_id=13 word_id=6804
time=2026-06-05T00:06:32.841+08:00 level=DEBUG msg="word_record not found" user_id=13 word_id=6804
time=2026-06-05T00:06:32.842+08:00 level=DEBUG msg="WordStore.GetRecord called" user_id=13 word_id=6825
time=2026-06-05T00:06:32.843+08:00 level=DEBUG msg="word_record not found" user_id=13 word_id=6825
time=2026-06-05T00:06:32.844+08:00 level=DEBUG msg="WordService.GetReviewQueue done" user_id=13 count=114
time=2026-06-05T00:06:32.845+08:00 level=DEBUG msg="UserStore.GetDailyGoals called" user_id=13
time=2026-06-05T00:06:32.846+08:00 level=DEBUG msg="UserStore.GetDailyGoals done" user_id=13
time=2026-06-05T00:06:33.824+08:00 level=DEBUG msg="UserService.GetStats called" user_id=13
time=2026-06-05T00:06:33.825+08:00 level=DEBUG msg="UserStore.GetStats called" user_id=13
time=2026-06-05T00:06:33.826+08:00 level=DEBUG msg="UserStore.GetStats done" user_id=13
time=2026-06-05T00:06:34.143+08:00 level=DEBUG msg="UserService.GetStats called" user_id=13
time=2026-06-05T00:06:34.144+08:00 level=DEBUG msg="UserStore.GetStats called" user_id=13
time=2026-06-05T00:06:34.146+08:00 level=DEBUG msg="UserStore.GetStats done" user_id=13
time=2026-06-05T00:06:39.432+08:00 level=DEBUG msg="WordService.GetReviewQueue called" user_id=13 level=N5
time=2026-06-05T00:06:39.434+08:00 level=DEBUG msg="WordStoreAdapter.ListDueRecords called" user_id=13
time=2026-06-05T00:06:39.434+08:00 level=DEBUG msg="WordStore.ListDueRecords called" user_id=13 limit=200
time=2026-06-05T00:06:39.435+08:00 level=DEBUG msg="WordStore.ListDueRecords done" user_id=13 count=0
time=2026-06-05T00:06:39.436+08:00 level=DEBUG msg="WordStoreAdapter.ListByLevel called" level=N5
time=2026-06-05T00:06:39.437+08:00 level=DEBUG msg="WordStore.ListByLevel called" level=N5 page=1 size=10000
time=2026-06-05T00:06:39.439+08:00 level=DEBUG msg="WordStore.ListByLevel done" level=N5 count=114 total=114
time=2026-06-05T00:06:39.439+08:00 level=DEBUG msg="WordStore.GetRecord called" user_id=13 word_id=2472
time=2026-06-05T00:06:39.440+08:00 level=DEBUG msg="word_record not found" user_id=13 word_id=2472
time=2026-06-05T00:06:39.441+08:00 level=DEBUG msg="WordStore.GetRecord called" user_id=13 word_id=2482
time=2026-06-05T00:06:39.443+08:00 level=DEBUG msg="word_record not found" user_id=13 word_id=2482
time=2026-06-05T00:06:39.444+08:00 level=DEBUG msg="WordStore.GetRecord called" user_id=13 word_id=2641
time=2026-06-05T00:06:39.445+08:00 level=DEBUG msg="word_record not found" user_id=13 word_id=2641
time=2026-06-05T00:06:39.446+08:00 level=DEBUG msg="WordStore.GetRecord called" user_id=13 word_id=2642
time=2026-06-05T00:06:39.447+08:00 level=DEBUG msg="word_record not found" user_id=13 word_id=2642
time=2026-06-05T00:06:39.448+08:00 level=DEBUG msg="WordStore.GetRecord called" user_id=13 word_id=2643
time=2026-06-05T00:06:39.448+08:00 level=DEBUG msg="word_record not found" user_id=13 word_id=2643
time=2026-06-05T00:06:39.449+08:00 level=DEBUG msg="WordStore.GetRecord called" user_id=13 word_id=2644
time=2026-06-05T00:06:39.450+08:00 level=DEBUG msg="word_record not found" user_id=13 word_id=2644
time=2026-06-05T00:06:39.451+08:00 level=DEBUG msg="WordStore.GetRecord called" user_id=13 word_id=2645
time=2026-06-05T00:06:39.452+08:00 level=DEBUG msg="word_record not found" user_id=13 word_id=2645
time=2026-06-05T00:06:39.453+08:00 level=DEBUG msg="WordStore.GetRecord called" user_id=13 word_id=2646
time=2026-06-05T00:06:39.455+08:00 level=DEBUG msg="word_record not found" user_id=13 word_id=2646
time=2026-06-05T00:06:39.455+08:00 level=DEBUG msg="WordStore.GetRecord called" user_id=13 word_id=2647
time=2026-06-05T00:06:39.456+08:00 level=DEBUG msg="word_record not found" user_id=13 word_id=2647
time=2026-06-05T00:06:39.457+08:00 level=DEBUG msg="WordStore.GetRecord called" user_id=13 word_id=2648
time=2026-06-05T00:06:39.458+08:00 level=DEBUG msg="word_record not found" user_id=13 word_id=2648
time=2026-06-05T00:06:39.458+08:00 level=DEBUG msg="WordStore.GetRecord called" user_id=13 word_id=2649
time=2026-06-05T00:06:39.459+08:00 level=DEBUG msg="word_record not found" user_id=13 word_id=2649
time=2026-06-05T00:06:39.460+08:00 level=DEBUG msg="WordStore.GetRecord called" user_id=13 word_id=2650
time=2026-06-05T00:06:39.461+08:00 level=DEBUG msg="word_record not found" user_id=13 word_id=2650
time=2026-06-05T00:06:39.461+08:00 level=DEBUG msg="WordStore.GetRecord called" user_id=13 word_id=2651
time=2026-06-05T00:06:39.462+08:00 level=DEBUG msg="word_record not found" user_id=13 word_id=2651
time=2026-06-05T00:06:39.464+08:00 level=DEBUG msg="WordStore.GetRecord called" user_id=13 word_id=2652
time=2026-06-05T00:06:39.466+08:00 level=DEBUG msg="word_record not found" user_id=13 word_id=2652
time=2026-06-05T00:06:39.466+08:00 level=DEBUG msg="WordStore.GetRecord called" user_id=13 word_id=2653
time=2026-06-05T00:06:39.467+08:00 level=DEBUG msg="word_record not found" user_id=13 word_id=2653
time=2026-06-05T00:06:39.468+08:00 level=DEBUG msg="WordStore.GetRecord called" user_id=13 word_id=2654
time=2026-06-05T00:06:39.523+08:00 level=DEBUG msg="word_record not found" user_id=13 word_id=2654
time=2026-06-05T00:06:39.523+08:00 level=DEBUG msg="WordStore.GetRecord called" user_id=13 word_id=2655
time=2026-06-05T00:06:39.524+08:00 level=DEBUG msg="word_record not found" user_id=13 word_id=2655
time=2026-06-05T00:06:39.525+08:00 level=DEBUG msg="WordStore.GetRecord called" user_id=13 word_id=2656
time=2026-06-05T00:06:39.526+08:00 level=DEBUG msg="word_record not found" user_id=13 word_id=2656
time=2026-06-05T00:06:39.526+08:00 level=DEBUG msg="WordStore.GetRecord called" user_id=13 word_id=2657
time=2026-06-05T00:06:39.527+08:00 level=DEBUG msg="word_record not found" user_id=13 word_id=2657
time=2026-06-05T00:06:39.528+08:00 level=DEBUG msg="WordStore.GetRecord called" user_id=13 word_id=2658
time=2026-06-05T00:06:39.529+08:00 level=DEBUG msg="word_record not found" user_id=13 word_id=2658
time=2026-06-05T00:06:39.530+08:00 level=DEBUG msg="WordStore.GetRecord called" user_id=13 word_id=2659
time=2026-06-05T00:06:39.532+08:00 level=DEBUG msg="word_record not found" user_id=13 word_id=2659
time=2026-06-05T00:06:39.533+08:00 level=DEBUG msg="WordStore.GetRecord called" user_id=13 word_id=2660
time=2026-06-05T00:06:39.534+08:00 level=DEBUG msg="word_record not found" user_id=13 word_id=2660
time=2026-06-05T00:06:39.534+08:00 level=DEBUG msg="WordStore.GetRecord called" user_id=13 word_id=2661
time=2026-06-05T00:06:39.535+08:00 level=DEBUG msg="word_record not found" user_id=13 word_id=2661
time=2026-06-05T00:06:39.536+08:00 level=DEBUG msg="WordStore.GetRecord called" user_id=13 word_id=2662
time=2026-06-05T00:06:39.537+08:00 level=DEBUG msg="word_record not found" user_id=13 word_id=2662
time=2026-06-05T00:06:39.538+08:00 level=DEBUG msg="WordStore.GetRecord called" user_id=13 word_id=2663
time=2026-06-05T00:06:39.538+08:00 level=DEBUG msg="word_record not found" user_id=13 word_id=2663
time=2026-06-05T00:06:39.539+08:00 level=DEBUG msg="WordStore.GetRecord called" user_id=13 word_id=2664
time=2026-06-05T00:06:39.540+08:00 level=DEBUG msg="word_record not found" user_id=13 word_id=2664
time=2026-06-05T00:06:39.541+08:00 level=DEBUG msg="WordStore.GetRecord called" user_id=13 word_id=2665
time=2026-06-05T00:06:39.542+08:00 level=DEBUG msg="word_record not found" user_id=13 word_id=2665
time=2026-06-05T00:06:39.543+08:00 level=DEBUG msg="WordStore.GetRecord called" user_id=13 word_id=2666
time=2026-06-05T00:06:39.544+08:00 level=DEBUG msg="word_record not found" user_id=13 word_id=2666
time=2026-06-05T00:06:39.545+08:00 level=DEBUG msg="WordStore.GetRecord called" user_id=13 word_id=2667
time=2026-06-05T00:06:39.546+08:00 level=DEBUG msg="word_record not found" user_id=13 word_id=2667
time=2026-06-05T00:06:39.547+08:00 level=DEBUG msg="WordStore.GetRecord called" user_id=13 word_id=2668
time=2026-06-05T00:06:39.548+08:00 level=DEBUG msg="word_record not found" user_id=13 word_id=2668
time=2026-06-05T00:06:39.548+08:00 level=DEBUG msg="WordStore.GetRecord called" user_id=13 word_id=2669
time=2026-06-05T00:06:39.549+08:00 level=DEBUG msg="word_record not found" user_id=13 word_id=2669
time=2026-06-05T00:06:39.550+08:00 level=DEBUG msg="WordStore.GetRecord called" user_id=13 word_id=2670
time=2026-06-05T00:06:39.551+08:00 level=DEBUG msg="word_record not found" user_id=13 word_id=2670
time=2026-06-05T00:06:39.551+08:00 level=DEBUG msg="WordStore.GetRecord called" user_id=13 word_id=2671
time=2026-06-05T00:06:39.552+08:00 level=DEBUG msg="word_record not found" user_id=13 word_id=2671
time=2026-06-05T00:06:39.554+08:00 level=DEBUG msg="WordStore.GetRecord called" user_id=13 word_id=2672
time=2026-06-05T00:06:39.554+08:00 level=DEBUG msg="word_record not found" user_id=13 word_id=2672
time=2026-06-05T00:06:39.554+08:00 level=DEBUG msg="WordStore.GetRecord called" user_id=13 word_id=2673
time=2026-06-05T00:06:39.557+08:00 level=DEBUG msg="word_record not found" user_id=13 word_id=2673
time=2026-06-05T00:06:39.557+08:00 level=DEBUG msg="WordStore.GetRecord called" user_id=13 word_id=2674
time=2026-06-05T00:06:39.558+08:00 level=DEBUG msg="word_record not found" user_id=13 word_id=2674
time=2026-06-05T00:06:39.559+08:00 level=DEBUG msg="WordStore.GetRecord called" user_id=13 word_id=2675
time=2026-06-05T00:06:39.560+08:00 level=DEBUG msg="word_record not found" user_id=13 word_id=2675
time=2026-06-05T00:06:39.560+08:00 level=DEBUG msg="WordStore.GetRecord called" user_id=13 word_id=2676
time=2026-06-05T00:06:39.560+08:00 level=DEBUG msg="word_record not found" user_id=13 word_id=2676
time=2026-06-05T00:06:39.562+08:00 level=DEBUG msg="WordStore.GetRecord called" user_id=13 word_id=2677
time=2026-06-05T00:06:39.563+08:00 level=DEBUG msg="word_record not found" user_id=13 word_id=2677
time=2026-06-05T00:06:39.564+08:00 level=DEBUG msg="WordStore.GetRecord called" user_id=13 word_id=2678
time=2026-06-05T00:06:39.565+08:00 level=DEBUG msg="word_record not found" user_id=13 word_id=2678
time=2026-06-05T00:06:39.566+08:00 level=DEBUG msg="WordStore.GetRecord called" user_id=13 word_id=2679
time=2026-06-05T00:06:39.567+08:00 level=DEBUG msg="word_record not found" user_id=13 word_id=2679
time=2026-06-05T00:06:39.567+08:00 level=DEBUG msg="WordStore.GetRecord called" user_id=13 word_id=2680
time=2026-06-05T00:06:39.568+08:00 level=DEBUG msg="word_record not found" user_id=13 word_id=2680
time=2026-06-05T00:06:39.569+08:00 level=DEBUG msg="WordStore.GetRecord called" user_id=13 word_id=2681
time=2026-06-05T00:06:39.569+08:00 level=DEBUG msg="word_record not found" user_id=13 word_id=2681
time=2026-06-05T00:06:39.570+08:00 level=DEBUG msg="WordStore.GetRecord called" user_id=13 word_id=2682
time=2026-06-05T00:06:39.571+08:00 level=DEBUG msg="word_record not found" user_id=13 word_id=2682
time=2026-06-05T00:06:39.572+08:00 level=DEBUG msg="WordStore.GetRecord called" user_id=13 word_id=2683
time=2026-06-05T00:06:39.573+08:00 level=DEBUG msg="word_record not found" user_id=13 word_id=2683
time=2026-06-05T00:06:39.573+08:00 level=DEBUG msg="WordStore.GetRecord called" user_id=13 word_id=2684
time=2026-06-05T00:06:39.574+08:00 level=DEBUG msg="word_record not found" user_id=13 word_id=2684
time=2026-06-05T00:06:39.576+08:00 level=DEBUG msg="WordStore.GetRecord called" user_id=13 word_id=2686
time=2026-06-05T00:06:39.576+08:00 level=DEBUG msg="word_record not found" user_id=13 word_id=2686
time=2026-06-05T00:06:39.577+08:00 level=DEBUG msg="WordStore.GetRecord called" user_id=13 word_id=2687
time=2026-06-05T00:06:39.578+08:00 level=DEBUG msg="word_record not found" user_id=13 word_id=2687
time=2026-06-05T00:06:39.579+08:00 level=DEBUG msg="WordStore.GetRecord called" user_id=13 word_id=2688
time=2026-06-05T00:06:39.579+08:00 level=DEBUG msg="word_record not found" user_id=13 word_id=2688
time=2026-06-05T00:06:39.580+08:00 level=DEBUG msg="WordStore.GetRecord called" user_id=13 word_id=2689
time=2026-06-05T00:06:39.581+08:00 level=DEBUG msg="word_record not found" user_id=13 word_id=2689
time=2026-06-05T00:06:39.582+08:00 level=DEBUG msg="WordStore.GetRecord called" user_id=13 word_id=2690
time=2026-06-05T00:06:39.583+08:00 level=DEBUG msg="word_record not found" user_id=13 word_id=2690
time=2026-06-05T00:06:39.583+08:00 level=DEBUG msg="WordStore.GetRecord called" user_id=13 word_id=2691
time=2026-06-05T00:06:39.584+08:00 level=DEBUG msg="word_record not found" user_id=13 word_id=2691
time=2026-06-05T00:06:39.585+08:00 level=DEBUG msg="WordStore.GetRecord called" user_id=13 word_id=2692
time=2026-06-05T00:06:39.587+08:00 level=DEBUG msg="word_record not found" user_id=13 word_id=2692
time=2026-06-05T00:06:39.587+08:00 level=DEBUG msg="WordStore.GetRecord called" user_id=13 word_id=2693
time=2026-06-05T00:06:39.588+08:00 level=DEBUG msg="word_record not found" user_id=13 word_id=2693
time=2026-06-05T00:06:39.589+08:00 level=DEBUG msg="WordStore.GetRecord called" user_id=13 word_id=2694
time=2026-06-05T00:06:39.589+08:00 level=DEBUG msg="word_record not found" user_id=13 word_id=2694
time=2026-06-05T00:06:39.590+08:00 level=DEBUG msg="WordStore.GetRecord called" user_id=13 word_id=2695
time=2026-06-05T00:06:39.591+08:00 level=DEBUG msg="word_record not found" user_id=13 word_id=2695
time=2026-06-05T00:06:39.592+08:00 level=DEBUG msg="WordStore.GetRecord called" user_id=13 word_id=2696
time=2026-06-05T00:06:39.593+08:00 level=DEBUG msg="word_record not found" user_id=13 word_id=2696
time=2026-06-05T00:06:39.593+08:00 level=DEBUG msg="WordStore.GetRecord called" user_id=13 word_id=2697
time=2026-06-05T00:06:39.594+08:00 level=DEBUG msg="word_record not found" user_id=13 word_id=2697
time=2026-06-05T00:06:39.595+08:00 level=DEBUG msg="WordStore.GetRecord called" user_id=13 word_id=2698
time=2026-06-05T00:06:39.596+08:00 level=DEBUG msg="word_record not found" user_id=13 word_id=2698
time=2026-06-05T00:06:39.597+08:00 level=DEBUG msg="WordStore.GetRecord called" user_id=13 word_id=2699
time=2026-06-05T00:06:39.598+08:00 level=DEBUG msg="word_record not found" user_id=13 word_id=2699
time=2026-06-05T00:06:39.599+08:00 level=DEBUG msg="WordStore.GetRecord called" user_id=13 word_id=2700
time=2026-06-05T00:06:39.599+08:00 level=DEBUG msg="word_record not found" user_id=13 word_id=2700
time=2026-06-05T00:06:39.600+08:00 level=DEBUG msg="WordStore.GetRecord called" user_id=13 word_id=4006
time=2026-06-05T00:06:39.601+08:00 level=DEBUG msg="word_record not found" user_id=13 word_id=4006
time=2026-06-05T00:06:39.602+08:00 level=DEBUG msg="WordStore.GetRecord called" user_id=13 word_id=4012
time=2026-06-05T00:06:39.602+08:00 level=DEBUG msg="word_record not found" user_id=13 word_id=4012
time=2026-06-05T00:06:39.603+08:00 level=DEBUG msg="WordStore.GetRecord called" user_id=13 word_id=4048
time=2026-06-05T00:06:39.604+08:00 level=DEBUG msg="word_record not found" user_id=13 word_id=4048
time=2026-06-05T00:06:39.605+08:00 level=DEBUG msg="WordStore.GetRecord called" user_id=13 word_id=4072
time=2026-06-05T00:06:39.606+08:00 level=DEBUG msg="word_record not found" user_id=13 word_id=4072
time=2026-06-05T00:06:39.606+08:00 level=DEBUG msg="WordStore.GetRecord called" user_id=13 word_id=4081
time=2026-06-05T00:06:39.607+08:00 level=DEBUG msg="word_record not found" user_id=13 word_id=4081
time=2026-06-05T00:06:39.608+08:00 level=DEBUG msg="WordStore.GetRecord called" user_id=13 word_id=4134
time=2026-06-05T00:06:39.610+08:00 level=DEBUG msg="word_record not found" user_id=13 word_id=4134
time=2026-06-05T00:06:39.610+08:00 level=DEBUG msg="WordStore.GetRecord called" user_id=13 word_id=4147
time=2026-06-05T00:06:39.611+08:00 level=DEBUG msg="word_record not found" user_id=13 word_id=4147
time=2026-06-05T00:06:39.612+08:00 level=DEBUG msg="WordStore.GetRecord called" user_id=13 word_id=6511
time=2026-06-05T00:06:39.613+08:00 level=DEBUG msg="word_record not found" user_id=13 word_id=6511
time=2026-06-05T00:06:39.613+08:00 level=DEBUG msg="WordStore.GetRecord called" user_id=13 word_id=6519
time=2026-06-05T00:06:39.614+08:00 level=DEBUG msg="word_record not found" user_id=13 word_id=6519
time=2026-06-05T00:06:39.615+08:00 level=DEBUG msg="WordStore.GetRecord called" user_id=13 word_id=6520
time=2026-06-05T00:06:39.615+08:00 level=DEBUG msg="word_record not found" user_id=13 word_id=6520
time=2026-06-05T00:06:39.616+08:00 level=DEBUG msg="WordStore.GetRecord called" user_id=13 word_id=6525
time=2026-06-05T00:06:39.617+08:00 level=DEBUG msg="word_record not found" user_id=13 word_id=6525
time=2026-06-05T00:06:39.617+08:00 level=DEBUG msg="WordStore.GetRecord called" user_id=13 word_id=6526
time=2026-06-05T00:06:39.619+08:00 level=DEBUG msg="word_record not found" user_id=13 word_id=6526
time=2026-06-05T00:06:39.620+08:00 level=DEBUG msg="WordStore.GetRecord called" user_id=13 word_id=6530
time=2026-06-05T00:06:39.621+08:00 level=DEBUG msg="word_record not found" user_id=13 word_id=6530
time=2026-06-05T00:06:39.622+08:00 level=DEBUG msg="WordStore.GetRecord called" user_id=13 word_id=6531
time=2026-06-05T00:06:39.623+08:00 level=DEBUG msg="word_record not found" user_id=13 word_id=6531
time=2026-06-05T00:06:39.623+08:00 level=DEBUG msg="WordStore.GetRecord called" user_id=13 word_id=6532
time=2026-06-05T00:06:39.624+08:00 level=DEBUG msg="word_record not found" user_id=13 word_id=6532
time=2026-06-05T00:06:39.625+08:00 level=DEBUG msg="WordStore.GetRecord called" user_id=13 word_id=6538
time=2026-06-05T00:06:39.625+08:00 level=DEBUG msg="word_record not found" user_id=13 word_id=6538
time=2026-06-05T00:06:39.626+08:00 level=DEBUG msg="WordStore.GetRecord called" user_id=13 word_id=6539
time=2026-06-05T00:06:39.627+08:00 level=DEBUG msg="word_record not found" user_id=13 word_id=6539
time=2026-06-05T00:06:39.628+08:00 level=DEBUG msg="WordStore.GetRecord called" user_id=13 word_id=6541
time=2026-06-05T00:06:39.628+08:00 level=DEBUG msg="word_record not found" user_id=13 word_id=6541
time=2026-06-05T00:06:39.629+08:00 level=DEBUG msg="WordStore.GetRecord called" user_id=13 word_id=6542
time=2026-06-05T00:06:39.631+08:00 level=DEBUG msg="word_record not found" user_id=13 word_id=6542
time=2026-06-05T00:06:39.631+08:00 level=DEBUG msg="WordStore.GetRecord called" user_id=13 word_id=6553
time=2026-06-05T00:06:39.632+08:00 level=DEBUG msg="word_record not found" user_id=13 word_id=6553
time=2026-06-05T00:06:39.633+08:00 level=DEBUG msg="WordStore.GetRecord called" user_id=13 word_id=6554
time=2026-06-05T00:06:39.634+08:00 level=DEBUG msg="word_record not found" user_id=13 word_id=6554
time=2026-06-05T00:06:39.635+08:00 level=DEBUG msg="WordStore.GetRecord called" user_id=13 word_id=6564
time=2026-06-05T00:06:39.636+08:00 level=DEBUG msg="word_record not found" user_id=13 word_id=6564
time=2026-06-05T00:06:39.636+08:00 level=DEBUG msg="WordStore.GetRecord called" user_id=13 word_id=6579
time=2026-06-05T00:06:39.637+08:00 level=DEBUG msg="word_record not found" user_id=13 word_id=6579
time=2026-06-05T00:06:39.638+08:00 level=DEBUG msg="WordStore.GetRecord called" user_id=13 word_id=6584
time=2026-06-05T00:06:39.638+08:00 level=DEBUG msg="word_record not found" user_id=13 word_id=6584
time=2026-06-05T00:06:39.639+08:00 level=DEBUG msg="WordStore.GetRecord called" user_id=13 word_id=6594
time=2026-06-05T00:06:39.639+08:00 level=DEBUG msg="word_record not found" user_id=13 word_id=6594
time=2026-06-05T00:06:39.641+08:00 level=DEBUG msg="WordStore.GetRecord called" user_id=13 word_id=6597
time=2026-06-05T00:06:39.643+08:00 level=DEBUG msg="word_record not found" user_id=13 word_id=6597
time=2026-06-05T00:06:39.643+08:00 level=DEBUG msg="WordStore.GetRecord called" user_id=13 word_id=6598
time=2026-06-05T00:06:39.644+08:00 level=DEBUG msg="word_record not found" user_id=13 word_id=6598
time=2026-06-05T00:06:39.645+08:00 level=DEBUG msg="WordStore.GetRecord called" user_id=13 word_id=6599
time=2026-06-05T00:06:39.645+08:00 level=DEBUG msg="word_record not found" user_id=13 word_id=6599
time=2026-06-05T00:06:39.646+08:00 level=DEBUG msg="WordStore.GetRecord called" user_id=13 word_id=6602
time=2026-06-05T00:06:39.647+08:00 level=DEBUG msg="word_record not found" user_id=13 word_id=6602
time=2026-06-05T00:06:39.648+08:00 level=DEBUG msg="WordStore.GetRecord called" user_id=13 word_id=6603
time=2026-06-05T00:06:39.648+08:00 level=DEBUG msg="word_record not found" user_id=13 word_id=6603
time=2026-06-05T00:06:39.649+08:00 level=DEBUG msg="WordStore.GetRecord called" user_id=13 word_id=6606
time=2026-06-05T00:06:39.650+08:00 level=DEBUG msg="word_record not found" user_id=13 word_id=6606
time=2026-06-05T00:06:39.651+08:00 level=DEBUG msg="WordStore.GetRecord called" user_id=13 word_id=6613
time=2026-06-05T00:06:39.652+08:00 level=DEBUG msg="word_record not found" user_id=13 word_id=6613
time=2026-06-05T00:06:39.653+08:00 level=DEBUG msg="WordStore.GetRecord called" user_id=13 word_id=6622
time=2026-06-05T00:06:39.654+08:00 level=DEBUG msg="word_record not found" user_id=13 word_id=6622
time=2026-06-05T00:06:39.655+08:00 level=DEBUG msg="WordStore.GetRecord called" user_id=13 word_id=6647
time=2026-06-05T00:06:39.656+08:00 level=DEBUG msg="word_record not found" user_id=13 word_id=6647
time=2026-06-05T00:06:39.657+08:00 level=DEBUG msg="WordStore.GetRecord called" user_id=13 word_id=6667
time=2026-06-05T00:06:39.657+08:00 level=DEBUG msg="word_record not found" user_id=13 word_id=6667
time=2026-06-05T00:06:39.658+08:00 level=DEBUG msg="WordStore.GetRecord called" user_id=13 word_id=6672
time=2026-06-05T00:06:39.659+08:00 level=DEBUG msg="word_record not found" user_id=13 word_id=6672
time=2026-06-05T00:06:39.659+08:00 level=DEBUG msg="WordStore.GetRecord called" user_id=13 word_id=6680
time=2026-06-05T00:06:39.660+08:00 level=DEBUG msg="word_record not found" user_id=13 word_id=6680
time=2026-06-05T00:06:39.661+08:00 level=DEBUG msg="WordStore.GetRecord called" user_id=13 word_id=6682
time=2026-06-05T00:06:39.662+08:00 level=DEBUG msg="word_record not found" user_id=13 word_id=6682
time=2026-06-05T00:06:39.662+08:00 level=DEBUG msg="WordStore.GetRecord called" user_id=13 word_id=6686
time=2026-06-05T00:06:39.664+08:00 level=DEBUG msg="word_record not found" user_id=13 word_id=6686
time=2026-06-05T00:06:39.665+08:00 level=DEBUG msg="WordStore.GetRecord called" user_id=13 word_id=6692
time=2026-06-05T00:06:39.665+08:00 level=DEBUG msg="word_record not found" user_id=13 word_id=6692
time=2026-06-05T00:06:39.666+08:00 level=DEBUG msg="WordStore.GetRecord called" user_id=13 word_id=6694
time=2026-06-05T00:06:39.667+08:00 level=DEBUG msg="word_record not found" user_id=13 word_id=6694
time=2026-06-05T00:06:39.668+08:00 level=DEBUG msg="WordStore.GetRecord called" user_id=13 word_id=6697
time=2026-06-05T00:06:39.668+08:00 level=DEBUG msg="word_record not found" user_id=13 word_id=6697
time=2026-06-05T00:06:39.669+08:00 level=DEBUG msg="WordStore.GetRecord called" user_id=13 word_id=6706
time=2026-06-05T00:06:39.670+08:00 level=DEBUG msg="word_record not found" user_id=13 word_id=6706
time=2026-06-05T00:06:39.671+08:00 level=DEBUG msg="WordStore.GetRecord called" user_id=13 word_id=6721
time=2026-06-05T00:06:39.671+08:00 level=DEBUG msg="word_record not found" user_id=13 word_id=6721
time=2026-06-05T00:06:39.672+08:00 level=DEBUG msg="WordStore.GetRecord called" user_id=13 word_id=6730
time=2026-06-05T00:06:39.673+08:00 level=DEBUG msg="word_record not found" user_id=13 word_id=6730
time=2026-06-05T00:06:39.674+08:00 level=DEBUG msg="WordStore.GetRecord called" user_id=13 word_id=6752
time=2026-06-05T00:06:39.676+08:00 level=DEBUG msg="word_record not found" user_id=13 word_id=6752
time=2026-06-05T00:06:39.676+08:00 level=DEBUG msg="WordStore.GetRecord called" user_id=13 word_id=6764
time=2026-06-05T00:06:39.677+08:00 level=DEBUG msg="word_record not found" user_id=13 word_id=6764
time=2026-06-05T00:06:39.678+08:00 level=DEBUG msg="WordStore.GetRecord called" user_id=13 word_id=6771
time=2026-06-05T00:06:39.679+08:00 level=DEBUG msg="word_record not found" user_id=13 word_id=6771
time=2026-06-05T00:06:39.680+08:00 level=DEBUG msg="WordStore.GetRecord called" user_id=13 word_id=6778
time=2026-06-05T00:06:39.680+08:00 level=DEBUG msg="word_record not found" user_id=13 word_id=6778
time=2026-06-05T00:06:39.681+08:00 level=DEBUG msg="WordStore.GetRecord called" user_id=13 word_id=6791
time=2026-06-05T00:06:39.682+08:00 level=DEBUG msg="word_record not found" user_id=13 word_id=6791
time=2026-06-05T00:06:39.683+08:00 level=DEBUG msg="WordStore.GetRecord called" user_id=13 word_id=6803
time=2026-06-05T00:06:39.683+08:00 level=DEBUG msg="word_record not found" user_id=13 word_id=6803
time=2026-06-05T00:06:39.684+08:00 level=DEBUG msg="WordStore.GetRecord called" user_id=13 word_id=6804
time=2026-06-05T00:06:39.685+08:00 level=DEBUG msg="word_record not found" user_id=13 word_id=6804
time=2026-06-05T00:06:39.686+08:00 level=DEBUG msg="WordStore.GetRecord called" user_id=13 word_id=6825
time=2026-06-05T00:06:39.688+08:00 level=DEBUG msg="word_record not found" user_id=13 word_id=6825
time=2026-06-05T00:06:39.688+08:00 level=DEBUG msg="WordService.GetReviewQueue done" user_id=13 count=114
time=2026-06-05T00:06:39.689+08:00 level=DEBUG msg="UserStore.GetDailyGoals called" user_id=13
time=2026-06-05T00:06:39.690+08:00 level=DEBUG msg="UserStore.GetDailyGoals done" user_id=13
time=2026-06-05T00:06:40.004+08:00 level=DEBUG msg="WordService.GetReviewQueue called" user_id=13 level=N5
time=2026-06-05T00:06:40.005+08:00 level=DEBUG msg="WordStoreAdapter.ListDueRecords called" user_id=13
time=2026-06-05T00:06:40.007+08:00 level=DEBUG msg="WordStore.ListDueRecords called" user_id=13 limit=200
time=2026-06-05T00:06:40.008+08:00 level=DEBUG msg="WordStore.ListDueRecords done" user_id=13 count=0
time=2026-06-05T00:06:40.009+08:00 level=DEBUG msg="WordStoreAdapter.ListByLevel called" level=N5
time=2026-06-05T00:06:40.010+08:00 level=DEBUG msg="WordStore.ListByLevel called" level=N5 page=1 size=10000
time=2026-06-05T00:06:40.013+08:00 level=DEBUG msg="WordStore.ListByLevel done" level=N5 count=114 total=114
time=2026-06-05T00:06:40.014+08:00 level=DEBUG msg="WordStore.GetRecord called" user_id=13 word_id=2472
time=2026-06-05T00:06:40.015+08:00 level=DEBUG msg="word_record not found" user_id=13 word_id=2472
time=2026-06-05T00:06:40.016+08:00 level=DEBUG msg="WordStore.GetRecord called" user_id=13 word_id=2482
time=2026-06-05T00:06:40.016+08:00 level=DEBUG msg="word_record not found" user_id=13 word_id=2482
time=2026-06-05T00:06:40.018+08:00 level=DEBUG msg="WordStore.GetRecord called" user_id=13 word_id=2641
time=2026-06-05T00:06:40.019+08:00 level=DEBUG msg="word_record not found" user_id=13 word_id=2641
time=2026-06-05T00:06:40.020+08:00 level=DEBUG msg="WordStore.GetRecord called" user_id=13 word_id=2642
time=2026-06-05T00:06:40.021+08:00 level=DEBUG msg="word_record not found" user_id=13 word_id=2642
time=2026-06-05T00:06:40.021+08:00 level=DEBUG msg="WordStore.GetRecord called" user_id=13 word_id=2643
time=2026-06-05T00:06:40.022+08:00 level=DEBUG msg="word_record not found" user_id=13 word_id=2643
time=2026-06-05T00:06:40.023+08:00 level=DEBUG msg="WordStore.GetRecord called" user_id=13 word_id=2644
time=2026-06-05T00:06:40.025+08:00 level=DEBUG msg="word_record not found" user_id=13 word_id=2644
time=2026-06-05T00:06:40.025+08:00 level=DEBUG msg="WordStore.GetRecord called" user_id=13 word_id=2645
time=2026-06-05T00:06:40.026+08:00 level=DEBUG msg="word_record not found" user_id=13 word_id=2645
time=2026-06-05T00:06:40.027+08:00 level=DEBUG msg="WordStore.GetRecord called" user_id=13 word_id=2646
time=2026-06-05T00:06:40.028+08:00 level=DEBUG msg="word_record not found" user_id=13 word_id=2646
time=2026-06-05T00:06:40.029+08:00 level=DEBUG msg="WordStore.GetRecord called" user_id=13 word_id=2647
time=2026-06-05T00:06:40.030+08:00 level=DEBUG msg="word_record not found" user_id=13 word_id=2647
time=2026-06-05T00:06:40.031+08:00 level=DEBUG msg="WordStore.GetRecord called" user_id=13 word_id=2648
time=2026-06-05T00:06:40.032+08:00 level=DEBUG msg="word_record not found" user_id=13 word_id=2648
time=2026-06-05T00:06:40.033+08:00 level=DEBUG msg="WordStore.GetRecord called" user_id=13 word_id=2649
time=2026-06-05T00:06:40.034+08:00 level=DEBUG msg="word_record not found" user_id=13 word_id=2649
time=2026-06-05T00:06:40.035+08:00 level=DEBUG msg="WordStore.GetRecord called" user_id=13 word_id=2650
time=2026-06-05T00:06:40.036+08:00 level=DEBUG msg="word_record not found" user_id=13 word_id=2650
time=2026-06-05T00:06:40.036+08:00 level=DEBUG msg="WordStore.GetRecord called" user_id=13 word_id=2651
time=2026-06-05T00:06:40.037+08:00 level=DEBUG msg="word_record not found" user_id=13 word_id=2651
time=2026-06-05T00:06:40.038+08:00 level=DEBUG msg="WordStore.GetRecord called" user_id=13 word_id=2652
time=2026-06-05T00:06:40.039+08:00 level=DEBUG msg="word_record not found" user_id=13 word_id=2652
time=2026-06-05T00:06:40.041+08:00 level=DEBUG msg="WordStore.GetRecord called" user_id=13 word_id=2653
time=2026-06-05T00:06:40.041+08:00 level=DEBUG msg="word_record not found" user_id=13 word_id=2653
time=2026-06-05T00:06:40.043+08:00 level=DEBUG msg="WordStore.GetRecord called" user_id=13 word_id=2654
time=2026-06-05T00:06:40.043+08:00 level=DEBUG msg="word_record not found" user_id=13 word_id=2654
time=2026-06-05T00:06:40.044+08:00 level=DEBUG msg="WordStore.GetRecord called" user_id=13 word_id=2655
time=2026-06-05T00:06:40.045+08:00 level=DEBUG msg="word_record not found" user_id=13 word_id=2655
time=2026-06-05T00:06:40.046+08:00 level=DEBUG msg="WordStore.GetRecord called" user_id=13 word_id=2656
time=2026-06-05T00:06:40.047+08:00 level=DEBUG msg="word_record not found" user_id=13 word_id=2656
time=2026-06-05T00:06:40.047+08:00 level=DEBUG msg="WordStore.GetRecord called" user_id=13 word_id=2657
time=2026-06-05T00:06:40.048+08:00 level=DEBUG msg="word_record not found" user_id=13 word_id=2657
time=2026-06-05T00:06:40.049+08:00 level=DEBUG msg="WordStore.GetRecord called" user_id=13 word_id=2658
time=2026-06-05T00:06:40.050+08:00 level=DEBUG msg="word_record not found" user_id=13 word_id=2658
time=2026-06-05T00:06:40.052+08:00 level=DEBUG msg="WordStore.GetRecord called" user_id=13 word_id=2659
time=2026-06-05T00:06:40.052+08:00 level=DEBUG msg="word_record not found" user_id=13 word_id=2659
time=2026-06-05T00:06:40.053+08:00 level=DEBUG msg="WordStore.GetRecord called" user_id=13 word_id=2660
time=2026-06-05T00:06:40.054+08:00 level=DEBUG msg="word_record not found" user_id=13 word_id=2660
time=2026-06-05T00:06:40.054+08:00 level=DEBUG msg="WordStore.GetRecord called" user_id=13 word_id=2661
time=2026-06-05T00:06:40.055+08:00 level=DEBUG msg="word_record not found" user_id=13 word_id=2661
time=2026-06-05T00:06:40.055+08:00 level=DEBUG msg="WordStore.GetRecord called" user_id=13 word_id=2662
time=2026-06-05T00:06:40.055+08:00 level=DEBUG msg="word_record not found" user_id=13 word_id=2662
time=2026-06-05T00:06:40.055+08:00 level=DEBUG msg="WordStore.GetRecord called" user_id=13 word_id=2663
time=2026-06-05T00:06:40.058+08:00 level=DEBUG msg="word_record not found" user_id=13 word_id=2663
time=2026-06-05T00:06:40.059+08:00 level=DEBUG msg="WordStore.GetRecord called" user_id=13 word_id=2664
time=2026-06-05T00:06:40.060+08:00 level=DEBUG msg="word_record not found" user_id=13 word_id=2664
time=2026-06-05T00:06:40.061+08:00 level=DEBUG msg="WordStore.GetRecord called" user_id=13 word_id=2665
time=2026-06-05T00:06:40.063+08:00 level=DEBUG msg="word_record not found" user_id=13 word_id=2665
time=2026-06-05T00:06:40.063+08:00 level=DEBUG msg="WordStore.GetRecord called" user_id=13 word_id=2666
time=2026-06-05T00:06:40.064+08:00 level=DEBUG msg="word_record not found" user_id=13 word_id=2666
time=2026-06-05T00:06:40.065+08:00 level=DEBUG msg="WordStore.GetRecord called" user_id=13 word_id=2667
time=2026-06-05T00:06:40.066+08:00 level=DEBUG msg="word_record not found" user_id=13 word_id=2667
time=2026-06-05T00:06:40.066+08:00 level=DEBUG msg="WordStore.GetRecord called" user_id=13 word_id=2668
time=2026-06-05T00:06:40.067+08:00 level=DEBUG msg="word_record not found" user_id=13 word_id=2668
time=2026-06-05T00:06:40.068+08:00 level=DEBUG msg="WordStore.GetRecord called" user_id=13 word_id=2669
time=2026-06-05T00:06:40.068+08:00 level=DEBUG msg="word_record not found" user_id=13 word_id=2669
time=2026-06-05T00:06:40.069+08:00 level=DEBUG msg="WordStore.GetRecord called" user_id=13 word_id=2670
time=2026-06-05T00:06:40.070+08:00 level=DEBUG msg="word_record not found" user_id=13 word_id=2670
time=2026-06-05T00:06:40.071+08:00 level=DEBUG msg="WordStore.GetRecord called" user_id=13 word_id=2671
time=2026-06-05T00:06:40.071+08:00 level=DEBUG msg="word_record not found" user_id=13 word_id=2671
time=2026-06-05T00:06:40.073+08:00 level=DEBUG msg="WordStore.GetRecord called" user_id=13 word_id=2672
time=2026-06-05T00:06:40.074+08:00 level=DEBUG msg="word_record not found" user_id=13 word_id=2672
time=2026-06-05T00:06:40.075+08:00 level=DEBUG msg="WordStore.GetRecord called" user_id=13 word_id=2673
time=2026-06-05T00:06:40.075+08:00 level=DEBUG msg="word_record not found" user_id=13 word_id=2673
time=2026-06-05T00:06:40.076+08:00 level=DEBUG msg="WordStore.GetRecord called" user_id=13 word_id=2674
time=2026-06-05T00:06:40.077+08:00 level=DEBUG msg="word_record not found" user_id=13 word_id=2674
time=2026-06-05T00:06:40.078+08:00 level=DEBUG msg="WordStore.GetRecord called" user_id=13 word_id=2675
time=2026-06-05T00:06:40.078+08:00 level=DEBUG msg="word_record not found" user_id=13 word_id=2675
time=2026-06-05T00:06:40.079+08:00 level=DEBUG msg="WordStore.GetRecord called" user_id=13 word_id=2676
time=2026-06-05T00:06:40.081+08:00 level=DEBUG msg="word_record not found" user_id=13 word_id=2676
time=2026-06-05T00:06:40.081+08:00 level=DEBUG msg="WordStore.GetRecord called" user_id=13 word_id=2677
time=2026-06-05T00:06:40.082+08:00 level=DEBUG msg="word_record not found" user_id=13 word_id=2677
time=2026-06-05T00:06:40.083+08:00 level=DEBUG msg="WordStore.GetRecord called" user_id=13 word_id=2678
time=2026-06-05T00:06:40.085+08:00 level=DEBUG msg="word_record not found" user_id=13 word_id=2678
time=2026-06-05T00:06:40.085+08:00 level=DEBUG msg="WordStore.GetRecord called" user_id=13 word_id=2679
time=2026-06-05T00:06:40.086+08:00 level=DEBUG msg="word_record not found" user_id=13 word_id=2679
time=2026-06-05T00:06:40.087+08:00 level=DEBUG msg="WordStore.GetRecord called" user_id=13 word_id=2680
time=2026-06-05T00:06:40.088+08:00 level=DEBUG msg="word_record not found" user_id=13 word_id=2680
time=2026-06-05T00:06:40.089+08:00 level=DEBUG msg="WordStore.GetRecord called" user_id=13 word_id=2681
time=2026-06-05T00:06:40.089+08:00 level=DEBUG msg="word_record not found" user_id=13 word_id=2681
time=2026-06-05T00:06:40.090+08:00 level=DEBUG msg="WordStore.GetRecord called" user_id=13 word_id=2682
time=2026-06-05T00:06:40.091+08:00 level=DEBUG msg="word_record not found" user_id=13 word_id=2682
time=2026-06-05T00:06:40.092+08:00 level=DEBUG msg="WordStore.GetRecord called" user_id=13 word_id=2683
time=2026-06-05T00:06:40.092+08:00 level=DEBUG msg="word_record not found" user_id=13 word_id=2683
time=2026-06-05T00:06:40.093+08:00 level=DEBUG msg="WordStore.GetRecord called" user_id=13 word_id=2684
time=2026-06-05T00:06:40.094+08:00 level=DEBUG msg="word_record not found" user_id=13 word_id=2684
time=2026-06-05T00:06:40.096+08:00 level=DEBUG msg="WordStore.GetRecord called" user_id=13 word_id=2686
time=2026-06-05T00:06:40.096+08:00 level=DEBUG msg="word_record not found" user_id=13 word_id=2686
time=2026-06-05T00:06:40.097+08:00 level=DEBUG msg="WordStore.GetRecord called" user_id=13 word_id=2687
time=2026-06-05T00:06:40.098+08:00 level=DEBUG msg="word_record not found" user_id=13 word_id=2687
time=2026-06-05T00:06:40.099+08:00 level=DEBUG msg="WordStore.GetRecord called" user_id=13 word_id=2688
time=2026-06-05T00:06:40.099+08:00 level=DEBUG msg="word_record not found" user_id=13 word_id=2688
time=2026-06-05T00:06:40.100+08:00 level=DEBUG msg="WordStore.GetRecord called" user_id=13 word_id=2689
time=2026-06-05T00:06:40.101+08:00 level=DEBUG msg="word_record not found" user_id=13 word_id=2689
time=2026-06-05T00:06:40.102+08:00 level=DEBUG msg="WordStore.GetRecord called" user_id=13 word_id=2690
time=2026-06-05T00:06:40.102+08:00 level=DEBUG msg="word_record not found" user_id=13 word_id=2690
time=2026-06-05T00:06:40.103+08:00 level=DEBUG msg="WordStore.GetRecord called" user_id=13 word_id=2691
time=2026-06-05T00:06:40.104+08:00 level=DEBUG msg="word_record not found" user_id=13 word_id=2691
time=2026-06-05T00:06:40.105+08:00 level=DEBUG msg="WordStore.GetRecord called" user_id=13 word_id=2692
time=2026-06-05T00:06:40.106+08:00 level=DEBUG msg="word_record not found" user_id=13 word_id=2692
time=2026-06-05T00:06:40.107+08:00 level=DEBUG msg="WordStore.GetRecord called" user_id=13 word_id=2693
time=2026-06-05T00:06:40.108+08:00 level=DEBUG msg="word_record not found" user_id=13 word_id=2693
time=2026-06-05T00:06:40.108+08:00 level=DEBUG msg="WordStore.GetRecord called" user_id=13 word_id=2694
time=2026-06-05T00:06:40.109+08:00 level=DEBUG msg="word_record not found" user_id=13 word_id=2694
time=2026-06-05T00:06:40.110+08:00 level=DEBUG msg="WordStore.GetRecord called" user_id=13 word_id=2695
time=2026-06-05T00:06:40.111+08:00 level=DEBUG msg="word_record not found" user_id=13 word_id=2695
time=2026-06-05T00:06:40.112+08:00 level=DEBUG msg="WordStore.GetRecord called" user_id=13 word_id=2696
time=2026-06-05T00:06:40.113+08:00 level=DEBUG msg="word_record not found" user_id=13 word_id=2696
time=2026-06-05T00:06:40.113+08:00 level=DEBUG msg="WordStore.GetRecord called" user_id=13 word_id=2697
time=2026-06-05T00:06:40.114+08:00 level=DEBUG msg="word_record not found" user_id=13 word_id=2697
time=2026-06-05T00:06:40.115+08:00 level=DEBUG msg="WordStore.GetRecord called" user_id=13 word_id=2698
time=2026-06-05T00:06:40.115+08:00 level=DEBUG msg="word_record not found" user_id=13 word_id=2698
time=2026-06-05T00:06:40.117+08:00 level=DEBUG msg="WordStore.GetRecord called" user_id=13 word_id=2699
time=2026-06-05T00:06:40.118+08:00 level=DEBUG msg="word_record not found" user_id=13 word_id=2699
time=2026-06-05T00:06:40.118+08:00 level=DEBUG msg="WordStore.GetRecord called" user_id=13 word_id=2700
time=2026-06-05T00:06:40.119+08:00 level=DEBUG msg="word_record not found" user_id=13 word_id=2700
time=2026-06-05T00:06:40.120+08:00 level=DEBUG msg="WordStore.GetRecord called" user_id=13 word_id=4006
time=2026-06-05T00:06:40.121+08:00 level=DEBUG msg="word_record not found" user_id=13 word_id=4006
time=2026-06-05T00:06:40.122+08:00 level=DEBUG msg="WordStore.GetRecord called" user_id=13 word_id=4012
time=2026-06-05T00:06:40.122+08:00 level=DEBUG msg="word_record not found" user_id=13 word_id=4012
time=2026-06-05T00:06:40.123+08:00 level=DEBUG msg="WordStore.GetRecord called" user_id=13 word_id=4048
time=2026-06-05T00:06:40.124+08:00 level=DEBUG msg="word_record not found" user_id=13 word_id=4048
time=2026-06-05T00:06:40.125+08:00 level=DEBUG msg="WordStore.GetRecord called" user_id=13 word_id=4072
time=2026-06-05T00:06:40.125+08:00 level=DEBUG msg="word_record not found" user_id=13 word_id=4072
time=2026-06-05T00:06:40.126+08:00 level=DEBUG msg="WordStore.GetRecord called" user_id=13 word_id=4081
time=2026-06-05T00:06:40.127+08:00 level=DEBUG msg="word_record not found" user_id=13 word_id=4081
time=2026-06-05T00:06:40.129+08:00 level=DEBUG msg="WordStore.GetRecord called" user_id=13 word_id=4134
time=2026-06-05T00:06:40.130+08:00 level=DEBUG msg="word_record not found" user_id=13 word_id=4134
time=2026-06-05T00:06:40.130+08:00 level=DEBUG msg="WordStore.GetRecord called" user_id=13 word_id=4147
time=2026-06-05T00:06:40.131+08:00 level=DEBUG msg="word_record not found" user_id=13 word_id=4147
time=2026-06-05T00:06:40.132+08:00 level=DEBUG msg="WordStore.GetRecord called" user_id=13 word_id=6511
time=2026-06-05T00:06:40.133+08:00 level=DEBUG msg="word_record not found" user_id=13 word_id=6511
time=2026-06-05T00:06:40.133+08:00 level=DEBUG msg="WordStore.GetRecord called" user_id=13 word_id=6519
time=2026-06-05T00:06:40.134+08:00 level=DEBUG msg="word_record not found" user_id=13 word_id=6519
time=2026-06-05T00:06:40.135+08:00 level=DEBUG msg="WordStore.GetRecord called" user_id=13 word_id=6520
time=2026-06-05T00:06:40.136+08:00 level=DEBUG msg="word_record not found" user_id=13 word_id=6520
time=2026-06-05T00:06:40.137+08:00 level=DEBUG msg="WordStore.GetRecord called" user_id=13 word_id=6525
time=2026-06-05T00:06:40.137+08:00 level=DEBUG msg="word_record not found" user_id=13 word_id=6525
time=2026-06-05T00:06:40.139+08:00 level=DEBUG msg="WordStore.GetRecord called" user_id=13 word_id=6526
time=2026-06-05T00:06:40.140+08:00 level=DEBUG msg="word_record not found" user_id=13 word_id=6526
time=2026-06-05T00:06:40.141+08:00 level=DEBUG msg="WordStore.GetRecord called" user_id=13 word_id=6530
time=2026-06-05T00:06:40.142+08:00 level=DEBUG msg="word_record not found" user_id=13 word_id=6530
time=2026-06-05T00:06:40.142+08:00 level=DEBUG msg="WordStore.GetRecord called" user_id=13 word_id=6531
time=2026-06-05T00:06:40.143+08:00 level=DEBUG msg="word_record not found" user_id=13 word_id=6531
time=2026-06-05T00:06:40.144+08:00 level=DEBUG msg="WordStore.GetRecord called" user_id=13 word_id=6532
time=2026-06-05T00:06:40.144+08:00 level=DEBUG msg="word_record not found" user_id=13 word_id=6532
time=2026-06-05T00:06:40.145+08:00 level=DEBUG msg="WordStore.GetRecord called" user_id=13 word_id=6538
time=2026-06-05T00:06:40.146+08:00 level=DEBUG msg="word_record not found" user_id=13 word_id=6538
time=2026-06-05T00:06:40.147+08:00 level=DEBUG msg="WordStore.GetRecord called" user_id=13 word_id=6539
time=2026-06-05T00:06:40.147+08:00 level=DEBUG msg="word_record not found" user_id=13 word_id=6539
time=2026-06-05T00:06:40.148+08:00 level=DEBUG msg="WordStore.GetRecord called" user_id=13 word_id=6541
time=2026-06-05T00:06:40.149+08:00 level=DEBUG msg="word_record not found" user_id=13 word_id=6541
time=2026-06-05T00:06:40.150+08:00 level=DEBUG msg="WordStore.GetRecord called" user_id=13 word_id=6542
time=2026-06-05T00:06:40.151+08:00 level=DEBUG msg="word_record not found" user_id=13 word_id=6542
time=2026-06-05T00:06:40.152+08:00 level=DEBUG msg="WordStore.GetRecord called" user_id=13 word_id=6553
time=2026-06-05T00:06:40.153+08:00 level=DEBUG msg="word_record not found" user_id=13 word_id=6553
time=2026-06-05T00:06:40.154+08:00 level=DEBUG msg="WordStore.GetRecord called" user_id=13 word_id=6554
time=2026-06-05T00:06:40.154+08:00 level=DEBUG msg="word_record not found" user_id=13 word_id=6554
time=2026-06-05T00:06:40.155+08:00 level=DEBUG msg="WordStore.GetRecord called" user_id=13 word_id=6564
time=2026-06-05T00:06:40.156+08:00 level=DEBUG msg="word_record not found" user_id=13 word_id=6564
time=2026-06-05T00:06:40.157+08:00 level=DEBUG msg="WordStore.GetRecord called" user_id=13 word_id=6579
time=2026-06-05T00:06:40.157+08:00 level=DEBUG msg="word_record not found" user_id=13 word_id=6579
time=2026-06-05T00:06:40.158+08:00 level=DEBUG msg="WordStore.GetRecord called" user_id=13 word_id=6584
time=2026-06-05T00:06:40.159+08:00 level=DEBUG msg="word_record not found" user_id=13 word_id=6584
time=2026-06-05T00:06:40.160+08:00 level=DEBUG msg="WordStore.GetRecord called" user_id=13 word_id=6594
time=2026-06-05T00:06:40.161+08:00 level=DEBUG msg="word_record not found" user_id=13 word_id=6594
time=2026-06-05T00:06:40.162+08:00 level=DEBUG msg="WordStore.GetRecord called" user_id=13 word_id=6597
time=2026-06-05T00:06:40.163+08:00 level=DEBUG msg="word_record not found" user_id=13 word_id=6597
time=2026-06-05T00:06:40.163+08:00 level=DEBUG msg="WordStore.GetRecord called" user_id=13 word_id=6598
time=2026-06-05T00:06:40.164+08:00 level=DEBUG msg="word_record not found" user_id=13 word_id=6598
time=2026-06-05T00:06:40.165+08:00 level=DEBUG msg="WordStore.GetRecord called" user_id=13 word_id=6599
time=2026-06-05T00:06:40.166+08:00 level=DEBUG msg="word_record not found" user_id=13 word_id=6599
time=2026-06-05T00:06:40.166+08:00 level=DEBUG msg="WordStore.GetRecord called" user_id=13 word_id=6602
time=2026-06-05T00:06:40.168+08:00 level=DEBUG msg="word_record not found" user_id=13 word_id=6602
time=2026-06-05T00:06:40.168+08:00 level=DEBUG msg="WordStore.GetRecord called" user_id=13 word_id=6603
time=2026-06-05T00:06:40.169+08:00 level=DEBUG msg="word_record not found" user_id=13 word_id=6603
time=2026-06-05T00:06:40.169+08:00 level=DEBUG msg="WordStore.GetRecord called" user_id=13 word_id=6606
time=2026-06-05T00:06:40.170+08:00 level=DEBUG msg="word_record not found" user_id=13 word_id=6606
time=2026-06-05T00:06:40.171+08:00 level=DEBUG msg="WordStore.GetRecord called" user_id=13 word_id=6613
time=2026-06-05T00:06:40.174+08:00 level=DEBUG msg="word_record not found" user_id=13 word_id=6613
time=2026-06-05T00:06:40.174+08:00 level=DEBUG msg="WordStore.GetRecord called" user_id=13 word_id=6622
time=2026-06-05T00:06:40.175+08:00 level=DEBUG msg="word_record not found" user_id=13 word_id=6622
time=2026-06-05T00:06:40.176+08:00 level=DEBUG msg="WordStore.GetRecord called" user_id=13 word_id=6647
time=2026-06-05T00:06:40.176+08:00 level=DEBUG msg="word_record not found" user_id=13 word_id=6647
time=2026-06-05T00:06:40.177+08:00 level=DEBUG msg="WordStore.GetRecord called" user_id=13 word_id=6667
time=2026-06-05T00:06:40.178+08:00 level=DEBUG msg="word_record not found" user_id=13 word_id=6667
time=2026-06-05T00:06:40.179+08:00 level=DEBUG msg="WordStore.GetRecord called" user_id=13 word_id=6672
time=2026-06-05T00:06:40.180+08:00 level=DEBUG msg="word_record not found" user_id=13 word_id=6672
time=2026-06-05T00:06:40.180+08:00 level=DEBUG msg="WordStore.GetRecord called" user_id=13 word_id=6680
time=2026-06-05T00:06:40.182+08:00 level=DEBUG msg="word_record not found" user_id=13 word_id=6680
time=2026-06-05T00:06:40.183+08:00 level=DEBUG msg="WordStore.GetRecord called" user_id=13 word_id=6682
time=2026-06-05T00:06:40.184+08:00 level=DEBUG msg="word_record not found" user_id=13 word_id=6682
time=2026-06-05T00:06:40.185+08:00 level=DEBUG msg="WordStore.GetRecord called" user_id=13 word_id=6686
time=2026-06-05T00:06:40.186+08:00 level=DEBUG msg="word_record not found" user_id=13 word_id=6686
time=2026-06-05T00:06:40.186+08:00 level=DEBUG msg="WordStore.GetRecord called" user_id=13 word_id=6692
time=2026-06-05T00:06:40.187+08:00 level=DEBUG msg="word_record not found" user_id=13 word_id=6692
time=2026-06-05T00:06:40.188+08:00 level=DEBUG msg="WordStore.GetRecord called" user_id=13 word_id=6694
time=2026-06-05T00:06:40.188+08:00 level=DEBUG msg="word_record not found" user_id=13 word_id=6694
time=2026-06-05T00:06:40.189+08:00 level=DEBUG msg="WordStore.GetRecord called" user_id=13 word_id=6697
time=2026-06-05T00:06:40.190+08:00 level=DEBUG msg="word_record not found" user_id=13 word_id=6697
time=2026-06-05T00:06:40.191+08:00 level=DEBUG msg="WordStore.GetRecord called" user_id=13 word_id=6706
time=2026-06-05T00:06:40.192+08:00 level=DEBUG msg="word_record not found" user_id=13 word_id=6706
time=2026-06-05T00:06:40.192+08:00 level=DEBUG msg="WordStore.GetRecord called" user_id=13 word_id=6721
time=2026-06-05T00:06:40.193+08:00 level=DEBUG msg="word_record not found" user_id=13 word_id=6721
time=2026-06-05T00:06:40.195+08:00 level=DEBUG msg="WordStore.GetRecord called" user_id=13 word_id=6730
time=2026-06-05T00:06:40.196+08:00 level=DEBUG msg="word_record not found" user_id=13 word_id=6730
time=2026-06-05T00:06:40.196+08:00 level=DEBUG msg="WordStore.GetRecord called" user_id=13 word_id=6752
time=2026-06-05T00:06:40.197+08:00 level=DEBUG msg="word_record not found" user_id=13 word_id=6752
time=2026-06-05T00:06:40.198+08:00 level=DEBUG msg="WordStore.GetRecord called" user_id=13 word_id=6764
time=2026-06-05T00:06:40.199+08:00 level=DEBUG msg="word_record not found" user_id=13 word_id=6764
time=2026-06-05T00:06:40.199+08:00 level=DEBUG msg="WordStore.GetRecord called" user_id=13 word_id=6771
time=2026-06-05T00:06:40.200+08:00 level=DEBUG msg="word_record not found" user_id=13 word_id=6771
time=2026-06-05T00:06:40.201+08:00 level=DEBUG msg="WordStore.GetRecord called" user_id=13 word_id=6778
time=2026-06-05T00:06:40.202+08:00 level=DEBUG msg="word_record not found" user_id=13 word_id=6778
time=2026-06-05T00:06:40.202+08:00 level=DEBUG msg="WordStore.GetRecord called" user_id=13 word_id=6791
time=2026-06-05T00:06:40.203+08:00 level=DEBUG msg="word_record not found" user_id=13 word_id=6791
time=2026-06-05T00:06:40.203+08:00 level=DEBUG msg="WordStore.GetRecord called" user_id=13 word_id=6803
time=2026-06-05T00:06:40.205+08:00 level=DEBUG msg="word_record not found" user_id=13 word_id=6803
time=2026-06-05T00:06:40.206+08:00 level=DEBUG msg="WordStore.GetRecord called" user_id=13 word_id=6804
time=2026-06-05T00:06:40.207+08:00 level=DEBUG msg="word_record not found" user_id=13 word_id=6804
time=2026-06-05T00:06:40.208+08:00 level=DEBUG msg="WordStore.GetRecord called" user_id=13 word_id=6825
time=2026-06-05T00:06:40.208+08:00 level=DEBUG msg="word_record not found" user_id=13 word_id=6825
time=2026-06-05T00:06:40.209+08:00 level=DEBUG msg="WordService.GetReviewQueue done" user_id=13 count=114
time=2026-06-05T00:06:40.210+08:00 level=DEBUG msg="UserStore.GetDailyGoals called" user_id=13
time=2026-06-05T00:06:40.211+08:00 level=DEBUG msg="UserStore.GetDailyGoals done" user_id=13
time=2026-06-05T08:53:59.263+08:00 level=DEBUG msg="WordService.GetReviewQueue called" user_id=13 level=N5
time=2026-06-05T08:54:07.235+08:00 level=DEBUG msg="WordStoreAdapter.ListDueRecords called" user_id=13
time=2026-06-05T08:54:07.237+08:00 level=DEBUG msg="WordStore.ListDueRecords called" user_id=13 limit=200
time=2026-06-05T08:54:07.240+08:00 level=DEBUG msg="WordStore.ListDueRecords done" user_id=13 count=0
time=2026-06-05T08:54:07.245+08:00 level=DEBUG msg="WordStoreAdapter.ListByLevel called" level=N5
time=2026-06-05T08:54:07.246+08:00 level=DEBUG msg="WordStore.ListByLevel called" level=N5 page=1 size=10000
time=2026-06-05T08:54:07.249+08:00 level=DEBUG msg="WordStore.ListByLevel done" level=N5 count=114 total=114
time=2026-06-05T08:54:07.251+08:00 level=DEBUG msg="WordStore.GetRecord called" user_id=13 word_id=2472
time=2026-06-05T08:54:07.252+08:00 level=DEBUG msg="word_record not found" user_id=13 word_id=2472
time=2026-06-05T08:54:07.254+08:00 level=DEBUG msg="WordStore.GetRecord called" user_id=13 word_id=2482
time=2026-06-05T08:54:07.256+08:00 level=DEBUG msg="word_record not found" user_id=13 word_id=2482
time=2026-06-05T08:54:07.257+08:00 level=DEBUG msg="WordStore.GetRecord called" user_id=13 word_id=2641
time=2026-06-05T08:54:07.257+08:00 level=DEBUG msg="word_record not found" user_id=13 word_id=2641
time=2026-06-05T08:54:07.258+08:00 level=DEBUG msg="WordStore.GetRecord called" user_id=13 word_id=2642
time=2026-06-05T08:54:07.259+08:00 level=DEBUG msg="word_record not found" user_id=13 word_id=2642
time=2026-06-05T08:54:07.260+08:00 level=DEBUG msg="WordStore.GetRecord called" user_id=13 word_id=2643
time=2026-06-05T08:54:07.262+08:00 level=DEBUG msg="word_record not found" user_id=13 word_id=2643
time=2026-06-05T08:54:07.263+08:00 level=DEBUG msg="WordStore.GetRecord called" user_id=13 word_id=2644
time=2026-06-05T08:54:07.263+08:00 level=DEBUG msg="word_record not found" user_id=13 word_id=2644
time=2026-06-05T08:54:07.264+08:00 level=DEBUG msg="WordStore.GetRecord called" user_id=13 word_id=2645
time=2026-06-05T08:54:07.265+08:00 level=DEBUG msg="word_record not found" user_id=13 word_id=2645
time=2026-06-05T08:54:07.266+08:00 level=DEBUG msg="WordStore.GetRecord called" user_id=13 word_id=2646
time=2026-06-05T08:54:07.267+08:00 level=DEBUG msg="word_record not found" user_id=13 word_id=2646
time=2026-06-05T08:54:07.267+08:00 level=DEBUG msg="WordStore.GetRecord called" user_id=13 word_id=2647
time=2026-06-05T08:54:07.268+08:00 level=DEBUG msg="word_record not found" user_id=13 word_id=2647
time=2026-06-05T08:54:07.269+08:00 level=DEBUG msg="WordStore.GetRecord called" user_id=13 word_id=2648
time=2026-06-05T08:54:07.270+08:00 level=DEBUG msg="word_record not found" user_id=13 word_id=2648
time=2026-06-05T08:54:07.271+08:00 level=DEBUG msg="WordStore.GetRecord called" user_id=13 word_id=2649
time=2026-06-05T08:54:07.272+08:00 level=DEBUG msg="word_record not found" user_id=13 word_id=2649
time=2026-06-05T08:54:07.274+08:00 level=DEBUG msg="WordStore.GetRecord called" user_id=13 word_id=2650
time=2026-06-05T08:54:07.275+08:00 level=DEBUG msg="word_record not found" user_id=13 word_id=2650
time=2026-06-05T08:54:07.277+08:00 level=DEBUG msg="WordStore.GetRecord called" user_id=13 word_id=2651
time=2026-06-05T08:54:07.278+08:00 level=DEBUG msg="word_record not found" user_id=13 word_id=2651
time=2026-06-05T08:54:07.279+08:00 level=DEBUG msg="WordStore.GetRecord called" user_id=13 word_id=2652
time=2026-06-05T08:54:07.280+08:00 level=DEBUG msg="word_record not found" user_id=13 word_id=2652
time=2026-06-05T08:54:07.281+08:00 level=DEBUG msg="WordStore.GetRecord called" user_id=13 word_id=2653
time=2026-06-05T08:54:07.282+08:00 level=DEBUG msg="word_record not found" user_id=13 word_id=2653
time=2026-06-05T08:54:07.283+08:00 level=DEBUG msg="WordStore.GetRecord called" user_id=13 word_id=2654
time=2026-06-05T08:54:07.284+08:00 level=DEBUG msg="word_record not found" user_id=13 word_id=2654
time=2026-06-05T08:54:07.285+08:00 level=DEBUG msg="WordStore.GetRecord called" user_id=13 word_id=2655
time=2026-06-05T08:54:07.286+08:00 level=DEBUG msg="word_record not found" user_id=13 word_id=2655
time=2026-06-05T08:54:07.286+08:00 level=DEBUG msg="WordStore.GetRecord called" user_id=13 word_id=2656
time=2026-06-05T08:54:07.287+08:00 level=DEBUG msg="word_record not found" user_id=13 word_id=2656
time=2026-06-05T08:54:07.288+08:00 level=DEBUG msg="WordStore.GetRecord called" user_id=13 word_id=2657
time=2026-06-05T08:54:07.288+08:00 level=DEBUG msg="word_record not found" user_id=13 word_id=2657
time=2026-06-05T08:54:07.289+08:00 level=DEBUG msg="WordStore.GetRecord called" user_id=13 word_id=2658
time=2026-06-05T08:54:07.290+08:00 level=DEBUG msg="word_record not found" user_id=13 word_id=2658
time=2026-06-05T08:54:07.291+08:00 level=DEBUG msg="WordStore.GetRecord called" user_id=13 word_id=2659
time=2026-06-05T08:54:07.292+08:00 level=DEBUG msg="word_record not found" user_id=13 word_id=2659
time=2026-06-05T08:54:07.293+08:00 level=DEBUG msg="WordStore.GetRecord called" user_id=13 word_id=2660
time=2026-06-05T08:54:07.295+08:00 level=DEBUG msg="word_record not found" user_id=13 word_id=2660
time=2026-06-05T08:54:07.295+08:00 level=DEBUG msg="WordStore.GetRecord called" user_id=13 word_id=2661
time=2026-06-05T08:54:07.296+08:00 level=DEBUG msg="word_record not found" user_id=13 word_id=2661
time=2026-06-05T08:54:07.297+08:00 level=DEBUG msg="WordStore.GetRecord called" user_id=13 word_id=2662
time=2026-06-05T08:54:07.298+08:00 level=DEBUG msg="word_record not found" user_id=13 word_id=2662
time=2026-06-05T08:54:07.299+08:00 level=DEBUG msg="WordStore.GetRecord called" user_id=13 word_id=2663
time=2026-06-05T08:54:07.302+08:00 level=DEBUG msg="word_record not found" user_id=13 word_id=2663
time=2026-06-05T08:54:07.302+08:00 level=DEBUG msg="WordStore.GetRecord called" user_id=13 word_id=2664
time=2026-06-05T08:54:07.303+08:00 level=DEBUG msg="word_record not found" user_id=13 word_id=2664
time=2026-06-05T08:54:07.304+08:00 level=DEBUG msg="WordStore.GetRecord called" user_id=13 word_id=2665
time=2026-06-05T08:54:07.305+08:00 level=DEBUG msg="word_record not found" user_id=13 word_id=2665
time=2026-06-05T08:54:07.305+08:00 level=DEBUG msg="WordStore.GetRecord called" user_id=13 word_id=2666
time=2026-06-05T08:54:07.306+08:00 level=DEBUG msg="word_record not found" user_id=13 word_id=2666
time=2026-06-05T08:54:07.308+08:00 level=DEBUG msg="WordStore.GetRecord called" user_id=13 word_id=2667
time=2026-06-05T08:54:07.309+08:00 level=DEBUG msg="word_record not found" user_id=13 word_id=2667
time=2026-06-05T08:54:07.311+08:00 level=DEBUG msg="WordStore.GetRecord called" user_id=13 word_id=2668
time=2026-06-05T08:54:07.311+08:00 level=DEBUG msg="word_record not found" user_id=13 word_id=2668
time=2026-06-05T08:54:07.312+08:00 level=DEBUG msg="WordStore.GetRecord called" user_id=13 word_id=2669
time=2026-06-05T08:54:07.313+08:00 level=DEBUG msg="word_record not found" user_id=13 word_id=2669
time=2026-06-05T08:54:07.315+08:00 level=DEBUG msg="WordStore.GetRecord called" user_id=13 word_id=2670
time=2026-06-05T08:54:07.316+08:00 level=DEBUG msg="word_record not found" user_id=13 word_id=2670
time=2026-06-05T08:54:07.316+08:00 level=DEBUG msg="WordStore.GetRecord called" user_id=13 word_id=2671
time=2026-06-05T08:54:07.317+08:00 level=DEBUG msg="word_record not found" user_id=13 word_id=2671
time=2026-06-05T08:54:07.318+08:00 level=DEBUG msg="WordStore.GetRecord called" user_id=13 word_id=2672
time=2026-06-05T08:54:07.318+08:00 level=DEBUG msg="word_record not found" user_id=13 word_id=2672
time=2026-06-05T08:54:07.319+08:00 level=DEBUG msg="WordStore.GetRecord called" user_id=13 word_id=2673
time=2026-06-05T08:54:07.321+08:00 level=DEBUG msg="word_record not found" user_id=13 word_id=2673
time=2026-06-05T08:54:07.322+08:00 level=DEBUG msg="WordStore.GetRecord called" user_id=13 word_id=2674
time=2026-06-05T08:54:07.323+08:00 level=DEBUG msg="word_record not found" user_id=13 word_id=2674
time=2026-06-05T08:54:07.323+08:00 level=DEBUG msg="WordStore.GetRecord called" user_id=13 word_id=2675
time=2026-06-05T08:54:07.325+08:00 level=DEBUG msg="word_record not found" user_id=13 word_id=2675
time=2026-06-05T08:54:07.326+08:00 level=DEBUG msg="WordStore.GetRecord called" user_id=13 word_id=2676
time=2026-06-05T08:54:07.326+08:00 level=DEBUG msg="word_record not found" user_id=13 word_id=2676
time=2026-06-05T08:54:07.327+08:00 level=DEBUG msg="WordStore.GetRecord called" user_id=13 word_id=2677
time=2026-06-05T08:54:07.328+08:00 level=DEBUG msg="word_record not found" user_id=13 word_id=2677
time=2026-06-05T08:54:07.328+08:00 level=DEBUG msg="WordStore.GetRecord called" user_id=13 word_id=2678
time=2026-06-05T08:54:07.329+08:00 level=DEBUG msg="word_record not found" user_id=13 word_id=2678
time=2026-06-05T08:54:07.331+08:00 level=DEBUG msg="WordStore.GetRecord called" user_id=13 word_id=2679
time=2026-06-05T08:54:07.332+08:00 level=DEBUG msg="word_record not found" user_id=13 word_id=2679
time=2026-06-05T08:54:07.333+08:00 level=DEBUG msg="WordStore.GetRecord called" user_id=13 word_id=2680
time=2026-06-05T08:54:07.335+08:00 level=DEBUG msg="word_record not found" user_id=13 word_id=2680
time=2026-06-05T08:54:07.338+08:00 level=DEBUG msg="WordStore.GetRecord called" user_id=13 word_id=2681
time=2026-06-05T08:54:07.340+08:00 level=DEBUG msg="word_record not found" user_id=13 word_id=2681
time=2026-06-05T08:54:07.342+08:00 level=DEBUG msg="WordStore.GetRecord called" user_id=13 word_id=2682
time=2026-06-05T08:54:07.346+08:00 level=DEBUG msg="word_record not found" user_id=13 word_id=2682
time=2026-06-05T08:54:07.351+08:00 level=DEBUG msg="WordStore.GetRecord called" user_id=13 word_id=2683
time=2026-06-05T08:54:07.356+08:00 level=DEBUG msg="word_record not found" user_id=13 word_id=2683
time=2026-06-05T08:54:07.357+08:00 level=DEBUG msg="WordStore.GetRecord called" user_id=13 word_id=2684
time=2026-06-05T08:54:07.358+08:00 level=DEBUG msg="word_record not found" user_id=13 word_id=2684
time=2026-06-05T08:54:07.360+08:00 level=DEBUG msg="WordStore.GetRecord called" user_id=13 word_id=2686
time=2026-06-05T08:54:07.361+08:00 level=DEBUG msg="word_record not found" user_id=13 word_id=2686
time=2026-06-05T08:54:07.362+08:00 level=DEBUG msg="WordStore.GetRecord called" user_id=13 word_id=2687
time=2026-06-05T08:54:07.363+08:00 level=DEBUG msg="word_record not found" user_id=13 word_id=2687
time=2026-06-05T08:54:07.363+08:00 level=DEBUG msg="WordStore.GetRecord called" user_id=13 word_id=2688
time=2026-06-05T08:54:07.364+08:00 level=DEBUG msg="word_record not found" user_id=13 word_id=2688
time=2026-06-05T08:54:07.365+08:00 level=DEBUG msg="WordStore.GetRecord called" user_id=13 word_id=2689
time=2026-06-05T08:54:07.365+08:00 level=DEBUG msg="word_record not found" user_id=13 word_id=2689
time=2026-06-05T08:54:07.366+08:00 level=DEBUG msg="WordStore.GetRecord called" user_id=13 word_id=2690
time=2026-06-05T08:54:07.367+08:00 level=DEBUG msg="word_record not found" user_id=13 word_id=2690
time=2026-06-05T08:54:07.371+08:00 level=DEBUG msg="WordStore.GetRecord called" user_id=13 word_id=2691
time=2026-06-05T08:54:07.373+08:00 level=DEBUG msg="word_record not found" user_id=13 word_id=2691
time=2026-06-05T08:54:07.374+08:00 level=DEBUG msg="WordStore.GetRecord called" user_id=13 word_id=2692
time=2026-06-05T08:54:07.376+08:00 level=DEBUG msg="word_record not found" user_id=13 word_id=2692
time=2026-06-05T08:54:07.376+08:00 level=DEBUG msg="WordStore.GetRecord called" user_id=13 word_id=2693
time=2026-06-05T08:54:07.377+08:00 level=DEBUG msg="word_record not found" user_id=13 word_id=2693
time=2026-06-05T08:54:07.378+08:00 level=DEBUG msg="WordStore.GetRecord called" user_id=13 word_id=2694
time=2026-06-05T08:54:07.621+08:00 level=DEBUG msg="word_record not found" user_id=13 word_id=2694
time=2026-06-05T08:54:07.622+08:00 level=DEBUG msg="WordStore.GetRecord called" user_id=13 word_id=2695
time=2026-06-05T08:54:07.623+08:00 level=DEBUG msg="word_record not found" user_id=13 word_id=2695
time=2026-06-05T08:54:07.623+08:00 level=DEBUG msg="WordStore.GetRecord called" user_id=13 word_id=2696
time=2026-06-05T08:54:07.624+08:00 level=DEBUG msg="word_record not found" user_id=13 word_id=2696
time=2026-06-05T08:54:07.625+08:00 level=DEBUG msg="WordStore.GetRecord called" user_id=13 word_id=2697
time=2026-06-05T08:54:07.626+08:00 level=DEBUG msg="word_record not found" user_id=13 word_id=2697
time=2026-06-05T08:54:07.627+08:00 level=DEBUG msg="WordStore.GetRecord called" user_id=13 word_id=2698
time=2026-06-05T08:54:07.627+08:00 level=DEBUG msg="word_record not found" user_id=13 word_id=2698
time=2026-06-05T08:54:07.628+08:00 level=DEBUG msg="WordStore.GetRecord called" user_id=13 word_id=2699
time=2026-06-05T08:54:07.629+08:00 level=DEBUG msg="word_record not found" user_id=13 word_id=2699
time=2026-06-05T08:54:07.629+08:00 level=DEBUG msg="WordStore.GetRecord called" user_id=13 word_id=2700
time=2026-06-05T08:54:07.630+08:00 level=DEBUG msg="word_record not found" user_id=13 word_id=2700
time=2026-06-05T08:54:07.630+08:00 level=DEBUG msg="WordStore.GetRecord called" user_id=13 word_id=4006
time=2026-06-05T08:54:07.631+08:00 level=DEBUG msg="word_record not found" user_id=13 word_id=4006
time=2026-06-05T08:54:07.637+08:00 level=DEBUG msg="WordStore.GetRecord called" user_id=13 word_id=4012
time=2026-06-05T08:54:07.638+08:00 level=DEBUG msg="word_record not found" user_id=13 word_id=4012
time=2026-06-05T08:54:07.639+08:00 level=DEBUG msg="WordStore.GetRecord called" user_id=13 word_id=4048
time=2026-06-05T08:54:07.639+08:00 level=DEBUG msg="word_record not found" user_id=13 word_id=4048
time=2026-06-05T08:54:07.641+08:00 level=DEBUG msg="WordStore.GetRecord called" user_id=13 word_id=4072
time=2026-06-05T08:54:07.643+08:00 level=DEBUG msg="word_record not found" user_id=13 word_id=4072
time=2026-06-05T08:54:07.643+08:00 level=DEBUG msg="WordStore.GetRecord called" user_id=13 word_id=4081
time=2026-06-05T08:54:07.645+08:00 level=DEBUG msg="word_record not found" user_id=13 word_id=4081
time=2026-06-05T08:54:07.645+08:00 level=DEBUG msg="WordStore.GetRecord called" user_id=13 word_id=4134
time=2026-06-05T08:54:07.646+08:00 level=DEBUG msg="word_record not found" user_id=13 word_id=4134
time=2026-06-05T08:54:07.647+08:00 level=DEBUG msg="WordStore.GetRecord called" user_id=13 word_id=4147
time=2026-06-05T08:54:07.647+08:00 level=DEBUG msg="word_record not found" user_id=13 word_id=4147
time=2026-06-05T08:54:07.648+08:00 level=DEBUG msg="WordStore.GetRecord called" user_id=13 word_id=6511
time=2026-06-05T08:54:07.649+08:00 level=DEBUG msg="word_record not found" user_id=13 word_id=6511
time=2026-06-05T08:54:07.650+08:00 level=DEBUG msg="WordStore.GetRecord called" user_id=13 word_id=6519
time=2026-06-05T08:54:07.650+08:00 level=DEBUG msg="word_record not found" user_id=13 word_id=6519
time=2026-06-05T08:54:07.651+08:00 level=DEBUG msg="WordStore.GetRecord called" user_id=13 word_id=6520
time=2026-06-05T08:54:07.652+08:00 level=DEBUG msg="word_record not found" user_id=13 word_id=6520
time=2026-06-05T08:54:07.652+08:00 level=DEBUG msg="WordStore.GetRecord called" user_id=13 word_id=6525
time=2026-06-05T08:54:07.653+08:00 level=DEBUG msg="word_record not found" user_id=13 word_id=6525
time=2026-06-05T08:54:07.654+08:00 level=DEBUG msg="WordStore.GetRecord called" user_id=13 word_id=6526
time=2026-06-05T08:54:07.654+08:00 level=DEBUG msg="word_record not found" user_id=13 word_id=6526
time=2026-06-05T08:54:07.657+08:00 level=DEBUG msg="WordStore.GetRecord called" user_id=13 word_id=6530
time=2026-06-05T08:54:07.657+08:00 level=DEBUG msg="word_record not found" user_id=13 word_id=6530
time=2026-06-05T08:54:07.658+08:00 level=DEBUG msg="WordStore.GetRecord called" user_id=13 word_id=6531
time=2026-06-05T08:54:07.659+08:00 level=DEBUG msg="word_record not found" user_id=13 word_id=6531
time=2026-06-05T08:54:07.660+08:00 level=DEBUG msg="WordStore.GetRecord called" user_id=13 word_id=6532
time=2026-06-05T08:54:07.661+08:00 level=DEBUG msg="word_record not found" user_id=13 word_id=6532
time=2026-06-05T08:54:07.662+08:00 level=DEBUG msg="WordStore.GetRecord called" user_id=13 word_id=6538
time=2026-06-05T08:54:07.663+08:00 level=DEBUG msg="word_record not found" user_id=13 word_id=6538
time=2026-06-05T08:54:07.664+08:00 level=DEBUG msg="WordStore.GetRecord called" user_id=13 word_id=6539
time=2026-06-05T08:54:07.665+08:00 level=DEBUG msg="word_record not found" user_id=13 word_id=6539
time=2026-06-05T08:54:07.667+08:00 level=DEBUG msg="WordStore.GetRecord called" user_id=13 word_id=6541
time=2026-06-05T08:54:07.670+08:00 level=DEBUG msg="word_record not found" user_id=13 word_id=6541
time=2026-06-05T08:54:07.671+08:00 level=DEBUG msg="WordStore.GetRecord called" user_id=13 word_id=6542
time=2026-06-05T08:54:07.673+08:00 level=DEBUG msg="word_record not found" user_id=13 word_id=6542
time=2026-06-05T08:54:07.674+08:00 level=DEBUG msg="WordStore.GetRecord called" user_id=13 word_id=6553
time=2026-06-05T08:54:07.675+08:00 level=DEBUG msg="word_record not found" user_id=13 word_id=6553
time=2026-06-05T08:54:07.676+08:00 level=DEBUG msg="WordStore.GetRecord called" user_id=13 word_id=6554
time=2026-06-05T08:54:07.678+08:00 level=DEBUG msg="word_record not found" user_id=13 word_id=6554
time=2026-06-05T08:54:07.679+08:00 level=DEBUG msg="WordStore.GetRecord called" user_id=13 word_id=6564
time=2026-06-05T08:54:07.680+08:00 level=DEBUG msg="word_record not found" user_id=13 word_id=6564
time=2026-06-05T08:54:07.681+08:00 level=DEBUG msg="WordStore.GetRecord called" user_id=13 word_id=6579
time=2026-06-05T08:54:07.681+08:00 level=DEBUG msg="word_record not found" user_id=13 word_id=6579
time=2026-06-05T08:54:07.682+08:00 level=DEBUG msg="WordStore.GetRecord called" user_id=13 word_id=6584
time=2026-06-05T08:54:07.683+08:00 level=DEBUG msg="word_record not found" user_id=13 word_id=6584
time=2026-06-05T08:54:07.685+08:00 level=DEBUG msg="WordStore.GetRecord called" user_id=13 word_id=6594
time=2026-06-05T08:54:07.685+08:00 level=DEBUG msg="word_record not found" user_id=13 word_id=6594
time=2026-06-05T08:54:07.686+08:00 level=DEBUG msg="WordStore.GetRecord called" user_id=13 word_id=6597
time=2026-06-05T08:54:07.687+08:00 level=DEBUG msg="word_record not found" user_id=13 word_id=6597
time=2026-06-05T08:54:07.687+08:00 level=DEBUG msg="WordStore.GetRecord called" user_id=13 word_id=6598
time=2026-06-05T08:54:07.689+08:00 level=DEBUG msg="word_record not found" user_id=13 word_id=6598
time=2026-06-05T08:54:07.689+08:00 level=DEBUG msg="WordStore.GetRecord called" user_id=13 word_id=6599
time=2026-06-05T08:54:07.690+08:00 level=DEBUG msg="word_record not found" user_id=13 word_id=6599
time=2026-06-05T08:54:07.691+08:00 level=DEBUG msg="WordStore.GetRecord called" user_id=13 word_id=6602
time=2026-06-05T08:54:07.692+08:00 level=DEBUG msg="word_record not found" user_id=13 word_id=6602
time=2026-06-05T08:54:07.693+08:00 level=DEBUG msg="WordStore.GetRecord called" user_id=13 word_id=6603
time=2026-06-05T08:54:07.694+08:00 level=DEBUG msg="word_record not found" user_id=13 word_id=6603
time=2026-06-05T08:54:07.695+08:00 level=DEBUG msg="WordStore.GetRecord called" user_id=13 word_id=6606
time=2026-06-05T08:54:07.696+08:00 level=DEBUG msg="word_record not found" user_id=13 word_id=6606
time=2026-06-05T08:54:07.696+08:00 level=DEBUG msg="WordStore.GetRecord called" user_id=13 word_id=6613
time=2026-06-05T08:54:07.697+08:00 level=DEBUG msg="word_record not found" user_id=13 word_id=6613
time=2026-06-05T08:54:07.698+08:00 level=DEBUG msg="WordStore.GetRecord called" user_id=13 word_id=6622
time=2026-06-05T08:54:07.699+08:00 level=DEBUG msg="word_record not found" user_id=13 word_id=6622
time=2026-06-05T08:54:07.700+08:00 level=DEBUG msg="WordStore.GetRecord called" user_id=13 word_id=6647
time=2026-06-05T08:54:07.701+08:00 level=DEBUG msg="word_record not found" user_id=13 word_id=6647
time=2026-06-05T08:54:07.702+08:00 level=DEBUG msg="WordStore.GetRecord called" user_id=13 word_id=6667
time=2026-06-05T08:54:07.702+08:00 level=DEBUG msg="word_record not found" user_id=13 word_id=6667
time=2026-06-05T08:54:07.703+08:00 level=DEBUG msg="WordStore.GetRecord called" user_id=13 word_id=6672
time=2026-06-05T08:54:07.704+08:00 level=DEBUG msg="word_record not found" user_id=13 word_id=6672
time=2026-06-05T08:54:07.706+08:00 level=DEBUG msg="WordStore.GetRecord called" user_id=13 word_id=6680
time=2026-06-05T08:54:07.756+08:00 level=DEBUG msg="word_record not found" user_id=13 word_id=6680
time=2026-06-05T08:54:07.757+08:00 level=DEBUG msg="WordStore.GetRecord called" user_id=13 word_id=6682
time=2026-06-05T08:54:07.758+08:00 level=DEBUG msg="word_record not found" user_id=13 word_id=6682
time=2026-06-05T08:54:07.759+08:00 level=DEBUG msg="WordStore.GetRecord called" user_id=13 word_id=6686
time=2026-06-05T08:54:07.759+08:00 level=DEBUG msg="word_record not found" user_id=13 word_id=6686
time=2026-06-05T08:54:07.760+08:00 level=DEBUG msg="WordStore.GetRecord called" user_id=13 word_id=6692
time=2026-06-05T08:54:07.762+08:00 level=DEBUG msg="word_record not found" user_id=13 word_id=6692
time=2026-06-05T08:54:07.762+08:00 level=DEBUG msg="WordStore.GetRecord called" user_id=13 word_id=6694
time=2026-06-05T08:54:07.763+08:00 level=DEBUG msg="word_record not found" user_id=13 word_id=6694
time=2026-06-05T08:54:07.764+08:00 level=DEBUG msg="WordStore.GetRecord called" user_id=13 word_id=6697
time=2026-06-05T08:54:07.764+08:00 level=DEBUG msg="word_record not found" user_id=13 word_id=6697
time=2026-06-05T08:54:07.766+08:00 level=DEBUG msg="WordStore.GetRecord called" user_id=13 word_id=6706
time=2026-06-05T08:54:07.770+08:00 level=DEBUG msg="word_record not found" user_id=13 word_id=6706
time=2026-06-05T08:54:07.771+08:00 level=DEBUG msg="WordStore.GetRecord called" user_id=13 word_id=6721
time=2026-06-05T08:54:07.771+08:00 level=DEBUG msg="word_record not found" user_id=13 word_id=6721
time=2026-06-05T08:54:07.772+08:00 level=DEBUG msg="WordStore.GetRecord called" user_id=13 word_id=6730
time=2026-06-05T08:54:07.773+08:00 level=DEBUG msg="word_record not found" user_id=13 word_id=6730
time=2026-06-05T08:54:07.773+08:00 level=DEBUG msg="WordStore.GetRecord called" user_id=13 word_id=6752
time=2026-06-05T08:54:07.775+08:00 level=DEBUG msg="word_record not found" user_id=13 word_id=6752
time=2026-06-05T08:54:07.777+08:00 level=DEBUG msg="WordStore.GetRecord called" user_id=13 word_id=6764
time=2026-06-05T08:54:07.780+08:00 level=DEBUG msg="word_record not found" user_id=13 word_id=6764
time=2026-06-05T08:54:07.782+08:00 level=DEBUG msg="WordStore.GetRecord called" user_id=13 word_id=6771
time=2026-06-05T08:54:07.783+08:00 level=DEBUG msg="word_record not found" user_id=13 word_id=6771
time=2026-06-05T08:54:07.788+08:00 level=DEBUG msg="WordStore.GetRecord called" user_id=13 word_id=6778
time=2026-06-05T08:54:07.791+08:00 level=DEBUG msg="word_record not found" user_id=13 word_id=6778
time=2026-06-05T08:54:07.793+08:00 level=DEBUG msg="WordStore.GetRecord called" user_id=13 word_id=6791
time=2026-06-05T08:54:07.794+08:00 level=DEBUG msg="word_record not found" user_id=13 word_id=6791
time=2026-06-05T08:54:07.794+08:00 level=DEBUG msg="WordStore.GetRecord called" user_id=13 word_id=6803
time=2026-06-05T08:54:07.795+08:00 level=DEBUG msg="word_record not found" user_id=13 word_id=6803
time=2026-06-05T08:54:07.798+08:00 level=DEBUG msg="WordStore.GetRecord called" user_id=13 word_id=6804
time=2026-06-05T08:54:07.800+08:00 level=DEBUG msg="word_record not found" user_id=13 word_id=6804
time=2026-06-05T08:54:07.801+08:00 level=DEBUG msg="WordStore.GetRecord called" user_id=13 word_id=6825
time=2026-06-05T08:54:07.802+08:00 level=DEBUG msg="word_record not found" user_id=13 word_id=6825
time=2026-06-05T08:54:07.804+08:00 level=DEBUG msg="WordService.GetReviewQueue done" user_id=13 count=114
time=2026-06-05T08:54:07.805+08:00 level=DEBUG msg="UserStore.GetDailyGoals called" user_id=13
time=2026-06-05T08:54:07.806+08:00 level=DEBUG msg="UserStore.GetDailyGoals done" user_id=13
time=2026-06-05T08:54:08.116+08:00 level=DEBUG msg="WordService.GetReviewQueue called" user_id=13 level=N5
time=2026-06-05T08:54:08.117+08:00 level=DEBUG msg="WordStoreAdapter.ListDueRecords called" user_id=13
time=2026-06-05T08:54:08.118+08:00 level=DEBUG msg="WordStore.ListDueRecords called" user_id=13 limit=200
time=2026-06-05T08:54:08.119+08:00 level=DEBUG msg="WordStore.ListDueRecords done" user_id=13 count=0
time=2026-06-05T08:54:08.121+08:00 level=DEBUG msg="WordStoreAdapter.ListByLevel called" level=N5
time=2026-06-05T08:54:08.122+08:00 level=DEBUG msg="WordStore.ListByLevel called" level=N5 page=1 size=10000
time=2026-06-05T08:54:08.124+08:00 level=DEBUG msg="WordStore.ListByLevel done" level=N5 count=114 total=114
time=2026-06-05T08:54:08.126+08:00 level=DEBUG msg="WordStore.GetRecord called" user_id=13 word_id=2472
time=2026-06-05T08:54:08.128+08:00 level=DEBUG msg="word_record not found" user_id=13 word_id=2472
time=2026-06-05T08:54:08.129+08:00 level=DEBUG msg="WordStore.GetRecord called" user_id=13 word_id=2482
time=2026-06-05T08:54:08.130+08:00 level=DEBUG msg="word_record not found" user_id=13 word_id=2482
time=2026-06-05T08:54:08.131+08:00 level=DEBUG msg="WordStore.GetRecord called" user_id=13 word_id=2641
time=2026-06-05T08:54:08.132+08:00 level=DEBUG msg="word_record not found" user_id=13 word_id=2641
time=2026-06-05T08:54:08.133+08:00 level=DEBUG msg="WordStore.GetRecord called" user_id=13 word_id=2642
time=2026-06-05T08:54:08.134+08:00 level=DEBUG msg="word_record not found" user_id=13 word_id=2642
time=2026-06-05T08:54:08.135+08:00 level=DEBUG msg="WordStore.GetRecord called" user_id=13 word_id=2643
time=2026-06-05T08:54:08.138+08:00 level=DEBUG msg="word_record not found" user_id=13 word_id=2643
time=2026-06-05T08:54:08.140+08:00 level=DEBUG msg="WordStore.GetRecord called" user_id=13 word_id=2644
time=2026-06-05T08:54:08.141+08:00 level=DEBUG msg="word_record not found" user_id=13 word_id=2644
time=2026-06-05T08:54:08.142+08:00 level=DEBUG msg="WordStore.GetRecord called" user_id=13 word_id=2645
time=2026-06-05T08:54:08.144+08:00 level=DEBUG msg="word_record not found" user_id=13 word_id=2645
time=2026-06-05T08:54:08.145+08:00 level=DEBUG msg="WordStore.GetRecord called" user_id=13 word_id=2646
time=2026-06-05T08:54:08.146+08:00 level=DEBUG msg="word_record not found" user_id=13 word_id=2646
time=2026-06-05T08:54:08.147+08:00 level=DEBUG msg="WordStore.GetRecord called" user_id=13 word_id=2647
time=2026-06-05T08:54:08.148+08:00 level=DEBUG msg="word_record not found" user_id=13 word_id=2647
time=2026-06-05T08:54:08.150+08:00 level=DEBUG msg="WordStore.GetRecord called" user_id=13 word_id=2648
time=2026-06-05T08:54:08.151+08:00 level=DEBUG msg="word_record not found" user_id=13 word_id=2648
time=2026-06-05T08:54:08.153+08:00 level=DEBUG msg="WordStore.GetRecord called" user_id=13 word_id=2649
time=2026-06-05T08:54:08.155+08:00 level=DEBUG msg="word_record not found" user_id=13 word_id=2649
time=2026-06-05T08:54:08.156+08:00 level=DEBUG msg="WordStore.GetRecord called" user_id=13 word_id=2650
time=2026-06-05T08:54:08.157+08:00 level=DEBUG msg="word_record not found" user_id=13 word_id=2650
time=2026-06-05T08:54:08.159+08:00 level=DEBUG msg="WordStore.GetRecord called" user_id=13 word_id=2651
time=2026-06-05T08:54:08.160+08:00 level=DEBUG msg="word_record not found" user_id=13 word_id=2651
time=2026-06-05T08:54:08.161+08:00 level=DEBUG msg="WordStore.GetRecord called" user_id=13 word_id=2652
time=2026-06-05T08:54:08.163+08:00 level=DEBUG msg="word_record not found" user_id=13 word_id=2652
time=2026-06-05T08:54:08.164+08:00 level=DEBUG msg="WordStore.GetRecord called" user_id=13 word_id=2653
time=2026-06-05T08:54:08.165+08:00 level=DEBUG msg="word_record not found" user_id=13 word_id=2653
time=2026-06-05T08:54:08.166+08:00 level=DEBUG msg="WordStore.GetRecord called" user_id=13 word_id=2654
time=2026-06-05T08:54:08.167+08:00 level=DEBUG msg="word_record not found" user_id=13 word_id=2654
time=2026-06-05T08:54:08.169+08:00 level=DEBUG msg="WordStore.GetRecord called" user_id=13 word_id=2655
time=2026-06-05T08:54:08.171+08:00 level=DEBUG msg="word_record not found" user_id=13 word_id=2655
time=2026-06-05T08:54:08.173+08:00 level=DEBUG msg="WordStore.GetRecord called" user_id=13 word_id=2656
time=2026-06-05T08:54:08.175+08:00 level=DEBUG msg="word_record not found" user_id=13 word_id=2656
time=2026-06-05T08:54:08.177+08:00 level=DEBUG msg="WordStore.GetRecord called" user_id=13 word_id=2657
time=2026-06-05T08:54:08.180+08:00 level=DEBUG msg="word_record not found" user_id=13 word_id=2657
time=2026-06-05T08:54:08.182+08:00 level=DEBUG msg="WordStore.GetRecord called" user_id=13 word_id=2658
time=2026-06-05T08:54:08.184+08:00 level=DEBUG msg="word_record not found" user_id=13 word_id=2658
time=2026-06-05T08:54:08.186+08:00 level=DEBUG msg="WordStore.GetRecord called" user_id=13 word_id=2659
time=2026-06-05T08:54:08.188+08:00 level=DEBUG msg="word_record not found" user_id=13 word_id=2659
time=2026-06-05T08:54:08.189+08:00 level=DEBUG msg="WordStore.GetRecord called" user_id=13 word_id=2660
time=2026-06-05T08:54:08.192+08:00 level=DEBUG msg="word_record not found" user_id=13 word_id=2660
time=2026-06-05T08:54:08.193+08:00 level=DEBUG msg="WordStore.GetRecord called" user_id=13 word_id=2661
time=2026-06-05T08:54:08.196+08:00 level=DEBUG msg="word_record not found" user_id=13 word_id=2661
time=2026-06-05T08:54:08.197+08:00 level=DEBUG msg="WordStore.GetRecord called" user_id=13 word_id=2662
time=2026-06-05T08:54:08.198+08:00 level=DEBUG msg="word_record not found" user_id=13 word_id=2662
time=2026-06-05T08:54:08.200+08:00 level=DEBUG msg="WordStore.GetRecord called" user_id=13 word_id=2663
time=2026-06-05T08:54:08.201+08:00 level=DEBUG msg="word_record not found" user_id=13 word_id=2663
time=2026-06-05T08:54:08.202+08:00 level=DEBUG msg="WordStore.GetRecord called" user_id=13 word_id=2664
time=2026-06-05T08:54:08.204+08:00 level=DEBUG msg="word_record not found" user_id=13 word_id=2664
time=2026-06-05T08:54:08.206+08:00 level=DEBUG msg="WordStore.GetRecord called" user_id=13 word_id=2665
time=2026-06-05T08:54:08.207+08:00 level=DEBUG msg="word_record not found" user_id=13 word_id=2665
time=2026-06-05T08:54:08.209+08:00 level=DEBUG msg="WordStore.GetRecord called" user_id=13 word_id=2666
time=2026-06-05T08:54:08.212+08:00 level=DEBUG msg="word_record not found" user_id=13 word_id=2666
time=2026-06-05T08:54:08.213+08:00 level=DEBUG msg="WordStore.GetRecord called" user_id=13 word_id=2667
time=2026-06-05T08:54:08.214+08:00 level=DEBUG msg="word_record not found" user_id=13 word_id=2667
time=2026-06-05T08:54:08.217+08:00 level=DEBUG msg="WordStore.GetRecord called" user_id=13 word_id=2668
time=2026-06-05T08:54:08.218+08:00 level=DEBUG msg="word_record not found" user_id=13 word_id=2668
time=2026-06-05T08:54:08.219+08:00 level=DEBUG msg="WordStore.GetRecord called" user_id=13 word_id=2669
time=2026-06-05T08:54:08.270+08:00 level=DEBUG msg="word_record not found" user_id=13 word_id=2669
time=2026-06-05T08:54:08.327+08:00 level=DEBUG msg="WordStore.GetRecord called" user_id=13 word_id=2670
time=2026-06-05T08:54:08.328+08:00 level=DEBUG msg="word_record not found" user_id=13 word_id=2670
time=2026-06-05T08:54:08.329+08:00 level=DEBUG msg="WordStore.GetRecord called" user_id=13 word_id=2671
time=2026-06-05T08:54:08.331+08:00 level=DEBUG msg="word_record not found" user_id=13 word_id=2671
time=2026-06-05T08:54:08.332+08:00 level=DEBUG msg="WordStore.GetRecord called" user_id=13 word_id=2672
time=2026-06-05T08:54:08.333+08:00 level=DEBUG msg="word_record not found" user_id=13 word_id=2672
time=2026-06-05T08:54:08.334+08:00 level=DEBUG msg="WordStore.GetRecord called" user_id=13 word_id=2673
time=2026-06-05T08:54:08.336+08:00 level=DEBUG msg="word_record not found" user_id=13 word_id=2673
time=2026-06-05T08:54:08.337+08:00 level=DEBUG msg="WordStore.GetRecord called" user_id=13 word_id=2674
time=2026-06-05T08:54:08.338+08:00 level=DEBUG msg="word_record not found" user_id=13 word_id=2674
time=2026-06-05T08:54:08.339+08:00 level=DEBUG msg="WordStore.GetRecord called" user_id=13 word_id=2675
time=2026-06-05T08:54:08.340+08:00 level=DEBUG msg="word_record not found" user_id=13 word_id=2675
time=2026-06-05T08:54:08.341+08:00 level=DEBUG msg="WordStore.GetRecord called" user_id=13 word_id=2676
time=2026-06-05T08:54:08.342+08:00 level=DEBUG msg="word_record not found" user_id=13 word_id=2676
time=2026-06-05T08:54:08.343+08:00 level=DEBUG msg="WordStore.GetRecord called" user_id=13 word_id=2677
time=2026-06-05T08:54:08.345+08:00 level=DEBUG msg="word_record not found" user_id=13 word_id=2677
time=2026-06-05T08:54:08.346+08:00 level=DEBUG msg="WordStore.GetRecord called" user_id=13 word_id=2678
time=2026-06-05T08:54:08.348+08:00 level=DEBUG msg="word_record not found" user_id=13 word_id=2678
time=2026-06-05T08:54:08.351+08:00 level=DEBUG msg="WordStore.GetRecord called" user_id=13 word_id=2679
time=2026-06-05T08:54:08.353+08:00 level=DEBUG msg="word_record not found" user_id=13 word_id=2679
time=2026-06-05T08:54:08.354+08:00 level=DEBUG msg="WordStore.GetRecord called" user_id=13 word_id=2680
time=2026-06-05T08:54:08.355+08:00 level=DEBUG msg="word_record not found" user_id=13 word_id=2680
time=2026-06-05T08:54:08.356+08:00 level=DEBUG msg="WordStore.GetRecord called" user_id=13 word_id=2681
time=2026-06-05T08:54:08.357+08:00 level=DEBUG msg="word_record not found" user_id=13 word_id=2681
time=2026-06-05T08:54:08.358+08:00 level=DEBUG msg="WordStore.GetRecord called" user_id=13 word_id=2682
time=2026-06-05T08:54:08.359+08:00 level=DEBUG msg="word_record not found" user_id=13 word_id=2682
time=2026-06-05T08:54:08.360+08:00 level=DEBUG msg="WordStore.GetRecord called" user_id=13 word_id=2683
time=2026-06-05T08:54:08.363+08:00 level=DEBUG msg="word_record not found" user_id=13 word_id=2683
time=2026-06-05T08:54:08.364+08:00 level=DEBUG msg="WordStore.GetRecord called" user_id=13 word_id=2684
time=2026-06-05T08:54:08.366+08:00 level=DEBUG msg="word_record not found" user_id=13 word_id=2684
time=2026-06-05T08:54:08.368+08:00 level=DEBUG msg="WordStore.GetRecord called" user_id=13 word_id=2686
time=2026-06-05T08:54:08.371+08:00 level=DEBUG msg="word_record not found" user_id=13 word_id=2686
time=2026-06-05T08:54:08.372+08:00 level=DEBUG msg="WordStore.GetRecord called" user_id=13 word_id=2687
time=2026-06-05T08:54:08.374+08:00 level=DEBUG msg="word_record not found" user_id=13 word_id=2687
time=2026-06-05T08:54:08.376+08:00 level=DEBUG msg="WordStore.GetRecord called" user_id=13 word_id=2688
time=2026-06-05T08:54:08.377+08:00 level=DEBUG msg="word_record not found" user_id=13 word_id=2688
time=2026-06-05T08:54:08.378+08:00 level=DEBUG msg="WordStore.GetRecord called" user_id=13 word_id=2689
time=2026-06-05T08:54:08.381+08:00 level=DEBUG msg="word_record not found" user_id=13 word_id=2689
time=2026-06-05T08:54:08.382+08:00 level=DEBUG msg="WordStore.GetRecord called" user_id=13 word_id=2690
time=2026-06-05T08:54:08.383+08:00 level=DEBUG msg="word_record not found" user_id=13 word_id=2690
time=2026-06-05T08:54:08.384+08:00 level=DEBUG msg="WordStore.GetRecord called" user_id=13 word_id=2691
time=2026-06-05T08:54:08.386+08:00 level=DEBUG msg="word_record not found" user_id=13 word_id=2691
time=2026-06-05T08:54:08.387+08:00 level=DEBUG msg="WordStore.GetRecord called" user_id=13 word_id=2692
time=2026-06-05T08:54:08.388+08:00 level=DEBUG msg="word_record not found" user_id=13 word_id=2692
time=2026-06-05T08:54:08.389+08:00 level=DEBUG msg="WordStore.GetRecord called" user_id=13 word_id=2693
time=2026-06-05T08:54:08.391+08:00 level=DEBUG msg="word_record not found" user_id=13 word_id=2693
time=2026-06-05T08:54:08.393+08:00 level=DEBUG msg="WordStore.GetRecord called" user_id=13 word_id=2694
time=2026-06-05T08:54:08.395+08:00 level=DEBUG msg="word_record not found" user_id=13 word_id=2694
time=2026-06-05T08:54:08.396+08:00 level=DEBUG msg="WordStore.GetRecord called" user_id=13 word_id=2695
time=2026-06-05T08:54:08.399+08:00 level=DEBUG msg="word_record not found" user_id=13 word_id=2695
time=2026-06-05T08:54:08.400+08:00 level=DEBUG msg="WordStore.GetRecord called" user_id=13 word_id=2696
time=2026-06-05T08:54:08.401+08:00 level=DEBUG msg="word_record not found" user_id=13 word_id=2696
time=2026-06-05T08:54:08.402+08:00 level=DEBUG msg="WordStore.GetRecord called" user_id=13 word_id=2697
time=2026-06-05T08:54:08.404+08:00 level=DEBUG msg="word_record not found" user_id=13 word_id=2697
time=2026-06-05T08:54:08.405+08:00 level=DEBUG msg="WordStore.GetRecord called" user_id=13 word_id=2698
time=2026-06-05T08:54:08.408+08:00 level=DEBUG msg="word_record not found" user_id=13 word_id=2698
time=2026-06-05T08:54:08.409+08:00 level=DEBUG msg="WordStore.GetRecord called" user_id=13 word_id=2699
time=2026-06-05T08:54:08.410+08:00 level=DEBUG msg="word_record not found" user_id=13 word_id=2699
time=2026-06-05T08:54:08.414+08:00 level=DEBUG msg="WordStore.GetRecord called" user_id=13 word_id=2700
time=2026-06-05T08:54:08.415+08:00 level=DEBUG msg="word_record not found" user_id=13 word_id=2700
time=2026-06-05T08:54:08.416+08:00 level=DEBUG msg="WordStore.GetRecord called" user_id=13 word_id=4006
time=2026-06-05T08:54:08.419+08:00 level=DEBUG msg="word_record not found" user_id=13 word_id=4006
time=2026-06-05T08:54:08.420+08:00 level=DEBUG msg="WordStore.GetRecord called" user_id=13 word_id=4012
time=2026-06-05T08:54:08.421+08:00 level=DEBUG msg="word_record not found" user_id=13 word_id=4012
time=2026-06-05T08:54:08.423+08:00 level=DEBUG msg="WordStore.GetRecord called" user_id=13 word_id=4048
time=2026-06-05T08:54:08.425+08:00 level=DEBUG msg="word_record not found" user_id=13 word_id=4048
time=2026-06-05T08:54:08.426+08:00 level=DEBUG msg="WordStore.GetRecord called" user_id=13 word_id=4072
time=2026-06-05T08:54:08.427+08:00 level=DEBUG msg="word_record not found" user_id=13 word_id=4072
time=2026-06-05T08:54:08.428+08:00 level=DEBUG msg="WordStore.GetRecord called" user_id=13 word_id=4081
time=2026-06-05T08:54:08.430+08:00 level=DEBUG msg="word_record not found" user_id=13 word_id=4081
time=2026-06-05T08:54:08.433+08:00 level=DEBUG msg="WordStore.GetRecord called" user_id=13 word_id=4134
time=2026-06-05T08:54:08.434+08:00 level=DEBUG msg="word_record not found" user_id=13 word_id=4134
time=2026-06-05T08:54:08.435+08:00 level=DEBUG msg="WordStore.GetRecord called" user_id=13 word_id=4147
time=2026-06-05T08:54:08.436+08:00 level=DEBUG msg="word_record not found" user_id=13 word_id=4147
time=2026-06-05T08:54:08.437+08:00 level=DEBUG msg="WordStore.GetRecord called" user_id=13 word_id=6511
time=2026-06-05T08:54:08.439+08:00 level=DEBUG msg="word_record not found" user_id=13 word_id=6511
time=2026-06-05T08:54:08.440+08:00 level=DEBUG msg="WordStore.GetRecord called" user_id=13 word_id=6519
time=2026-06-05T08:54:08.442+08:00 level=DEBUG msg="word_record not found" user_id=13 word_id=6519
time=2026-06-05T08:54:08.444+08:00 level=DEBUG msg="WordStore.GetRecord called" user_id=13 word_id=6520
time=2026-06-05T08:54:08.446+08:00 level=DEBUG msg="word_record not found" user_id=13 word_id=6520
time=2026-06-05T08:54:08.449+08:00 level=DEBUG msg="WordStore.GetRecord called" user_id=13 word_id=6525
time=2026-06-05T08:54:08.451+08:00 level=DEBUG msg="word_record not found" user_id=13 word_id=6525
time=2026-06-05T08:54:08.452+08:00 level=DEBUG msg="WordStore.GetRecord called" user_id=13 word_id=6526
time=2026-06-05T08:54:08.453+08:00 level=DEBUG msg="word_record not found" user_id=13 word_id=6526
time=2026-06-05T08:54:08.454+08:00 level=DEBUG msg="WordStore.GetRecord called" user_id=13 word_id=6530
time=2026-06-05T08:54:08.455+08:00 level=DEBUG msg="word_record not found" user_id=13 word_id=6530
time=2026-06-05T08:54:08.457+08:00 level=DEBUG msg="WordStore.GetRecord called" user_id=13 word_id=6531
time=2026-06-05T08:54:08.460+08:00 level=DEBUG msg="word_record not found" user_id=13 word_id=6531
time=2026-06-05T08:54:08.461+08:00 level=DEBUG msg="WordStore.GetRecord called" user_id=13 word_id=6532
time=2026-06-05T08:54:08.462+08:00 level=DEBUG msg="word_record not found" user_id=13 word_id=6532
time=2026-06-05T08:54:08.463+08:00 level=DEBUG msg="WordStore.GetRecord called" user_id=13 word_id=6538
time=2026-06-05T08:54:08.465+08:00 level=DEBUG msg="word_record not found" user_id=13 word_id=6538
time=2026-06-05T08:54:08.466+08:00 level=DEBUG msg="WordStore.GetRecord called" user_id=13 word_id=6539
time=2026-06-05T08:54:08.469+08:00 level=DEBUG msg="word_record not found" user_id=13 word_id=6539
time=2026-06-05T08:54:08.471+08:00 level=DEBUG msg="WordStore.GetRecord called" user_id=13 word_id=6541
time=2026-06-05T08:54:08.472+08:00 level=DEBUG msg="word_record not found" user_id=13 word_id=6541
time=2026-06-05T08:54:08.473+08:00 level=DEBUG msg="WordStore.GetRecord called" user_id=13 word_id=6542
time=2026-06-05T08:54:08.475+08:00 level=DEBUG msg="word_record not found" user_id=13 word_id=6542
time=2026-06-05T08:54:08.476+08:00 level=DEBUG msg="WordStore.GetRecord called" user_id=13 word_id=6553
time=2026-06-05T08:54:08.478+08:00 level=DEBUG msg="word_record not found" user_id=13 word_id=6553
time=2026-06-05T08:54:08.478+08:00 level=DEBUG msg="WordStore.GetRecord called" user_id=13 word_id=6554
time=2026-06-05T08:54:08.482+08:00 level=DEBUG msg="word_record not found" user_id=13 word_id=6554
time=2026-06-05T08:54:08.492+08:00 level=DEBUG msg="WordStore.GetRecord called" user_id=13 word_id=6564
time=2026-06-05T08:54:08.494+08:00 level=DEBUG msg="word_record not found" user_id=13 word_id=6564
time=2026-06-05T08:54:08.496+08:00 level=DEBUG msg="WordStore.GetRecord called" user_id=13 word_id=6579
time=2026-06-05T08:54:08.498+08:00 level=DEBUG msg="word_record not found" user_id=13 word_id=6579
time=2026-06-05T08:54:08.500+08:00 level=DEBUG msg="WordStore.GetRecord called" user_id=13 word_id=6584
time=2026-06-05T08:54:08.500+08:00 level=DEBUG msg="word_record not found" user_id=13 word_id=6584
time=2026-06-05T08:54:08.501+08:00 level=DEBUG msg="WordStore.GetRecord called" user_id=13 word_id=6594
time=2026-06-05T08:54:08.502+08:00 level=DEBUG msg="word_record not found" user_id=13 word_id=6594
time=2026-06-05T08:54:08.503+08:00 level=DEBUG msg="WordStore.GetRecord called" user_id=13 word_id=6597
time=2026-06-05T08:54:08.503+08:00 level=DEBUG msg="word_record not found" user_id=13 word_id=6597
time=2026-06-05T08:54:08.504+08:00 level=DEBUG msg="WordStore.GetRecord called" user_id=13 word_id=6598
time=2026-06-05T08:54:08.504+08:00 level=DEBUG msg="word_record not found" user_id=13 word_id=6598
time=2026-06-05T08:54:08.506+08:00 level=DEBUG msg="WordStore.GetRecord called" user_id=13 word_id=6599
time=2026-06-05T08:54:08.507+08:00 level=DEBUG msg="word_record not found" user_id=13 word_id=6599
time=2026-06-05T08:54:08.508+08:00 level=DEBUG msg="WordStore.GetRecord called" user_id=13 word_id=6602
time=2026-06-05T08:54:08.508+08:00 level=DEBUG msg="word_record not found" user_id=13 word_id=6602
time=2026-06-05T08:54:08.509+08:00 level=DEBUG msg="WordStore.GetRecord called" user_id=13 word_id=6603
time=2026-06-05T08:54:08.510+08:00 level=DEBUG msg="word_record not found" user_id=13 word_id=6603
time=2026-06-05T08:54:08.511+08:00 level=DEBUG msg="WordStore.GetRecord called" user_id=13 word_id=6606
time=2026-06-05T08:54:08.511+08:00 level=DEBUG msg="word_record not found" user_id=13 word_id=6606
time=2026-06-05T08:54:08.512+08:00 level=DEBUG msg="WordStore.GetRecord called" user_id=13 word_id=6613
time=2026-06-05T08:54:08.513+08:00 level=DEBUG msg="word_record not found" user_id=13 word_id=6613
time=2026-06-05T08:54:08.513+08:00 level=DEBUG msg="WordStore.GetRecord called" user_id=13 word_id=6622
time=2026-06-05T08:54:08.514+08:00 level=DEBUG msg="word_record not found" user_id=13 word_id=6622
time=2026-06-05T08:54:08.515+08:00 level=DEBUG msg="WordStore.GetRecord called" user_id=13 word_id=6647
time=2026-06-05T08:54:08.516+08:00 level=DEBUG msg="word_record not found" user_id=13 word_id=6647
time=2026-06-05T08:54:08.517+08:00 level=DEBUG msg="WordStore.GetRecord called" user_id=13 word_id=6667
time=2026-06-05T08:54:08.519+08:00 level=DEBUG msg="word_record not found" user_id=13 word_id=6667
time=2026-06-05T08:54:08.625+08:00 level=DEBUG msg="WordStore.GetRecord called" user_id=13 word_id=6672
time=2026-06-05T08:54:08.626+08:00 level=DEBUG msg="word_record not found" user_id=13 word_id=6672
time=2026-06-05T08:54:08.626+08:00 level=DEBUG msg="WordStore.GetRecord called" user_id=13 word_id=6680
time=2026-06-05T08:54:08.627+08:00 level=DEBUG msg="word_record not found" user_id=13 word_id=6680
time=2026-06-05T08:54:08.628+08:00 level=DEBUG msg="WordStore.GetRecord called" user_id=13 word_id=6682
time=2026-06-05T08:54:08.629+08:00 level=DEBUG msg="word_record not found" user_id=13 word_id=6682
time=2026-06-05T08:54:08.630+08:00 level=DEBUG msg="WordStore.GetRecord called" user_id=13 word_id=6686
time=2026-06-05T08:54:08.631+08:00 level=DEBUG msg="word_record not found" user_id=13 word_id=6686
time=2026-06-05T08:54:08.633+08:00 level=DEBUG msg="WordStore.GetRecord called" user_id=13 word_id=6692
time=2026-06-05T08:54:08.634+08:00 level=DEBUG msg="word_record not found" user_id=13 word_id=6692
time=2026-06-05T08:54:08.635+08:00 level=DEBUG msg="WordStore.GetRecord called" user_id=13 word_id=6694
time=2026-06-05T08:54:08.637+08:00 level=DEBUG msg="word_record not found" user_id=13 word_id=6694
time=2026-06-05T08:54:08.639+08:00 level=DEBUG msg="WordStore.GetRecord called" user_id=13 word_id=6697
time=2026-06-05T08:54:08.641+08:00 level=DEBUG msg="word_record not found" user_id=13 word_id=6697
time=2026-06-05T08:54:08.642+08:00 level=DEBUG msg="WordStore.GetRecord called" user_id=13 word_id=6706
time=2026-06-05T08:54:08.781+08:00 level=DEBUG msg="word_record not found" user_id=13 word_id=6706
time=2026-06-05T08:54:08.782+08:00 level=DEBUG msg="WordStore.GetRecord called" user_id=13 word_id=6721
time=2026-06-05T08:54:08.783+08:00 level=DEBUG msg="word_record not found" user_id=13 word_id=6721
time=2026-06-05T08:54:08.784+08:00 level=DEBUG msg="WordStore.GetRecord called" user_id=13 word_id=6730
time=2026-06-05T08:54:08.786+08:00 level=DEBUG msg="word_record not found" user_id=13 word_id=6730
time=2026-06-05T08:54:08.787+08:00 level=DEBUG msg="WordStore.GetRecord called" user_id=13 word_id=6752
time=2026-06-05T08:54:08.788+08:00 level=DEBUG msg="word_record not found" user_id=13 word_id=6752
time=2026-06-05T08:54:08.790+08:00 level=DEBUG msg="WordStore.GetRecord called" user_id=13 word_id=6764
time=2026-06-05T08:54:08.792+08:00 level=DEBUG msg="word_record not found" user_id=13 word_id=6764
time=2026-06-05T08:54:08.793+08:00 level=DEBUG msg="WordStore.GetRecord called" user_id=13 word_id=6771
time=2026-06-05T08:54:08.794+08:00 level=DEBUG msg="word_record not found" user_id=13 word_id=6771
time=2026-06-05T08:54:08.796+08:00 level=DEBUG msg="WordStore.GetRecord called" user_id=13 word_id=6778
time=2026-06-05T08:54:08.797+08:00 level=DEBUG msg="word_record not found" user_id=13 word_id=6778
time=2026-06-05T08:54:08.799+08:00 level=DEBUG msg="WordStore.GetRecord called" user_id=13 word_id=6791
time=2026-06-05T08:54:08.800+08:00 level=DEBUG msg="word_record not found" user_id=13 word_id=6791
time=2026-06-05T08:54:08.803+08:00 level=DEBUG msg="WordStore.GetRecord called" user_id=13 word_id=6803
time=2026-06-05T08:54:08.804+08:00 level=DEBUG msg="word_record not found" user_id=13 word_id=6803
time=2026-06-05T08:54:08.805+08:00 level=DEBUG msg="WordStore.GetRecord called" user_id=13 word_id=6804
time=2026-06-05T08:54:08.807+08:00 level=DEBUG msg="word_record not found" user_id=13 word_id=6804
time=2026-06-05T08:54:08.808+08:00 level=DEBUG msg="WordStore.GetRecord called" user_id=13 word_id=6825
time=2026-06-05T08:54:08.810+08:00 level=DEBUG msg="word_record not found" user_id=13 word_id=6825
time=2026-06-05T08:54:08.812+08:00 level=DEBUG msg="WordService.GetReviewQueue done" user_id=13 count=114
time=2026-06-05T08:54:08.813+08:00 level=DEBUG msg="UserStore.GetDailyGoals called" user_id=13
time=2026-06-05T08:54:08.814+08:00 level=DEBUG msg="UserStore.GetDailyGoals done" user_id=13
exit status 0xffffffff
